[2024-09-08T00:00:10.178+0000] {processor.py:157} INFO - Started process (PID=4275) to work on /opt/airflow/dags/reddit_dag.py
[2024-09-08T00:00:10.179+0000] {processor.py:829} INFO - Processing file /opt/airflow/dags/reddit_dag.py for tasks to queue
[2024-09-08T00:00:10.182+0000] {logging_mixin.py:151} INFO - [2024-09-08T00:00:10.182+0000] {dagbag.py:536} INFO - Filling up the DagBag from /opt/airflow/dags/reddit_dag.py
[2024-09-08T00:00:10.424+0000] {processor.py:839} INFO - DAG(s) dict_keys(['elt_reddit_pipeline']) retrieved from /opt/airflow/dags/reddit_dag.py
[2024-09-08T00:00:10.577+0000] {logging_mixin.py:151} INFO - [2024-09-08T00:00:10.576+0000] {dag.py:2941} INFO - Sync 1 DAGs
[2024-09-08T00:00:10.585+0000] {logging_mixin.py:151} INFO - [2024-09-08T00:00:10.585+0000] {dag.py:3722} INFO - Setting next_dagrun for elt_reddit_pipeline to 2024-09-08T00:00:00+00:00, run_after=2024-09-09T00:00:00+00:00
[2024-09-08T00:00:10.594+0000] {processor.py:179} INFO - Processing /opt/airflow/dags/reddit_dag.py took 0.421 seconds
[2024-09-08T00:00:40.755+0000] {processor.py:157} INFO - Started process (PID=4277) to work on /opt/airflow/dags/reddit_dag.py
[2024-09-08T00:00:40.757+0000] {processor.py:829} INFO - Processing file /opt/airflow/dags/reddit_dag.py for tasks to queue
[2024-09-08T00:00:40.760+0000] {logging_mixin.py:151} INFO - [2024-09-08T00:00:40.760+0000] {dagbag.py:536} INFO - Filling up the DagBag from /opt/airflow/dags/reddit_dag.py
[2024-09-08T00:00:40.999+0000] {processor.py:839} INFO - DAG(s) dict_keys(['elt_reddit_pipeline']) retrieved from /opt/airflow/dags/reddit_dag.py
[2024-09-08T00:00:41.089+0000] {logging_mixin.py:151} INFO - [2024-09-08T00:00:41.088+0000] {dag.py:2941} INFO - Sync 1 DAGs
[2024-09-08T00:00:41.098+0000] {logging_mixin.py:151} INFO - [2024-09-08T00:00:41.098+0000] {dag.py:3722} INFO - Setting next_dagrun for elt_reddit_pipeline to 2024-09-08T00:00:00+00:00, run_after=2024-09-09T00:00:00+00:00
[2024-09-08T00:00:41.106+0000] {processor.py:179} INFO - Processing /opt/airflow/dags/reddit_dag.py took 0.356 seconds
[2024-09-08T00:01:11.585+0000] {processor.py:157} INFO - Started process (PID=4279) to work on /opt/airflow/dags/reddit_dag.py
[2024-09-08T00:01:11.586+0000] {processor.py:829} INFO - Processing file /opt/airflow/dags/reddit_dag.py for tasks to queue
[2024-09-08T00:01:11.590+0000] {logging_mixin.py:151} INFO - [2024-09-08T00:01:11.590+0000] {dagbag.py:536} INFO - Filling up the DagBag from /opt/airflow/dags/reddit_dag.py
[2024-09-08T00:01:11.831+0000] {processor.py:839} INFO - DAG(s) dict_keys(['elt_reddit_pipeline']) retrieved from /opt/airflow/dags/reddit_dag.py
[2024-09-08T00:01:11.843+0000] {logging_mixin.py:151} INFO - [2024-09-08T00:01:11.843+0000] {dag.py:2941} INFO - Sync 1 DAGs
[2024-09-08T00:01:11.854+0000] {logging_mixin.py:151} INFO - [2024-09-08T00:01:11.854+0000] {dag.py:3722} INFO - Setting next_dagrun for elt_reddit_pipeline to 2024-09-08T00:00:00+00:00, run_after=2024-09-09T00:00:00+00:00
[2024-09-08T00:01:11.862+0000] {processor.py:179} INFO - Processing /opt/airflow/dags/reddit_dag.py took 0.282 seconds
[2024-09-08T00:01:42.035+0000] {processor.py:157} INFO - Started process (PID=4281) to work on /opt/airflow/dags/reddit_dag.py
[2024-09-08T00:01:42.037+0000] {processor.py:829} INFO - Processing file /opt/airflow/dags/reddit_dag.py for tasks to queue
[2024-09-08T00:01:42.041+0000] {logging_mixin.py:151} INFO - [2024-09-08T00:01:42.041+0000] {dagbag.py:536} INFO - Filling up the DagBag from /opt/airflow/dags/reddit_dag.py
[2024-09-08T00:01:42.279+0000] {processor.py:839} INFO - DAG(s) dict_keys(['elt_reddit_pipeline']) retrieved from /opt/airflow/dags/reddit_dag.py
[2024-09-08T00:01:42.292+0000] {logging_mixin.py:151} INFO - [2024-09-08T00:01:42.292+0000] {dag.py:2941} INFO - Sync 1 DAGs
[2024-09-08T00:01:42.303+0000] {logging_mixin.py:151} INFO - [2024-09-08T00:01:42.303+0000] {dag.py:3722} INFO - Setting next_dagrun for elt_reddit_pipeline to 2024-09-08T00:00:00+00:00, run_after=2024-09-09T00:00:00+00:00
[2024-09-08T00:01:42.389+0000] {processor.py:179} INFO - Processing /opt/airflow/dags/reddit_dag.py took 0.359 seconds
[2024-09-08T00:02:12.966+0000] {processor.py:157} INFO - Started process (PID=4283) to work on /opt/airflow/dags/reddit_dag.py
[2024-09-08T00:02:12.968+0000] {processor.py:829} INFO - Processing file /opt/airflow/dags/reddit_dag.py for tasks to queue
[2024-09-08T00:02:12.971+0000] {logging_mixin.py:151} INFO - [2024-09-08T00:02:12.971+0000] {dagbag.py:536} INFO - Filling up the DagBag from /opt/airflow/dags/reddit_dag.py
[2024-09-08T00:02:13.215+0000] {processor.py:839} INFO - DAG(s) dict_keys(['elt_reddit_pipeline']) retrieved from /opt/airflow/dags/reddit_dag.py
[2024-09-08T00:02:13.228+0000] {logging_mixin.py:151} INFO - [2024-09-08T00:02:13.227+0000] {dag.py:2941} INFO - Sync 1 DAGs
[2024-09-08T00:02:13.316+0000] {logging_mixin.py:151} INFO - [2024-09-08T00:02:13.315+0000] {dag.py:3722} INFO - Setting next_dagrun for elt_reddit_pipeline to 2024-09-08T00:00:00+00:00, run_after=2024-09-09T00:00:00+00:00
[2024-09-08T00:02:13.324+0000] {processor.py:179} INFO - Processing /opt/airflow/dags/reddit_dag.py took 0.362 seconds
[2024-09-08T00:02:43.490+0000] {processor.py:157} INFO - Started process (PID=4285) to work on /opt/airflow/dags/reddit_dag.py
[2024-09-08T00:02:43.491+0000] {processor.py:829} INFO - Processing file /opt/airflow/dags/reddit_dag.py for tasks to queue
[2024-09-08T00:02:43.494+0000] {logging_mixin.py:151} INFO - [2024-09-08T00:02:43.494+0000] {dagbag.py:536} INFO - Filling up the DagBag from /opt/airflow/dags/reddit_dag.py
[2024-09-08T00:02:43.733+0000] {processor.py:839} INFO - DAG(s) dict_keys(['elt_reddit_pipeline']) retrieved from /opt/airflow/dags/reddit_dag.py
[2024-09-08T00:02:43.747+0000] {logging_mixin.py:151} INFO - [2024-09-08T00:02:43.746+0000] {dag.py:2941} INFO - Sync 1 DAGs
[2024-09-08T00:02:43.833+0000] {logging_mixin.py:151} INFO - [2024-09-08T00:02:43.833+0000] {dag.py:3722} INFO - Setting next_dagrun for elt_reddit_pipeline to 2024-09-08T00:00:00+00:00, run_after=2024-09-09T00:00:00+00:00
[2024-09-08T00:02:43.841+0000] {processor.py:179} INFO - Processing /opt/airflow/dags/reddit_dag.py took 0.357 seconds
[2024-09-08T00:03:14.258+0000] {processor.py:157} INFO - Started process (PID=4287) to work on /opt/airflow/dags/reddit_dag.py
[2024-09-08T00:03:14.259+0000] {processor.py:829} INFO - Processing file /opt/airflow/dags/reddit_dag.py for tasks to queue
[2024-09-08T00:03:14.263+0000] {logging_mixin.py:151} INFO - [2024-09-08T00:03:14.262+0000] {dagbag.py:536} INFO - Filling up the DagBag from /opt/airflow/dags/reddit_dag.py
[2024-09-08T00:03:14.503+0000] {processor.py:839} INFO - DAG(s) dict_keys(['elt_reddit_pipeline']) retrieved from /opt/airflow/dags/reddit_dag.py
[2024-09-08T00:03:14.592+0000] {logging_mixin.py:151} INFO - [2024-09-08T00:03:14.592+0000] {dag.py:2941} INFO - Sync 1 DAGs
[2024-09-08T00:03:14.602+0000] {logging_mixin.py:151} INFO - [2024-09-08T00:03:14.602+0000] {dag.py:3722} INFO - Setting next_dagrun for elt_reddit_pipeline to 2024-09-08T00:00:00+00:00, run_after=2024-09-09T00:00:00+00:00
[2024-09-08T00:03:14.610+0000] {processor.py:179} INFO - Processing /opt/airflow/dags/reddit_dag.py took 0.357 seconds
[2024-09-08T00:03:44.769+0000] {processor.py:157} INFO - Started process (PID=4289) to work on /opt/airflow/dags/reddit_dag.py
[2024-09-08T00:03:44.770+0000] {processor.py:829} INFO - Processing file /opt/airflow/dags/reddit_dag.py for tasks to queue
[2024-09-08T00:03:44.773+0000] {logging_mixin.py:151} INFO - [2024-09-08T00:03:44.773+0000] {dagbag.py:536} INFO - Filling up the DagBag from /opt/airflow/dags/reddit_dag.py
[2024-09-08T00:03:45.091+0000] {processor.py:839} INFO - DAG(s) dict_keys(['elt_reddit_pipeline']) retrieved from /opt/airflow/dags/reddit_dag.py
[2024-09-08T00:03:45.103+0000] {logging_mixin.py:151} INFO - [2024-09-08T00:03:45.102+0000] {dag.py:2941} INFO - Sync 1 DAGs
[2024-09-08T00:03:45.112+0000] {logging_mixin.py:151} INFO - [2024-09-08T00:03:45.112+0000] {dag.py:3722} INFO - Setting next_dagrun for elt_reddit_pipeline to 2024-09-08T00:00:00+00:00, run_after=2024-09-09T00:00:00+00:00
[2024-09-08T00:03:45.120+0000] {processor.py:179} INFO - Processing /opt/airflow/dags/reddit_dag.py took 0.357 seconds
[2024-09-08T00:04:15.504+0000] {processor.py:157} INFO - Started process (PID=4291) to work on /opt/airflow/dags/reddit_dag.py
[2024-09-08T00:04:15.506+0000] {processor.py:829} INFO - Processing file /opt/airflow/dags/reddit_dag.py for tasks to queue
[2024-09-08T00:04:15.509+0000] {logging_mixin.py:151} INFO - [2024-09-08T00:04:15.508+0000] {dagbag.py:536} INFO - Filling up the DagBag from /opt/airflow/dags/reddit_dag.py
[2024-09-08T00:04:15.740+0000] {processor.py:839} INFO - DAG(s) dict_keys(['elt_reddit_pipeline']) retrieved from /opt/airflow/dags/reddit_dag.py
[2024-09-08T00:04:15.753+0000] {logging_mixin.py:151} INFO - [2024-09-08T00:04:15.753+0000] {dag.py:2941} INFO - Sync 1 DAGs
[2024-09-08T00:04:15.763+0000] {logging_mixin.py:151} INFO - [2024-09-08T00:04:15.763+0000] {dag.py:3722} INFO - Setting next_dagrun for elt_reddit_pipeline to 2024-09-08T00:00:00+00:00, run_after=2024-09-09T00:00:00+00:00
[2024-09-08T00:04:15.773+0000] {processor.py:179} INFO - Processing /opt/airflow/dags/reddit_dag.py took 0.272 seconds
[2024-09-08T00:04:46.025+0000] {processor.py:157} INFO - Started process (PID=4293) to work on /opt/airflow/dags/reddit_dag.py
[2024-09-08T00:04:46.027+0000] {processor.py:829} INFO - Processing file /opt/airflow/dags/reddit_dag.py for tasks to queue
[2024-09-08T00:04:46.031+0000] {logging_mixin.py:151} INFO - [2024-09-08T00:04:46.031+0000] {dagbag.py:536} INFO - Filling up the DagBag from /opt/airflow/dags/reddit_dag.py
[2024-09-08T00:04:46.273+0000] {processor.py:839} INFO - DAG(s) dict_keys(['elt_reddit_pipeline']) retrieved from /opt/airflow/dags/reddit_dag.py
[2024-09-08T00:04:46.286+0000] {logging_mixin.py:151} INFO - [2024-09-08T00:04:46.286+0000] {dag.py:2941} INFO - Sync 1 DAGs
[2024-09-08T00:04:46.374+0000] {logging_mixin.py:151} INFO - [2024-09-08T00:04:46.374+0000] {dag.py:3722} INFO - Setting next_dagrun for elt_reddit_pipeline to 2024-09-08T00:00:00+00:00, run_after=2024-09-09T00:00:00+00:00
[2024-09-08T00:04:46.382+0000] {processor.py:179} INFO - Processing /opt/airflow/dags/reddit_dag.py took 0.363 seconds
[2024-09-08T00:05:16.771+0000] {processor.py:157} INFO - Started process (PID=4295) to work on /opt/airflow/dags/reddit_dag.py
[2024-09-08T00:05:16.773+0000] {processor.py:829} INFO - Processing file /opt/airflow/dags/reddit_dag.py for tasks to queue
[2024-09-08T00:05:16.777+0000] {logging_mixin.py:151} INFO - [2024-09-08T00:05:16.777+0000] {dagbag.py:536} INFO - Filling up the DagBag from /opt/airflow/dags/reddit_dag.py
[2024-09-08T00:05:17.016+0000] {processor.py:839} INFO - DAG(s) dict_keys(['elt_reddit_pipeline']) retrieved from /opt/airflow/dags/reddit_dag.py
[2024-09-08T00:05:17.029+0000] {logging_mixin.py:151} INFO - [2024-09-08T00:05:17.029+0000] {dag.py:2941} INFO - Sync 1 DAGs
[2024-09-08T00:05:17.117+0000] {logging_mixin.py:151} INFO - [2024-09-08T00:05:17.117+0000] {dag.py:3722} INFO - Setting next_dagrun for elt_reddit_pipeline to 2024-09-08T00:00:00+00:00, run_after=2024-09-09T00:00:00+00:00
[2024-09-08T00:05:17.125+0000] {processor.py:179} INFO - Processing /opt/airflow/dags/reddit_dag.py took 0.360 seconds
[2024-09-08T00:05:47.310+0000] {processor.py:157} INFO - Started process (PID=4297) to work on /opt/airflow/dags/reddit_dag.py
[2024-09-08T00:05:47.312+0000] {processor.py:829} INFO - Processing file /opt/airflow/dags/reddit_dag.py for tasks to queue
[2024-09-08T00:05:47.316+0000] {logging_mixin.py:151} INFO - [2024-09-08T00:05:47.316+0000] {dagbag.py:536} INFO - Filling up the DagBag from /opt/airflow/dags/reddit_dag.py
[2024-09-08T00:05:47.556+0000] {processor.py:839} INFO - DAG(s) dict_keys(['elt_reddit_pipeline']) retrieved from /opt/airflow/dags/reddit_dag.py
[2024-09-08T00:05:47.649+0000] {logging_mixin.py:151} INFO - [2024-09-08T00:05:47.570+0000] {dag.py:2941} INFO - Sync 1 DAGs
[2024-09-08T00:05:47.660+0000] {logging_mixin.py:151} INFO - [2024-09-08T00:05:47.660+0000] {dag.py:3722} INFO - Setting next_dagrun for elt_reddit_pipeline to 2024-09-08T00:00:00+00:00, run_after=2024-09-09T00:00:00+00:00
[2024-09-08T00:05:47.668+0000] {processor.py:179} INFO - Processing /opt/airflow/dags/reddit_dag.py took 0.363 seconds
[2024-09-08T00:06:18.129+0000] {processor.py:157} INFO - Started process (PID=4299) to work on /opt/airflow/dags/reddit_dag.py
[2024-09-08T00:06:18.130+0000] {processor.py:829} INFO - Processing file /opt/airflow/dags/reddit_dag.py for tasks to queue
[2024-09-08T00:06:18.133+0000] {logging_mixin.py:151} INFO - [2024-09-08T00:06:18.133+0000] {dagbag.py:536} INFO - Filling up the DagBag from /opt/airflow/dags/reddit_dag.py
[2024-09-08T00:06:18.372+0000] {processor.py:839} INFO - DAG(s) dict_keys(['elt_reddit_pipeline']) retrieved from /opt/airflow/dags/reddit_dag.py
[2024-09-08T00:06:18.461+0000] {logging_mixin.py:151} INFO - [2024-09-08T00:06:18.461+0000] {dag.py:2941} INFO - Sync 1 DAGs
[2024-09-08T00:06:18.471+0000] {logging_mixin.py:151} INFO - [2024-09-08T00:06:18.471+0000] {dag.py:3722} INFO - Setting next_dagrun for elt_reddit_pipeline to 2024-09-08T00:00:00+00:00, run_after=2024-09-09T00:00:00+00:00
[2024-09-08T00:06:18.479+0000] {processor.py:179} INFO - Processing /opt/airflow/dags/reddit_dag.py took 0.355 seconds
[2024-09-08T00:06:48.642+0000] {processor.py:157} INFO - Started process (PID=4301) to work on /opt/airflow/dags/reddit_dag.py
[2024-09-08T00:06:48.643+0000] {processor.py:829} INFO - Processing file /opt/airflow/dags/reddit_dag.py for tasks to queue
[2024-09-08T00:06:48.646+0000] {logging_mixin.py:151} INFO - [2024-09-08T00:06:48.646+0000] {dagbag.py:536} INFO - Filling up the DagBag from /opt/airflow/dags/reddit_dag.py
[2024-09-08T00:06:48.963+0000] {processor.py:839} INFO - DAG(s) dict_keys(['elt_reddit_pipeline']) retrieved from /opt/airflow/dags/reddit_dag.py
[2024-09-08T00:06:48.974+0000] {logging_mixin.py:151} INFO - [2024-09-08T00:06:48.974+0000] {dag.py:2941} INFO - Sync 1 DAGs
[2024-09-08T00:06:48.983+0000] {logging_mixin.py:151} INFO - [2024-09-08T00:06:48.983+0000] {dag.py:3722} INFO - Setting next_dagrun for elt_reddit_pipeline to 2024-09-08T00:00:00+00:00, run_after=2024-09-09T00:00:00+00:00
[2024-09-08T00:06:48.991+0000] {processor.py:179} INFO - Processing /opt/airflow/dags/reddit_dag.py took 0.355 seconds
[2024-09-08T00:07:19.496+0000] {processor.py:157} INFO - Started process (PID=4303) to work on /opt/airflow/dags/reddit_dag.py
[2024-09-08T00:07:19.497+0000] {processor.py:829} INFO - Processing file /opt/airflow/dags/reddit_dag.py for tasks to queue
[2024-09-08T00:07:19.500+0000] {logging_mixin.py:151} INFO - [2024-09-08T00:07:19.500+0000] {dagbag.py:536} INFO - Filling up the DagBag from /opt/airflow/dags/reddit_dag.py
[2024-09-08T00:07:19.820+0000] {processor.py:839} INFO - DAG(s) dict_keys(['elt_reddit_pipeline']) retrieved from /opt/airflow/dags/reddit_dag.py
[2024-09-08T00:07:19.831+0000] {logging_mixin.py:151} INFO - [2024-09-08T00:07:19.831+0000] {dag.py:2941} INFO - Sync 1 DAGs
[2024-09-08T00:07:19.840+0000] {logging_mixin.py:151} INFO - [2024-09-08T00:07:19.840+0000] {dag.py:3722} INFO - Setting next_dagrun for elt_reddit_pipeline to 2024-09-08T00:00:00+00:00, run_after=2024-09-09T00:00:00+00:00
[2024-09-08T00:07:19.848+0000] {processor.py:179} INFO - Processing /opt/airflow/dags/reddit_dag.py took 0.357 seconds
[2024-09-08T00:07:50.020+0000] {processor.py:157} INFO - Started process (PID=4305) to work on /opt/airflow/dags/reddit_dag.py
[2024-09-08T00:07:50.022+0000] {processor.py:829} INFO - Processing file /opt/airflow/dags/reddit_dag.py for tasks to queue
[2024-09-08T00:07:50.025+0000] {logging_mixin.py:151} INFO - [2024-09-08T00:07:50.025+0000] {dagbag.py:536} INFO - Filling up the DagBag from /opt/airflow/dags/reddit_dag.py
[2024-09-08T00:07:50.263+0000] {processor.py:839} INFO - DAG(s) dict_keys(['elt_reddit_pipeline']) retrieved from /opt/airflow/dags/reddit_dag.py
[2024-09-08T00:07:50.276+0000] {logging_mixin.py:151} INFO - [2024-09-08T00:07:50.276+0000] {dag.py:2941} INFO - Sync 1 DAGs
[2024-09-08T00:07:50.363+0000] {logging_mixin.py:151} INFO - [2024-09-08T00:07:50.362+0000] {dag.py:3722} INFO - Setting next_dagrun for elt_reddit_pipeline to 2024-09-08T00:00:00+00:00, run_after=2024-09-09T00:00:00+00:00
[2024-09-08T00:07:50.371+0000] {processor.py:179} INFO - Processing /opt/airflow/dags/reddit_dag.py took 0.356 seconds
[2024-09-08T00:08:20.573+0000] {processor.py:157} INFO - Started process (PID=4307) to work on /opt/airflow/dags/reddit_dag.py
[2024-09-08T00:08:20.575+0000] {processor.py:829} INFO - Processing file /opt/airflow/dags/reddit_dag.py for tasks to queue
[2024-09-08T00:08:20.578+0000] {logging_mixin.py:151} INFO - [2024-09-08T00:08:20.578+0000] {dagbag.py:536} INFO - Filling up the DagBag from /opt/airflow/dags/reddit_dag.py
[2024-09-08T00:08:20.823+0000] {processor.py:839} INFO - DAG(s) dict_keys(['elt_reddit_pipeline']) retrieved from /opt/airflow/dags/reddit_dag.py
[2024-09-08T00:08:20.836+0000] {logging_mixin.py:151} INFO - [2024-09-08T00:08:20.836+0000] {dag.py:2941} INFO - Sync 1 DAGs
[2024-09-08T00:08:20.924+0000] {logging_mixin.py:151} INFO - [2024-09-08T00:08:20.924+0000] {dag.py:3722} INFO - Setting next_dagrun for elt_reddit_pipeline to 2024-09-08T00:00:00+00:00, run_after=2024-09-09T00:00:00+00:00
[2024-09-08T00:08:20.932+0000] {processor.py:179} INFO - Processing /opt/airflow/dags/reddit_dag.py took 0.365 seconds
[2024-09-08T00:08:51.297+0000] {processor.py:157} INFO - Started process (PID=4309) to work on /opt/airflow/dags/reddit_dag.py
[2024-09-08T00:08:51.299+0000] {processor.py:829} INFO - Processing file /opt/airflow/dags/reddit_dag.py for tasks to queue
[2024-09-08T00:08:51.303+0000] {logging_mixin.py:151} INFO - [2024-09-08T00:08:51.303+0000] {dagbag.py:536} INFO - Filling up the DagBag from /opt/airflow/dags/reddit_dag.py
[2024-09-08T00:08:51.547+0000] {processor.py:839} INFO - DAG(s) dict_keys(['elt_reddit_pipeline']) retrieved from /opt/airflow/dags/reddit_dag.py
[2024-09-08T00:08:51.640+0000] {logging_mixin.py:151} INFO - [2024-09-08T00:08:51.561+0000] {dag.py:2941} INFO - Sync 1 DAGs
[2024-09-08T00:08:51.650+0000] {logging_mixin.py:151} INFO - [2024-09-08T00:08:51.650+0000] {dag.py:3722} INFO - Setting next_dagrun for elt_reddit_pipeline to 2024-09-08T00:00:00+00:00, run_after=2024-09-09T00:00:00+00:00
[2024-09-08T00:08:51.660+0000] {processor.py:179} INFO - Processing /opt/airflow/dags/reddit_dag.py took 0.369 seconds
[2024-09-08T00:09:22.111+0000] {processor.py:157} INFO - Started process (PID=4311) to work on /opt/airflow/dags/reddit_dag.py
[2024-09-08T00:09:22.112+0000] {processor.py:829} INFO - Processing file /opt/airflow/dags/reddit_dag.py for tasks to queue
[2024-09-08T00:09:22.115+0000] {logging_mixin.py:151} INFO - [2024-09-08T00:09:22.115+0000] {dagbag.py:536} INFO - Filling up the DagBag from /opt/airflow/dags/reddit_dag.py
[2024-09-08T00:09:22.431+0000] {processor.py:839} INFO - DAG(s) dict_keys(['elt_reddit_pipeline']) retrieved from /opt/airflow/dags/reddit_dag.py
[2024-09-08T00:09:22.442+0000] {logging_mixin.py:151} INFO - [2024-09-08T00:09:22.442+0000] {dag.py:2941} INFO - Sync 1 DAGs
[2024-09-08T00:09:22.452+0000] {logging_mixin.py:151} INFO - [2024-09-08T00:09:22.452+0000] {dag.py:3722} INFO - Setting next_dagrun for elt_reddit_pipeline to 2024-09-08T00:00:00+00:00, run_after=2024-09-09T00:00:00+00:00
[2024-09-08T00:09:22.460+0000] {processor.py:179} INFO - Processing /opt/airflow/dags/reddit_dag.py took 0.354 seconds
[2024-09-08T00:09:52.598+0000] {processor.py:157} INFO - Started process (PID=4313) to work on /opt/airflow/dags/reddit_dag.py
[2024-09-08T00:09:52.599+0000] {processor.py:829} INFO - Processing file /opt/airflow/dags/reddit_dag.py for tasks to queue
[2024-09-08T00:09:52.602+0000] {logging_mixin.py:151} INFO - [2024-09-08T00:09:52.602+0000] {dagbag.py:536} INFO - Filling up the DagBag from /opt/airflow/dags/reddit_dag.py
[2024-09-08T00:09:52.920+0000] {processor.py:839} INFO - DAG(s) dict_keys(['elt_reddit_pipeline']) retrieved from /opt/airflow/dags/reddit_dag.py
[2024-09-08T00:09:52.931+0000] {logging_mixin.py:151} INFO - [2024-09-08T00:09:52.931+0000] {dag.py:2941} INFO - Sync 1 DAGs
[2024-09-08T00:09:52.941+0000] {logging_mixin.py:151} INFO - [2024-09-08T00:09:52.941+0000] {dag.py:3722} INFO - Setting next_dagrun for elt_reddit_pipeline to 2024-09-08T00:00:00+00:00, run_after=2024-09-09T00:00:00+00:00
[2024-09-08T00:09:52.949+0000] {processor.py:179} INFO - Processing /opt/airflow/dags/reddit_dag.py took 0.357 seconds
[2024-09-08T00:10:23.119+0000] {processor.py:157} INFO - Started process (PID=4315) to work on /opt/airflow/dags/reddit_dag.py
[2024-09-08T00:10:23.121+0000] {processor.py:829} INFO - Processing file /opt/airflow/dags/reddit_dag.py for tasks to queue
[2024-09-08T00:10:23.124+0000] {logging_mixin.py:151} INFO - [2024-09-08T00:10:23.123+0000] {dagbag.py:536} INFO - Filling up the DagBag from /opt/airflow/dags/reddit_dag.py
[2024-09-08T00:10:23.361+0000] {processor.py:839} INFO - DAG(s) dict_keys(['elt_reddit_pipeline']) retrieved from /opt/airflow/dags/reddit_dag.py
[2024-09-08T00:10:23.374+0000] {logging_mixin.py:151} INFO - [2024-09-08T00:10:23.374+0000] {dag.py:2941} INFO - Sync 1 DAGs
[2024-09-08T00:10:23.462+0000] {logging_mixin.py:151} INFO - [2024-09-08T00:10:23.462+0000] {dag.py:3722} INFO - Setting next_dagrun for elt_reddit_pipeline to 2024-09-08T00:00:00+00:00, run_after=2024-09-09T00:00:00+00:00
[2024-09-08T00:10:23.470+0000] {processor.py:179} INFO - Processing /opt/airflow/dags/reddit_dag.py took 0.357 seconds
[2024-09-08T00:10:53.962+0000] {processor.py:157} INFO - Started process (PID=4317) to work on /opt/airflow/dags/reddit_dag.py
[2024-09-08T00:10:53.964+0000] {processor.py:829} INFO - Processing file /opt/airflow/dags/reddit_dag.py for tasks to queue
[2024-09-08T00:10:53.966+0000] {logging_mixin.py:151} INFO - [2024-09-08T00:10:53.966+0000] {dagbag.py:536} INFO - Filling up the DagBag from /opt/airflow/dags/reddit_dag.py
[2024-09-08T00:10:54.202+0000] {processor.py:839} INFO - DAG(s) dict_keys(['elt_reddit_pipeline']) retrieved from /opt/airflow/dags/reddit_dag.py
[2024-09-08T00:10:54.215+0000] {logging_mixin.py:151} INFO - [2024-09-08T00:10:54.215+0000] {dag.py:2941} INFO - Sync 1 DAGs
[2024-09-08T00:10:54.301+0000] {logging_mixin.py:151} INFO - [2024-09-08T00:10:54.301+0000] {dag.py:3722} INFO - Setting next_dagrun for elt_reddit_pipeline to 2024-09-08T00:00:00+00:00, run_after=2024-09-09T00:00:00+00:00
[2024-09-08T00:10:54.309+0000] {processor.py:179} INFO - Processing /opt/airflow/dags/reddit_dag.py took 0.352 seconds
[2024-09-08T00:11:24.451+0000] {processor.py:157} INFO - Started process (PID=4319) to work on /opt/airflow/dags/reddit_dag.py
[2024-09-08T00:11:24.453+0000] {processor.py:829} INFO - Processing file /opt/airflow/dags/reddit_dag.py for tasks to queue
[2024-09-08T00:11:24.456+0000] {logging_mixin.py:151} INFO - [2024-09-08T00:11:24.456+0000] {dagbag.py:536} INFO - Filling up the DagBag from /opt/airflow/dags/reddit_dag.py
[2024-09-08T00:11:24.698+0000] {processor.py:839} INFO - DAG(s) dict_keys(['elt_reddit_pipeline']) retrieved from /opt/airflow/dags/reddit_dag.py
[2024-09-08T00:11:24.712+0000] {logging_mixin.py:151} INFO - [2024-09-08T00:11:24.711+0000] {dag.py:2941} INFO - Sync 1 DAGs
[2024-09-08T00:11:24.799+0000] {logging_mixin.py:151} INFO - [2024-09-08T00:11:24.799+0000] {dag.py:3722} INFO - Setting next_dagrun for elt_reddit_pipeline to 2024-09-08T00:00:00+00:00, run_after=2024-09-09T00:00:00+00:00
[2024-09-08T00:11:24.808+0000] {processor.py:179} INFO - Processing /opt/airflow/dags/reddit_dag.py took 0.363 seconds
[2024-09-08T00:11:55.343+0000] {processor.py:157} INFO - Started process (PID=4321) to work on /opt/airflow/dags/reddit_dag.py
[2024-09-08T00:11:55.345+0000] {processor.py:829} INFO - Processing file /opt/airflow/dags/reddit_dag.py for tasks to queue
[2024-09-08T00:11:55.348+0000] {logging_mixin.py:151} INFO - [2024-09-08T00:11:55.347+0000] {dagbag.py:536} INFO - Filling up the DagBag from /opt/airflow/dags/reddit_dag.py
[2024-09-08T00:11:55.586+0000] {processor.py:839} INFO - DAG(s) dict_keys(['elt_reddit_pipeline']) retrieved from /opt/airflow/dags/reddit_dag.py
[2024-09-08T00:11:55.675+0000] {logging_mixin.py:151} INFO - [2024-09-08T00:11:55.674+0000] {dag.py:2941} INFO - Sync 1 DAGs
[2024-09-08T00:11:55.684+0000] {logging_mixin.py:151} INFO - [2024-09-08T00:11:55.684+0000] {dag.py:3722} INFO - Setting next_dagrun for elt_reddit_pipeline to 2024-09-08T00:00:00+00:00, run_after=2024-09-09T00:00:00+00:00
[2024-09-08T00:11:55.692+0000] {processor.py:179} INFO - Processing /opt/airflow/dags/reddit_dag.py took 0.354 seconds
[2024-09-08T00:12:25.896+0000] {processor.py:157} INFO - Started process (PID=4323) to work on /opt/airflow/dags/reddit_dag.py
[2024-09-08T00:12:25.898+0000] {processor.py:829} INFO - Processing file /opt/airflow/dags/reddit_dag.py for tasks to queue
[2024-09-08T00:12:25.902+0000] {logging_mixin.py:151} INFO - [2024-09-08T00:12:25.902+0000] {dagbag.py:536} INFO - Filling up the DagBag from /opt/airflow/dags/reddit_dag.py
[2024-09-08T00:12:26.221+0000] {processor.py:839} INFO - DAG(s) dict_keys(['elt_reddit_pipeline']) retrieved from /opt/airflow/dags/reddit_dag.py
[2024-09-08T00:12:26.232+0000] {logging_mixin.py:151} INFO - [2024-09-08T00:12:26.231+0000] {dag.py:2941} INFO - Sync 1 DAGs
[2024-09-08T00:12:26.241+0000] {logging_mixin.py:151} INFO - [2024-09-08T00:12:26.241+0000] {dag.py:3722} INFO - Setting next_dagrun for elt_reddit_pipeline to 2024-09-08T00:00:00+00:00, run_after=2024-09-09T00:00:00+00:00
[2024-09-08T00:12:26.249+0000] {processor.py:179} INFO - Processing /opt/airflow/dags/reddit_dag.py took 0.359 seconds
[2024-09-08T00:12:56.668+0000] {processor.py:157} INFO - Started process (PID=4325) to work on /opt/airflow/dags/reddit_dag.py
[2024-09-08T00:12:56.670+0000] {processor.py:829} INFO - Processing file /opt/airflow/dags/reddit_dag.py for tasks to queue
[2024-09-08T00:12:56.673+0000] {logging_mixin.py:151} INFO - [2024-09-08T00:12:56.673+0000] {dagbag.py:536} INFO - Filling up the DagBag from /opt/airflow/dags/reddit_dag.py
[2024-09-08T00:12:56.989+0000] {processor.py:839} INFO - DAG(s) dict_keys(['elt_reddit_pipeline']) retrieved from /opt/airflow/dags/reddit_dag.py
[2024-09-08T00:12:57.000+0000] {logging_mixin.py:151} INFO - [2024-09-08T00:12:56.999+0000] {dag.py:2941} INFO - Sync 1 DAGs
[2024-09-08T00:12:57.009+0000] {logging_mixin.py:151} INFO - [2024-09-08T00:12:57.009+0000] {dag.py:3722} INFO - Setting next_dagrun for elt_reddit_pipeline to 2024-09-08T00:00:00+00:00, run_after=2024-09-09T00:00:00+00:00
[2024-09-08T00:12:57.018+0000] {processor.py:179} INFO - Processing /opt/airflow/dags/reddit_dag.py took 0.355 seconds
[2024-09-08T00:13:27.153+0000] {processor.py:157} INFO - Started process (PID=4327) to work on /opt/airflow/dags/reddit_dag.py
[2024-09-08T00:13:27.155+0000] {processor.py:829} INFO - Processing file /opt/airflow/dags/reddit_dag.py for tasks to queue
[2024-09-08T00:13:27.158+0000] {logging_mixin.py:151} INFO - [2024-09-08T00:13:27.158+0000] {dagbag.py:536} INFO - Filling up the DagBag from /opt/airflow/dags/reddit_dag.py
[2024-09-08T00:13:27.395+0000] {processor.py:839} INFO - DAG(s) dict_keys(['elt_reddit_pipeline']) retrieved from /opt/airflow/dags/reddit_dag.py
[2024-09-08T00:13:27.408+0000] {logging_mixin.py:151} INFO - [2024-09-08T00:13:27.408+0000] {dag.py:2941} INFO - Sync 1 DAGs
[2024-09-08T00:13:27.496+0000] {logging_mixin.py:151} INFO - [2024-09-08T00:13:27.496+0000] {dag.py:3722} INFO - Setting next_dagrun for elt_reddit_pipeline to 2024-09-08T00:00:00+00:00, run_after=2024-09-09T00:00:00+00:00
[2024-09-08T00:13:27.504+0000] {processor.py:179} INFO - Processing /opt/airflow/dags/reddit_dag.py took 0.357 seconds
[2024-09-08T00:13:58.050+0000] {processor.py:157} INFO - Started process (PID=4329) to work on /opt/airflow/dags/reddit_dag.py
[2024-09-08T00:13:58.052+0000] {processor.py:829} INFO - Processing file /opt/airflow/dags/reddit_dag.py for tasks to queue
[2024-09-08T00:13:58.055+0000] {logging_mixin.py:151} INFO - [2024-09-08T00:13:58.054+0000] {dagbag.py:536} INFO - Filling up the DagBag from /opt/airflow/dags/reddit_dag.py
[2024-09-08T00:13:58.296+0000] {processor.py:839} INFO - DAG(s) dict_keys(['elt_reddit_pipeline']) retrieved from /opt/airflow/dags/reddit_dag.py
[2024-09-08T00:13:58.309+0000] {logging_mixin.py:151} INFO - [2024-09-08T00:13:58.309+0000] {dag.py:2941} INFO - Sync 1 DAGs
[2024-09-08T00:13:58.397+0000] {logging_mixin.py:151} INFO - [2024-09-08T00:13:58.397+0000] {dag.py:3722} INFO - Setting next_dagrun for elt_reddit_pipeline to 2024-09-08T00:00:00+00:00, run_after=2024-09-09T00:00:00+00:00
[2024-09-08T00:13:58.405+0000] {processor.py:179} INFO - Processing /opt/airflow/dags/reddit_dag.py took 0.360 seconds
[2024-09-08T00:14:28.579+0000] {processor.py:157} INFO - Started process (PID=4331) to work on /opt/airflow/dags/reddit_dag.py
[2024-09-08T00:14:28.581+0000] {processor.py:829} INFO - Processing file /opt/airflow/dags/reddit_dag.py for tasks to queue
[2024-09-08T00:14:28.584+0000] {logging_mixin.py:151} INFO - [2024-09-08T00:14:28.584+0000] {dagbag.py:536} INFO - Filling up the DagBag from /opt/airflow/dags/reddit_dag.py
[2024-09-08T00:14:28.827+0000] {processor.py:839} INFO - DAG(s) dict_keys(['elt_reddit_pipeline']) retrieved from /opt/airflow/dags/reddit_dag.py
[2024-09-08T00:14:28.917+0000] {logging_mixin.py:151} INFO - [2024-09-08T00:14:28.840+0000] {dag.py:2941} INFO - Sync 1 DAGs
[2024-09-08T00:14:28.927+0000] {logging_mixin.py:151} INFO - [2024-09-08T00:14:28.927+0000] {dag.py:3722} INFO - Setting next_dagrun for elt_reddit_pipeline to 2024-09-08T00:00:00+00:00, run_after=2024-09-09T00:00:00+00:00
[2024-09-08T00:14:28.935+0000] {processor.py:179} INFO - Processing /opt/airflow/dags/reddit_dag.py took 0.362 seconds
[2024-09-08T00:14:59.297+0000] {processor.py:157} INFO - Started process (PID=4333) to work on /opt/airflow/dags/reddit_dag.py
[2024-09-08T00:14:59.299+0000] {processor.py:829} INFO - Processing file /opt/airflow/dags/reddit_dag.py for tasks to queue
[2024-09-08T00:14:59.302+0000] {logging_mixin.py:151} INFO - [2024-09-08T00:14:59.302+0000] {dagbag.py:536} INFO - Filling up the DagBag from /opt/airflow/dags/reddit_dag.py
[2024-09-08T00:14:59.542+0000] {processor.py:839} INFO - DAG(s) dict_keys(['elt_reddit_pipeline']) retrieved from /opt/airflow/dags/reddit_dag.py
[2024-09-08T00:14:59.633+0000] {logging_mixin.py:151} INFO - [2024-09-08T00:14:59.632+0000] {dag.py:2941} INFO - Sync 1 DAGs
[2024-09-08T00:14:59.642+0000] {logging_mixin.py:151} INFO - [2024-09-08T00:14:59.642+0000] {dag.py:3722} INFO - Setting next_dagrun for elt_reddit_pipeline to 2024-09-08T00:00:00+00:00, run_after=2024-09-09T00:00:00+00:00
[2024-09-08T00:14:59.650+0000] {processor.py:179} INFO - Processing /opt/airflow/dags/reddit_dag.py took 0.359 seconds
[2024-09-08T00:15:29.862+0000] {processor.py:157} INFO - Started process (PID=4335) to work on /opt/airflow/dags/reddit_dag.py
[2024-09-08T00:15:29.864+0000] {processor.py:829} INFO - Processing file /opt/airflow/dags/reddit_dag.py for tasks to queue
[2024-09-08T00:15:29.868+0000] {logging_mixin.py:151} INFO - [2024-09-08T00:15:29.868+0000] {dagbag.py:536} INFO - Filling up the DagBag from /opt/airflow/dags/reddit_dag.py
[2024-09-08T00:15:30.193+0000] {processor.py:839} INFO - DAG(s) dict_keys(['elt_reddit_pipeline']) retrieved from /opt/airflow/dags/reddit_dag.py
[2024-09-08T00:15:30.204+0000] {logging_mixin.py:151} INFO - [2024-09-08T00:15:30.204+0000] {dag.py:2941} INFO - Sync 1 DAGs
[2024-09-08T00:15:30.214+0000] {logging_mixin.py:151} INFO - [2024-09-08T00:15:30.214+0000] {dag.py:3722} INFO - Setting next_dagrun for elt_reddit_pipeline to 2024-09-08T00:00:00+00:00, run_after=2024-09-09T00:00:00+00:00
[2024-09-08T00:15:30.222+0000] {processor.py:179} INFO - Processing /opt/airflow/dags/reddit_dag.py took 0.366 seconds
[2024-09-08T00:16:00.816+0000] {processor.py:157} INFO - Started process (PID=4337) to work on /opt/airflow/dags/reddit_dag.py
[2024-09-08T00:16:00.818+0000] {processor.py:829} INFO - Processing file /opt/airflow/dags/reddit_dag.py for tasks to queue
[2024-09-08T00:16:00.821+0000] {logging_mixin.py:151} INFO - [2024-09-08T00:16:00.821+0000] {dagbag.py:536} INFO - Filling up the DagBag from /opt/airflow/dags/reddit_dag.py
[2024-09-08T00:16:01.138+0000] {processor.py:839} INFO - DAG(s) dict_keys(['elt_reddit_pipeline']) retrieved from /opt/airflow/dags/reddit_dag.py
[2024-09-08T00:16:01.149+0000] {logging_mixin.py:151} INFO - [2024-09-08T00:16:01.148+0000] {dag.py:2941} INFO - Sync 1 DAGs
[2024-09-08T00:16:01.158+0000] {logging_mixin.py:151} INFO - [2024-09-08T00:16:01.158+0000] {dag.py:3722} INFO - Setting next_dagrun for elt_reddit_pipeline to 2024-09-08T00:00:00+00:00, run_after=2024-09-09T00:00:00+00:00
[2024-09-08T00:16:01.167+0000] {processor.py:179} INFO - Processing /opt/airflow/dags/reddit_dag.py took 0.356 seconds
[2024-09-08T00:16:31.335+0000] {processor.py:157} INFO - Started process (PID=4339) to work on /opt/airflow/dags/reddit_dag.py
[2024-09-08T00:16:31.336+0000] {processor.py:829} INFO - Processing file /opt/airflow/dags/reddit_dag.py for tasks to queue
[2024-09-08T00:16:31.338+0000] {logging_mixin.py:151} INFO - [2024-09-08T00:16:31.338+0000] {dagbag.py:536} INFO - Filling up the DagBag from /opt/airflow/dags/reddit_dag.py
[2024-09-08T00:16:31.604+0000] {processor.py:839} INFO - DAG(s) dict_keys(['elt_reddit_pipeline']) retrieved from /opt/airflow/dags/reddit_dag.py
[2024-09-08T00:16:31.620+0000] {logging_mixin.py:151} INFO - [2024-09-08T00:16:31.620+0000] {dag.py:2941} INFO - Sync 1 DAGs
[2024-09-08T00:16:31.736+0000] {logging_mixin.py:151} INFO - [2024-09-08T00:16:31.736+0000] {dag.py:3722} INFO - Setting next_dagrun for elt_reddit_pipeline to 2024-09-08T00:00:00+00:00, run_after=2024-09-09T00:00:00+00:00
[2024-09-08T00:16:31.747+0000] {processor.py:179} INFO - Processing /opt/airflow/dags/reddit_dag.py took 0.415 seconds
[2024-09-08T00:17:02.189+0000] {processor.py:157} INFO - Started process (PID=4341) to work on /opt/airflow/dags/reddit_dag.py
[2024-09-08T00:17:02.190+0000] {processor.py:829} INFO - Processing file /opt/airflow/dags/reddit_dag.py for tasks to queue
[2024-09-08T00:17:02.193+0000] {logging_mixin.py:151} INFO - [2024-09-08T00:17:02.193+0000] {dagbag.py:536} INFO - Filling up the DagBag from /opt/airflow/dags/reddit_dag.py
[2024-09-08T00:17:02.430+0000] {processor.py:839} INFO - DAG(s) dict_keys(['elt_reddit_pipeline']) retrieved from /opt/airflow/dags/reddit_dag.py
[2024-09-08T00:17:02.443+0000] {logging_mixin.py:151} INFO - [2024-09-08T00:17:02.442+0000] {dag.py:2941} INFO - Sync 1 DAGs
[2024-09-08T00:17:02.530+0000] {logging_mixin.py:151} INFO - [2024-09-08T00:17:02.529+0000] {dag.py:3722} INFO - Setting next_dagrun for elt_reddit_pipeline to 2024-09-08T00:00:00+00:00, run_after=2024-09-09T00:00:00+00:00
[2024-09-08T00:17:02.537+0000] {processor.py:179} INFO - Processing /opt/airflow/dags/reddit_dag.py took 0.353 seconds
[2024-09-08T00:17:32.730+0000] {processor.py:157} INFO - Started process (PID=4343) to work on /opt/airflow/dags/reddit_dag.py
[2024-09-08T00:17:32.732+0000] {processor.py:829} INFO - Processing file /opt/airflow/dags/reddit_dag.py for tasks to queue
[2024-09-08T00:17:32.734+0000] {logging_mixin.py:151} INFO - [2024-09-08T00:17:32.734+0000] {dagbag.py:536} INFO - Filling up the DagBag from /opt/airflow/dags/reddit_dag.py
[2024-09-08T00:17:32.975+0000] {processor.py:839} INFO - DAG(s) dict_keys(['elt_reddit_pipeline']) retrieved from /opt/airflow/dags/reddit_dag.py
[2024-09-08T00:17:33.066+0000] {logging_mixin.py:151} INFO - [2024-09-08T00:17:33.066+0000] {dag.py:2941} INFO - Sync 1 DAGs
[2024-09-08T00:17:33.076+0000] {logging_mixin.py:151} INFO - [2024-09-08T00:17:33.076+0000] {dag.py:3722} INFO - Setting next_dagrun for elt_reddit_pipeline to 2024-09-08T00:00:00+00:00, run_after=2024-09-09T00:00:00+00:00
[2024-09-08T00:17:33.083+0000] {processor.py:179} INFO - Processing /opt/airflow/dags/reddit_dag.py took 0.358 seconds
[2024-09-08T00:18:03.775+0000] {processor.py:157} INFO - Started process (PID=4345) to work on /opt/airflow/dags/reddit_dag.py
[2024-09-08T00:18:03.777+0000] {processor.py:829} INFO - Processing file /opt/airflow/dags/reddit_dag.py for tasks to queue
[2024-09-08T00:18:03.780+0000] {logging_mixin.py:151} INFO - [2024-09-08T00:18:03.779+0000] {dagbag.py:536} INFO - Filling up the DagBag from /opt/airflow/dags/reddit_dag.py
[2024-09-08T00:18:04.097+0000] {processor.py:839} INFO - DAG(s) dict_keys(['elt_reddit_pipeline']) retrieved from /opt/airflow/dags/reddit_dag.py
[2024-09-08T00:18:04.108+0000] {logging_mixin.py:151} INFO - [2024-09-08T00:18:04.108+0000] {dag.py:2941} INFO - Sync 1 DAGs
[2024-09-08T00:18:04.118+0000] {logging_mixin.py:151} INFO - [2024-09-08T00:18:04.118+0000] {dag.py:3722} INFO - Setting next_dagrun for elt_reddit_pipeline to 2024-09-08T00:00:00+00:00, run_after=2024-09-09T00:00:00+00:00
[2024-09-08T00:18:04.126+0000] {processor.py:179} INFO - Processing /opt/airflow/dags/reddit_dag.py took 0.356 seconds
[2024-09-08T00:18:34.293+0000] {processor.py:157} INFO - Started process (PID=4347) to work on /opt/airflow/dags/reddit_dag.py
[2024-09-08T00:18:34.293+0000] {processor.py:829} INFO - Processing file /opt/airflow/dags/reddit_dag.py for tasks to queue
[2024-09-08T00:18:34.295+0000] {logging_mixin.py:151} INFO - [2024-09-08T00:18:34.295+0000] {dagbag.py:536} INFO - Filling up the DagBag from /opt/airflow/dags/reddit_dag.py
[2024-09-08T00:18:34.654+0000] {processor.py:839} INFO - DAG(s) dict_keys(['elt_reddit_pipeline']) retrieved from /opt/airflow/dags/reddit_dag.py
[2024-09-08T00:18:34.667+0000] {logging_mixin.py:151} INFO - [2024-09-08T00:18:34.667+0000] {dag.py:2941} INFO - Sync 1 DAGs
[2024-09-08T00:18:34.679+0000] {logging_mixin.py:151} INFO - [2024-09-08T00:18:34.679+0000] {dag.py:3722} INFO - Setting next_dagrun for elt_reddit_pipeline to 2024-09-08T00:00:00+00:00, run_after=2024-09-09T00:00:00+00:00
[2024-09-08T00:18:34.689+0000] {processor.py:179} INFO - Processing /opt/airflow/dags/reddit_dag.py took 0.399 seconds
[2024-09-08T00:19:05.022+0000] {processor.py:157} INFO - Started process (PID=4349) to work on /opt/airflow/dags/reddit_dag.py
[2024-09-08T00:19:05.023+0000] {processor.py:829} INFO - Processing file /opt/airflow/dags/reddit_dag.py for tasks to queue
[2024-09-08T00:19:05.027+0000] {logging_mixin.py:151} INFO - [2024-09-08T00:19:05.027+0000] {dagbag.py:536} INFO - Filling up the DagBag from /opt/airflow/dags/reddit_dag.py
[2024-09-08T00:19:05.348+0000] {processor.py:839} INFO - DAG(s) dict_keys(['elt_reddit_pipeline']) retrieved from /opt/airflow/dags/reddit_dag.py
[2024-09-08T00:19:05.359+0000] {logging_mixin.py:151} INFO - [2024-09-08T00:19:05.359+0000] {dag.py:2941} INFO - Sync 1 DAGs
[2024-09-08T00:19:05.369+0000] {logging_mixin.py:151} INFO - [2024-09-08T00:19:05.369+0000] {dag.py:3722} INFO - Setting next_dagrun for elt_reddit_pipeline to 2024-09-08T00:00:00+00:00, run_after=2024-09-09T00:00:00+00:00
[2024-09-08T00:19:05.377+0000] {processor.py:179} INFO - Processing /opt/airflow/dags/reddit_dag.py took 0.361 seconds
[2024-09-08T00:19:35.686+0000] {processor.py:157} INFO - Started process (PID=4351) to work on /opt/airflow/dags/reddit_dag.py
[2024-09-08T00:19:35.687+0000] {processor.py:829} INFO - Processing file /opt/airflow/dags/reddit_dag.py for tasks to queue
[2024-09-08T00:19:35.691+0000] {logging_mixin.py:151} INFO - [2024-09-08T00:19:35.691+0000] {dagbag.py:536} INFO - Filling up the DagBag from /opt/airflow/dags/reddit_dag.py
[2024-09-08T00:19:35.930+0000] {processor.py:839} INFO - DAG(s) dict_keys(['elt_reddit_pipeline']) retrieved from /opt/airflow/dags/reddit_dag.py
[2024-09-08T00:19:35.943+0000] {logging_mixin.py:151} INFO - [2024-09-08T00:19:35.943+0000] {dag.py:2941} INFO - Sync 1 DAGs
[2024-09-08T00:19:36.031+0000] {logging_mixin.py:151} INFO - [2024-09-08T00:19:36.031+0000] {dag.py:3722} INFO - Setting next_dagrun for elt_reddit_pipeline to 2024-09-08T00:00:00+00:00, run_after=2024-09-09T00:00:00+00:00
[2024-09-08T00:19:36.039+0000] {processor.py:179} INFO - Processing /opt/airflow/dags/reddit_dag.py took 0.359 seconds
[2024-09-08T00:20:06.234+0000] {processor.py:157} INFO - Started process (PID=4353) to work on /opt/airflow/dags/reddit_dag.py
[2024-09-08T00:20:06.235+0000] {processor.py:829} INFO - Processing file /opt/airflow/dags/reddit_dag.py for tasks to queue
[2024-09-08T00:20:06.238+0000] {logging_mixin.py:151} INFO - [2024-09-08T00:20:06.238+0000] {dagbag.py:536} INFO - Filling up the DagBag from /opt/airflow/dags/reddit_dag.py
[2024-09-08T00:20:06.477+0000] {processor.py:839} INFO - DAG(s) dict_keys(['elt_reddit_pipeline']) retrieved from /opt/airflow/dags/reddit_dag.py
[2024-09-08T00:20:06.567+0000] {logging_mixin.py:151} INFO - [2024-09-08T00:20:06.490+0000] {dag.py:2941} INFO - Sync 1 DAGs
[2024-09-08T00:20:06.577+0000] {logging_mixin.py:151} INFO - [2024-09-08T00:20:06.577+0000] {dag.py:3722} INFO - Setting next_dagrun for elt_reddit_pipeline to 2024-09-08T00:00:00+00:00, run_after=2024-09-09T00:00:00+00:00
[2024-09-08T00:20:06.586+0000] {processor.py:179} INFO - Processing /opt/airflow/dags/reddit_dag.py took 0.359 seconds
[2024-09-08T00:20:36.895+0000] {processor.py:157} INFO - Started process (PID=4355) to work on /opt/airflow/dags/reddit_dag.py
[2024-09-08T00:20:36.897+0000] {processor.py:829} INFO - Processing file /opt/airflow/dags/reddit_dag.py for tasks to queue
[2024-09-08T00:20:36.900+0000] {logging_mixin.py:151} INFO - [2024-09-08T00:20:36.900+0000] {dagbag.py:536} INFO - Filling up the DagBag from /opt/airflow/dags/reddit_dag.py
[2024-09-08T00:20:37.139+0000] {processor.py:839} INFO - DAG(s) dict_keys(['elt_reddit_pipeline']) retrieved from /opt/airflow/dags/reddit_dag.py
[2024-09-08T00:20:37.229+0000] {logging_mixin.py:151} INFO - [2024-09-08T00:20:37.229+0000] {dag.py:2941} INFO - Sync 1 DAGs
[2024-09-08T00:20:37.238+0000] {logging_mixin.py:151} INFO - [2024-09-08T00:20:37.238+0000] {dag.py:3722} INFO - Setting next_dagrun for elt_reddit_pipeline to 2024-09-08T00:00:00+00:00, run_after=2024-09-09T00:00:00+00:00
[2024-09-08T00:20:37.246+0000] {processor.py:179} INFO - Processing /opt/airflow/dags/reddit_dag.py took 0.357 seconds
[2024-09-08T00:21:07.610+0000] {processor.py:157} INFO - Started process (PID=4357) to work on /opt/airflow/dags/reddit_dag.py
[2024-09-08T00:21:07.612+0000] {processor.py:829} INFO - Processing file /opt/airflow/dags/reddit_dag.py for tasks to queue
[2024-09-08T00:21:07.615+0000] {logging_mixin.py:151} INFO - [2024-09-08T00:21:07.615+0000] {dagbag.py:536} INFO - Filling up the DagBag from /opt/airflow/dags/reddit_dag.py
[2024-09-08T00:21:07.934+0000] {processor.py:839} INFO - DAG(s) dict_keys(['elt_reddit_pipeline']) retrieved from /opt/airflow/dags/reddit_dag.py
[2024-09-08T00:21:07.944+0000] {logging_mixin.py:151} INFO - [2024-09-08T00:21:07.944+0000] {dag.py:2941} INFO - Sync 1 DAGs
[2024-09-08T00:21:07.954+0000] {logging_mixin.py:151} INFO - [2024-09-08T00:21:07.953+0000] {dag.py:3722} INFO - Setting next_dagrun for elt_reddit_pipeline to 2024-09-08T00:00:00+00:00, run_after=2024-09-09T00:00:00+00:00
[2024-09-08T00:21:07.962+0000] {processor.py:179} INFO - Processing /opt/airflow/dags/reddit_dag.py took 0.358 seconds
[2024-09-08T00:21:38.131+0000] {processor.py:157} INFO - Started process (PID=4359) to work on /opt/airflow/dags/reddit_dag.py
[2024-09-08T00:21:38.133+0000] {processor.py:829} INFO - Processing file /opt/airflow/dags/reddit_dag.py for tasks to queue
[2024-09-08T00:21:38.136+0000] {logging_mixin.py:151} INFO - [2024-09-08T00:21:38.136+0000] {dagbag.py:536} INFO - Filling up the DagBag from /opt/airflow/dags/reddit_dag.py
[2024-09-08T00:21:38.453+0000] {processor.py:839} INFO - DAG(s) dict_keys(['elt_reddit_pipeline']) retrieved from /opt/airflow/dags/reddit_dag.py
[2024-09-08T00:21:38.464+0000] {logging_mixin.py:151} INFO - [2024-09-08T00:21:38.464+0000] {dag.py:2941} INFO - Sync 1 DAGs
[2024-09-08T00:21:38.474+0000] {logging_mixin.py:151} INFO - [2024-09-08T00:21:38.473+0000] {dag.py:3722} INFO - Setting next_dagrun for elt_reddit_pipeline to 2024-09-08T00:00:00+00:00, run_after=2024-09-09T00:00:00+00:00
[2024-09-08T00:21:38.482+0000] {processor.py:179} INFO - Processing /opt/airflow/dags/reddit_dag.py took 0.357 seconds
[2024-09-08T00:22:08.971+0000] {processor.py:157} INFO - Started process (PID=4361) to work on /opt/airflow/dags/reddit_dag.py
[2024-09-08T00:22:08.973+0000] {processor.py:829} INFO - Processing file /opt/airflow/dags/reddit_dag.py for tasks to queue
[2024-09-08T00:22:08.976+0000] {logging_mixin.py:151} INFO - [2024-09-08T00:22:08.976+0000] {dagbag.py:536} INFO - Filling up the DagBag from /opt/airflow/dags/reddit_dag.py
[2024-09-08T00:22:09.216+0000] {processor.py:839} INFO - DAG(s) dict_keys(['elt_reddit_pipeline']) retrieved from /opt/airflow/dags/reddit_dag.py
[2024-09-08T00:22:09.229+0000] {logging_mixin.py:151} INFO - [2024-09-08T00:22:09.229+0000] {dag.py:2941} INFO - Sync 1 DAGs
[2024-09-08T00:22:09.317+0000] {logging_mixin.py:151} INFO - [2024-09-08T00:22:09.317+0000] {dag.py:3722} INFO - Setting next_dagrun for elt_reddit_pipeline to 2024-09-08T00:00:00+00:00, run_after=2024-09-09T00:00:00+00:00
[2024-09-08T00:22:09.324+0000] {processor.py:179} INFO - Processing /opt/airflow/dags/reddit_dag.py took 0.358 seconds
[2024-09-08T00:22:39.496+0000] {processor.py:157} INFO - Started process (PID=4363) to work on /opt/airflow/dags/reddit_dag.py
[2024-09-08T00:22:39.498+0000] {processor.py:829} INFO - Processing file /opt/airflow/dags/reddit_dag.py for tasks to queue
[2024-09-08T00:22:39.501+0000] {logging_mixin.py:151} INFO - [2024-09-08T00:22:39.500+0000] {dagbag.py:536} INFO - Filling up the DagBag from /opt/airflow/dags/reddit_dag.py
[2024-09-08T00:22:39.740+0000] {processor.py:839} INFO - DAG(s) dict_keys(['elt_reddit_pipeline']) retrieved from /opt/airflow/dags/reddit_dag.py
[2024-09-08T00:22:39.754+0000] {logging_mixin.py:151} INFO - [2024-09-08T00:22:39.754+0000] {dag.py:2941} INFO - Sync 1 DAGs
[2024-09-08T00:22:39.843+0000] {logging_mixin.py:151} INFO - [2024-09-08T00:22:39.843+0000] {dag.py:3722} INFO - Setting next_dagrun for elt_reddit_pipeline to 2024-09-08T00:00:00+00:00, run_after=2024-09-09T00:00:00+00:00
[2024-09-08T00:22:39.851+0000] {processor.py:179} INFO - Processing /opt/airflow/dags/reddit_dag.py took 0.360 seconds
[2024-09-08T00:23:10.325+0000] {processor.py:157} INFO - Started process (PID=4365) to work on /opt/airflow/dags/reddit_dag.py
[2024-09-08T00:23:10.326+0000] {processor.py:829} INFO - Processing file /opt/airflow/dags/reddit_dag.py for tasks to queue
[2024-09-08T00:23:10.329+0000] {logging_mixin.py:151} INFO - [2024-09-08T00:23:10.329+0000] {dagbag.py:536} INFO - Filling up the DagBag from /opt/airflow/dags/reddit_dag.py
[2024-09-08T00:23:10.564+0000] {processor.py:839} INFO - DAG(s) dict_keys(['elt_reddit_pipeline']) retrieved from /opt/airflow/dags/reddit_dag.py
[2024-09-08T00:23:10.654+0000] {logging_mixin.py:151} INFO - [2024-09-08T00:23:10.578+0000] {dag.py:2941} INFO - Sync 1 DAGs
[2024-09-08T00:23:10.664+0000] {logging_mixin.py:151} INFO - [2024-09-08T00:23:10.664+0000] {dag.py:3722} INFO - Setting next_dagrun for elt_reddit_pipeline to 2024-09-08T00:00:00+00:00, run_after=2024-09-09T00:00:00+00:00
[2024-09-08T00:23:10.672+0000] {processor.py:179} INFO - Processing /opt/airflow/dags/reddit_dag.py took 0.352 seconds
[2024-09-08T00:23:40.901+0000] {processor.py:157} INFO - Started process (PID=4367) to work on /opt/airflow/dags/reddit_dag.py
[2024-09-08T00:23:40.902+0000] {processor.py:829} INFO - Processing file /opt/airflow/dags/reddit_dag.py for tasks to queue
[2024-09-08T00:23:40.906+0000] {logging_mixin.py:151} INFO - [2024-09-08T00:23:40.906+0000] {dagbag.py:536} INFO - Filling up the DagBag from /opt/airflow/dags/reddit_dag.py
[2024-09-08T00:23:41.144+0000] {processor.py:839} INFO - DAG(s) dict_keys(['elt_reddit_pipeline']) retrieved from /opt/airflow/dags/reddit_dag.py
[2024-09-08T00:23:41.233+0000] {logging_mixin.py:151} INFO - [2024-09-08T00:23:41.233+0000] {dag.py:2941} INFO - Sync 1 DAGs
[2024-09-08T00:23:41.242+0000] {logging_mixin.py:151} INFO - [2024-09-08T00:23:41.242+0000] {dag.py:3722} INFO - Setting next_dagrun for elt_reddit_pipeline to 2024-09-08T00:00:00+00:00, run_after=2024-09-09T00:00:00+00:00
[2024-09-08T00:23:41.250+0000] {processor.py:179} INFO - Processing /opt/airflow/dags/reddit_dag.py took 0.355 seconds
[2024-09-08T00:24:11.838+0000] {processor.py:157} INFO - Started process (PID=4369) to work on /opt/airflow/dags/reddit_dag.py
[2024-09-08T00:24:11.839+0000] {processor.py:829} INFO - Processing file /opt/airflow/dags/reddit_dag.py for tasks to queue
[2024-09-08T00:24:11.842+0000] {logging_mixin.py:151} INFO - [2024-09-08T00:24:11.842+0000] {dagbag.py:536} INFO - Filling up the DagBag from /opt/airflow/dags/reddit_dag.py
[2024-09-08T00:24:12.162+0000] {processor.py:839} INFO - DAG(s) dict_keys(['elt_reddit_pipeline']) retrieved from /opt/airflow/dags/reddit_dag.py
[2024-09-08T00:24:12.173+0000] {logging_mixin.py:151} INFO - [2024-09-08T00:24:12.172+0000] {dag.py:2941} INFO - Sync 1 DAGs
[2024-09-08T00:24:12.182+0000] {logging_mixin.py:151} INFO - [2024-09-08T00:24:12.182+0000] {dag.py:3722} INFO - Setting next_dagrun for elt_reddit_pipeline to 2024-09-08T00:00:00+00:00, run_after=2024-09-09T00:00:00+00:00
[2024-09-08T00:24:12.189+0000] {processor.py:179} INFO - Processing /opt/airflow/dags/reddit_dag.py took 0.357 seconds
[2024-09-08T00:24:42.295+0000] {processor.py:157} INFO - Started process (PID=4371) to work on /opt/airflow/dags/reddit_dag.py
[2024-09-08T00:24:42.296+0000] {processor.py:829} INFO - Processing file /opt/airflow/dags/reddit_dag.py for tasks to queue
[2024-09-08T00:24:42.299+0000] {logging_mixin.py:151} INFO - [2024-09-08T00:24:42.299+0000] {dagbag.py:536} INFO - Filling up the DagBag from /opt/airflow/dags/reddit_dag.py
[2024-09-08T00:24:42.619+0000] {processor.py:839} INFO - DAG(s) dict_keys(['elt_reddit_pipeline']) retrieved from /opt/airflow/dags/reddit_dag.py
[2024-09-08T00:24:42.631+0000] {logging_mixin.py:151} INFO - [2024-09-08T00:24:42.631+0000] {dag.py:2941} INFO - Sync 1 DAGs
[2024-09-08T00:24:42.643+0000] {logging_mixin.py:151} INFO - [2024-09-08T00:24:42.643+0000] {dag.py:3722} INFO - Setting next_dagrun for elt_reddit_pipeline to 2024-09-08T00:00:00+00:00, run_after=2024-09-09T00:00:00+00:00
[2024-09-08T00:24:42.651+0000] {processor.py:179} INFO - Processing /opt/airflow/dags/reddit_dag.py took 0.363 seconds
[2024-09-08T00:25:13.208+0000] {processor.py:157} INFO - Started process (PID=4373) to work on /opt/airflow/dags/reddit_dag.py
[2024-09-08T00:25:13.210+0000] {processor.py:829} INFO - Processing file /opt/airflow/dags/reddit_dag.py for tasks to queue
[2024-09-08T00:25:13.213+0000] {logging_mixin.py:151} INFO - [2024-09-08T00:25:13.212+0000] {dagbag.py:536} INFO - Filling up the DagBag from /opt/airflow/dags/reddit_dag.py
[2024-09-08T00:25:13.455+0000] {processor.py:839} INFO - DAG(s) dict_keys(['elt_reddit_pipeline']) retrieved from /opt/airflow/dags/reddit_dag.py
[2024-09-08T00:25:13.468+0000] {logging_mixin.py:151} INFO - [2024-09-08T00:25:13.468+0000] {dag.py:2941} INFO - Sync 1 DAGs
[2024-09-08T00:25:13.556+0000] {logging_mixin.py:151} INFO - [2024-09-08T00:25:13.555+0000] {dag.py:3722} INFO - Setting next_dagrun for elt_reddit_pipeline to 2024-09-08T00:00:00+00:00, run_after=2024-09-09T00:00:00+00:00
[2024-09-08T00:25:13.564+0000] {processor.py:179} INFO - Processing /opt/airflow/dags/reddit_dag.py took 0.361 seconds
[2024-09-08T00:25:43.720+0000] {processor.py:157} INFO - Started process (PID=4375) to work on /opt/airflow/dags/reddit_dag.py
[2024-09-08T00:25:43.721+0000] {processor.py:829} INFO - Processing file /opt/airflow/dags/reddit_dag.py for tasks to queue
[2024-09-08T00:25:43.724+0000] {logging_mixin.py:151} INFO - [2024-09-08T00:25:43.724+0000] {dagbag.py:536} INFO - Filling up the DagBag from /opt/airflow/dags/reddit_dag.py
[2024-09-08T00:25:43.963+0000] {processor.py:839} INFO - DAG(s) dict_keys(['elt_reddit_pipeline']) retrieved from /opt/airflow/dags/reddit_dag.py
[2024-09-08T00:25:43.978+0000] {logging_mixin.py:151} INFO - [2024-09-08T00:25:43.976+0000] {dag.py:2941} INFO - Sync 1 DAGs
[2024-09-08T00:25:44.067+0000] {logging_mixin.py:151} INFO - [2024-09-08T00:25:44.067+0000] {dag.py:3722} INFO - Setting next_dagrun for elt_reddit_pipeline to 2024-09-08T00:00:00+00:00, run_after=2024-09-09T00:00:00+00:00
[2024-09-08T00:25:44.075+0000] {processor.py:179} INFO - Processing /opt/airflow/dags/reddit_dag.py took 0.361 seconds
[2024-09-08T00:26:14.477+0000] {processor.py:157} INFO - Started process (PID=4377) to work on /opt/airflow/dags/reddit_dag.py
[2024-09-08T00:26:14.478+0000] {processor.py:829} INFO - Processing file /opt/airflow/dags/reddit_dag.py for tasks to queue
[2024-09-08T00:26:14.481+0000] {logging_mixin.py:151} INFO - [2024-09-08T00:26:14.481+0000] {dagbag.py:536} INFO - Filling up the DagBag from /opt/airflow/dags/reddit_dag.py
[2024-09-08T00:26:14.721+0000] {processor.py:839} INFO - DAG(s) dict_keys(['elt_reddit_pipeline']) retrieved from /opt/airflow/dags/reddit_dag.py
[2024-09-08T00:26:14.813+0000] {logging_mixin.py:151} INFO - [2024-09-08T00:26:14.813+0000] {dag.py:2941} INFO - Sync 1 DAGs
[2024-09-08T00:26:14.822+0000] {logging_mixin.py:151} INFO - [2024-09-08T00:26:14.822+0000] {dag.py:3722} INFO - Setting next_dagrun for elt_reddit_pipeline to 2024-09-08T00:00:00+00:00, run_after=2024-09-09T00:00:00+00:00
[2024-09-08T00:26:14.829+0000] {processor.py:179} INFO - Processing /opt/airflow/dags/reddit_dag.py took 0.359 seconds
[2024-09-08T00:26:45.279+0000] {processor.py:157} INFO - Started process (PID=4379) to work on /opt/airflow/dags/reddit_dag.py
[2024-09-08T00:26:45.281+0000] {processor.py:829} INFO - Processing file /opt/airflow/dags/reddit_dag.py for tasks to queue
[2024-09-08T00:26:45.284+0000] {logging_mixin.py:151} INFO - [2024-09-08T00:26:45.284+0000] {dagbag.py:536} INFO - Filling up the DagBag from /opt/airflow/dags/reddit_dag.py
[2024-09-08T00:26:45.598+0000] {processor.py:839} INFO - DAG(s) dict_keys(['elt_reddit_pipeline']) retrieved from /opt/airflow/dags/reddit_dag.py
[2024-09-08T00:26:45.609+0000] {logging_mixin.py:151} INFO - [2024-09-08T00:26:45.609+0000] {dag.py:2941} INFO - Sync 1 DAGs
[2024-09-08T00:26:45.619+0000] {logging_mixin.py:151} INFO - [2024-09-08T00:26:45.619+0000] {dag.py:3722} INFO - Setting next_dagrun for elt_reddit_pipeline to 2024-09-08T00:00:00+00:00, run_after=2024-09-09T00:00:00+00:00
[2024-09-08T00:26:45.627+0000] {processor.py:179} INFO - Processing /opt/airflow/dags/reddit_dag.py took 0.352 seconds
[2024-09-08T00:27:15.965+0000] {processor.py:157} INFO - Started process (PID=4381) to work on /opt/airflow/dags/reddit_dag.py
[2024-09-08T00:27:15.967+0000] {processor.py:829} INFO - Processing file /opt/airflow/dags/reddit_dag.py for tasks to queue
[2024-09-08T00:27:15.971+0000] {logging_mixin.py:151} INFO - [2024-09-08T00:27:15.971+0000] {dagbag.py:536} INFO - Filling up the DagBag from /opt/airflow/dags/reddit_dag.py
[2024-09-08T00:27:16.292+0000] {processor.py:839} INFO - DAG(s) dict_keys(['elt_reddit_pipeline']) retrieved from /opt/airflow/dags/reddit_dag.py
[2024-09-08T00:27:16.304+0000] {logging_mixin.py:151} INFO - [2024-09-08T00:27:16.303+0000] {dag.py:2941} INFO - Sync 1 DAGs
[2024-09-08T00:27:16.313+0000] {logging_mixin.py:151} INFO - [2024-09-08T00:27:16.313+0000] {dag.py:3722} INFO - Setting next_dagrun for elt_reddit_pipeline to 2024-09-08T00:00:00+00:00, run_after=2024-09-09T00:00:00+00:00
[2024-09-08T00:27:16.321+0000] {processor.py:179} INFO - Processing /opt/airflow/dags/reddit_dag.py took 0.362 seconds
[2024-09-08T00:27:46.501+0000] {processor.py:157} INFO - Started process (PID=4383) to work on /opt/airflow/dags/reddit_dag.py
[2024-09-08T00:27:46.503+0000] {processor.py:829} INFO - Processing file /opt/airflow/dags/reddit_dag.py for tasks to queue
[2024-09-08T00:27:46.506+0000] {logging_mixin.py:151} INFO - [2024-09-08T00:27:46.506+0000] {dagbag.py:536} INFO - Filling up the DagBag from /opt/airflow/dags/reddit_dag.py
[2024-09-08T00:27:46.823+0000] {processor.py:839} INFO - DAG(s) dict_keys(['elt_reddit_pipeline']) retrieved from /opt/airflow/dags/reddit_dag.py
[2024-09-08T00:27:46.834+0000] {logging_mixin.py:151} INFO - [2024-09-08T00:27:46.834+0000] {dag.py:2941} INFO - Sync 1 DAGs
[2024-09-08T00:27:46.844+0000] {logging_mixin.py:151} INFO - [2024-09-08T00:27:46.844+0000] {dag.py:3722} INFO - Setting next_dagrun for elt_reddit_pipeline to 2024-09-08T00:00:00+00:00, run_after=2024-09-09T00:00:00+00:00
[2024-09-08T00:27:46.852+0000] {processor.py:179} INFO - Processing /opt/airflow/dags/reddit_dag.py took 0.357 seconds
[2024-09-08T00:28:17.389+0000] {processor.py:157} INFO - Started process (PID=4385) to work on /opt/airflow/dags/reddit_dag.py
[2024-09-08T00:28:17.391+0000] {processor.py:829} INFO - Processing file /opt/airflow/dags/reddit_dag.py for tasks to queue
[2024-09-08T00:28:17.394+0000] {logging_mixin.py:151} INFO - [2024-09-08T00:28:17.393+0000] {dagbag.py:536} INFO - Filling up the DagBag from /opt/airflow/dags/reddit_dag.py
[2024-09-08T00:28:17.635+0000] {processor.py:839} INFO - DAG(s) dict_keys(['elt_reddit_pipeline']) retrieved from /opt/airflow/dags/reddit_dag.py
[2024-09-08T00:28:17.647+0000] {logging_mixin.py:151} INFO - [2024-09-08T00:28:17.647+0000] {dag.py:2941} INFO - Sync 1 DAGs
[2024-09-08T00:28:17.735+0000] {logging_mixin.py:151} INFO - [2024-09-08T00:28:17.735+0000] {dag.py:3722} INFO - Setting next_dagrun for elt_reddit_pipeline to 2024-09-08T00:00:00+00:00, run_after=2024-09-09T00:00:00+00:00
[2024-09-08T00:28:17.743+0000] {processor.py:179} INFO - Processing /opt/airflow/dags/reddit_dag.py took 0.360 seconds
[2024-09-08T00:28:47.901+0000] {processor.py:157} INFO - Started process (PID=4387) to work on /opt/airflow/dags/reddit_dag.py
[2024-09-08T00:28:47.903+0000] {processor.py:829} INFO - Processing file /opt/airflow/dags/reddit_dag.py for tasks to queue
[2024-09-08T00:28:47.906+0000] {logging_mixin.py:151} INFO - [2024-09-08T00:28:47.905+0000] {dagbag.py:536} INFO - Filling up the DagBag from /opt/airflow/dags/reddit_dag.py
[2024-09-08T00:28:48.144+0000] {processor.py:839} INFO - DAG(s) dict_keys(['elt_reddit_pipeline']) retrieved from /opt/airflow/dags/reddit_dag.py
[2024-09-08T00:28:48.236+0000] {logging_mixin.py:151} INFO - [2024-09-08T00:28:48.157+0000] {dag.py:2941} INFO - Sync 1 DAGs
[2024-09-08T00:28:48.246+0000] {logging_mixin.py:151} INFO - [2024-09-08T00:28:48.246+0000] {dag.py:3722} INFO - Setting next_dagrun for elt_reddit_pipeline to 2024-09-08T00:00:00+00:00, run_after=2024-09-09T00:00:00+00:00
[2024-09-08T00:28:48.253+0000] {processor.py:179} INFO - Processing /opt/airflow/dags/reddit_dag.py took 0.358 seconds
[2024-09-08T00:29:18.875+0000] {processor.py:157} INFO - Started process (PID=4389) to work on /opt/airflow/dags/reddit_dag.py
[2024-09-08T00:29:18.877+0000] {processor.py:829} INFO - Processing file /opt/airflow/dags/reddit_dag.py for tasks to queue
[2024-09-08T00:29:18.880+0000] {logging_mixin.py:151} INFO - [2024-09-08T00:29:18.879+0000] {dagbag.py:536} INFO - Filling up the DagBag from /opt/airflow/dags/reddit_dag.py
[2024-09-08T00:29:19.120+0000] {processor.py:839} INFO - DAG(s) dict_keys(['elt_reddit_pipeline']) retrieved from /opt/airflow/dags/reddit_dag.py
[2024-09-08T00:29:19.210+0000] {logging_mixin.py:151} INFO - [2024-09-08T00:29:19.210+0000] {dag.py:2941} INFO - Sync 1 DAGs
[2024-09-08T00:29:19.219+0000] {logging_mixin.py:151} INFO - [2024-09-08T00:29:19.219+0000] {dag.py:3722} INFO - Setting next_dagrun for elt_reddit_pipeline to 2024-09-08T00:00:00+00:00, run_after=2024-09-09T00:00:00+00:00
[2024-09-08T00:29:19.227+0000] {processor.py:179} INFO - Processing /opt/airflow/dags/reddit_dag.py took 0.357 seconds
[2024-09-08T00:29:49.444+0000] {processor.py:157} INFO - Started process (PID=4391) to work on /opt/airflow/dags/reddit_dag.py
[2024-09-08T00:29:49.444+0000] {processor.py:829} INFO - Processing file /opt/airflow/dags/reddit_dag.py for tasks to queue
[2024-09-08T00:29:49.446+0000] {logging_mixin.py:151} INFO - [2024-09-08T00:29:49.446+0000] {dagbag.py:536} INFO - Filling up the DagBag from /opt/airflow/dags/reddit_dag.py
[2024-09-08T00:29:49.771+0000] {processor.py:839} INFO - DAG(s) dict_keys(['elt_reddit_pipeline']) retrieved from /opt/airflow/dags/reddit_dag.py
[2024-09-08T00:29:49.782+0000] {logging_mixin.py:151} INFO - [2024-09-08T00:29:49.782+0000] {dag.py:2941} INFO - Sync 1 DAGs
[2024-09-08T00:29:49.792+0000] {logging_mixin.py:151} INFO - [2024-09-08T00:29:49.792+0000] {dag.py:3722} INFO - Setting next_dagrun for elt_reddit_pipeline to 2024-09-08T00:00:00+00:00, run_after=2024-09-09T00:00:00+00:00
[2024-09-08T00:29:49.800+0000] {processor.py:179} INFO - Processing /opt/airflow/dags/reddit_dag.py took 0.359 seconds
[2024-09-08T00:30:20.229+0000] {processor.py:157} INFO - Started process (PID=4393) to work on /opt/airflow/dags/reddit_dag.py
[2024-09-08T00:30:20.231+0000] {processor.py:829} INFO - Processing file /opt/airflow/dags/reddit_dag.py for tasks to queue
[2024-09-08T00:30:20.235+0000] {logging_mixin.py:151} INFO - [2024-09-08T00:30:20.235+0000] {dagbag.py:536} INFO - Filling up the DagBag from /opt/airflow/dags/reddit_dag.py
[2024-09-08T00:30:20.553+0000] {processor.py:839} INFO - DAG(s) dict_keys(['elt_reddit_pipeline']) retrieved from /opt/airflow/dags/reddit_dag.py
[2024-09-08T00:30:20.565+0000] {logging_mixin.py:151} INFO - [2024-09-08T00:30:20.565+0000] {dag.py:2941} INFO - Sync 1 DAGs
[2024-09-08T00:30:20.575+0000] {logging_mixin.py:151} INFO - [2024-09-08T00:30:20.575+0000] {dag.py:3722} INFO - Setting next_dagrun for elt_reddit_pipeline to 2024-09-08T00:00:00+00:00, run_after=2024-09-09T00:00:00+00:00
[2024-09-08T00:30:20.584+0000] {processor.py:179} INFO - Processing /opt/airflow/dags/reddit_dag.py took 0.360 seconds
[2024-09-08T00:30:50.717+0000] {processor.py:157} INFO - Started process (PID=4395) to work on /opt/airflow/dags/reddit_dag.py
[2024-09-08T00:30:50.719+0000] {processor.py:829} INFO - Processing file /opt/airflow/dags/reddit_dag.py for tasks to queue
[2024-09-08T00:30:50.723+0000] {logging_mixin.py:151} INFO - [2024-09-08T00:30:50.723+0000] {dagbag.py:536} INFO - Filling up the DagBag from /opt/airflow/dags/reddit_dag.py
[2024-09-08T00:30:51.055+0000] {processor.py:839} INFO - DAG(s) dict_keys(['elt_reddit_pipeline']) retrieved from /opt/airflow/dags/reddit_dag.py
[2024-09-08T00:30:51.065+0000] {logging_mixin.py:151} INFO - [2024-09-08T00:30:51.065+0000] {dag.py:2941} INFO - Sync 1 DAGs
[2024-09-08T00:30:51.076+0000] {logging_mixin.py:151} INFO - [2024-09-08T00:30:51.076+0000] {dag.py:3722} INFO - Setting next_dagrun for elt_reddit_pipeline to 2024-09-08T00:00:00+00:00, run_after=2024-09-09T00:00:00+00:00
[2024-09-08T00:30:51.084+0000] {processor.py:179} INFO - Processing /opt/airflow/dags/reddit_dag.py took 0.372 seconds
[2024-09-08T00:31:21.547+0000] {processor.py:157} INFO - Started process (PID=4397) to work on /opt/airflow/dags/reddit_dag.py
[2024-09-08T00:31:21.548+0000] {processor.py:829} INFO - Processing file /opt/airflow/dags/reddit_dag.py for tasks to queue
[2024-09-08T00:31:21.552+0000] {logging_mixin.py:151} INFO - [2024-09-08T00:31:21.552+0000] {dagbag.py:536} INFO - Filling up the DagBag from /opt/airflow/dags/reddit_dag.py
[2024-09-08T00:31:21.790+0000] {processor.py:839} INFO - DAG(s) dict_keys(['elt_reddit_pipeline']) retrieved from /opt/airflow/dags/reddit_dag.py
[2024-09-08T00:31:21.802+0000] {logging_mixin.py:151} INFO - [2024-09-08T00:31:21.802+0000] {dag.py:2941} INFO - Sync 1 DAGs
[2024-09-08T00:31:21.889+0000] {logging_mixin.py:151} INFO - [2024-09-08T00:31:21.888+0000] {dag.py:3722} INFO - Setting next_dagrun for elt_reddit_pipeline to 2024-09-08T00:00:00+00:00, run_after=2024-09-09T00:00:00+00:00
[2024-09-08T00:31:21.897+0000] {processor.py:179} INFO - Processing /opt/airflow/dags/reddit_dag.py took 0.355 seconds
[2024-09-08T00:31:52.085+0000] {processor.py:157} INFO - Started process (PID=4399) to work on /opt/airflow/dags/reddit_dag.py
[2024-09-08T00:31:52.087+0000] {processor.py:829} INFO - Processing file /opt/airflow/dags/reddit_dag.py for tasks to queue
[2024-09-08T00:31:52.091+0000] {logging_mixin.py:151} INFO - [2024-09-08T00:31:52.090+0000] {dagbag.py:536} INFO - Filling up the DagBag from /opt/airflow/dags/reddit_dag.py
[2024-09-08T00:31:52.329+0000] {processor.py:839} INFO - DAG(s) dict_keys(['elt_reddit_pipeline']) retrieved from /opt/airflow/dags/reddit_dag.py
[2024-09-08T00:31:52.420+0000] {logging_mixin.py:151} INFO - [2024-09-08T00:31:52.419+0000] {dag.py:2941} INFO - Sync 1 DAGs
[2024-09-08T00:31:52.429+0000] {logging_mixin.py:151} INFO - [2024-09-08T00:31:52.429+0000] {dag.py:3722} INFO - Setting next_dagrun for elt_reddit_pipeline to 2024-09-08T00:00:00+00:00, run_after=2024-09-09T00:00:00+00:00
[2024-09-08T00:31:52.437+0000] {processor.py:179} INFO - Processing /opt/airflow/dags/reddit_dag.py took 0.358 seconds
[2024-09-08T00:32:22.971+0000] {processor.py:157} INFO - Started process (PID=4401) to work on /opt/airflow/dags/reddit_dag.py
[2024-09-08T00:32:22.972+0000] {processor.py:829} INFO - Processing file /opt/airflow/dags/reddit_dag.py for tasks to queue
[2024-09-08T00:32:22.975+0000] {logging_mixin.py:151} INFO - [2024-09-08T00:32:22.975+0000] {dagbag.py:536} INFO - Filling up the DagBag from /opt/airflow/dags/reddit_dag.py
[2024-09-08T00:32:23.288+0000] {processor.py:839} INFO - DAG(s) dict_keys(['elt_reddit_pipeline']) retrieved from /opt/airflow/dags/reddit_dag.py
[2024-09-08T00:32:23.299+0000] {logging_mixin.py:151} INFO - [2024-09-08T00:32:23.299+0000] {dag.py:2941} INFO - Sync 1 DAGs
[2024-09-08T00:32:23.309+0000] {logging_mixin.py:151} INFO - [2024-09-08T00:32:23.309+0000] {dag.py:3722} INFO - Setting next_dagrun for elt_reddit_pipeline to 2024-09-08T00:00:00+00:00, run_after=2024-09-09T00:00:00+00:00
[2024-09-08T00:32:23.316+0000] {processor.py:179} INFO - Processing /opt/airflow/dags/reddit_dag.py took 0.349 seconds
[2024-09-08T00:32:53.566+0000] {processor.py:157} INFO - Started process (PID=4403) to work on /opt/airflow/dags/reddit_dag.py
[2024-09-08T00:32:53.568+0000] {processor.py:829} INFO - Processing file /opt/airflow/dags/reddit_dag.py for tasks to queue
[2024-09-08T00:32:53.571+0000] {logging_mixin.py:151} INFO - [2024-09-08T00:32:53.570+0000] {dagbag.py:536} INFO - Filling up the DagBag from /opt/airflow/dags/reddit_dag.py
[2024-09-08T00:32:53.889+0000] {processor.py:839} INFO - DAG(s) dict_keys(['elt_reddit_pipeline']) retrieved from /opt/airflow/dags/reddit_dag.py
[2024-09-08T00:32:53.899+0000] {logging_mixin.py:151} INFO - [2024-09-08T00:32:53.899+0000] {dag.py:2941} INFO - Sync 1 DAGs
[2024-09-08T00:32:53.909+0000] {logging_mixin.py:151} INFO - [2024-09-08T00:32:53.909+0000] {dag.py:3722} INFO - Setting next_dagrun for elt_reddit_pipeline to 2024-09-08T00:00:00+00:00, run_after=2024-09-09T00:00:00+00:00
[2024-09-08T00:32:53.916+0000] {processor.py:179} INFO - Processing /opt/airflow/dags/reddit_dag.py took 0.356 seconds
[2024-09-08T00:33:24.240+0000] {processor.py:157} INFO - Started process (PID=4405) to work on /opt/airflow/dags/reddit_dag.py
[2024-09-08T00:33:24.242+0000] {processor.py:829} INFO - Processing file /opt/airflow/dags/reddit_dag.py for tasks to queue
[2024-09-08T00:33:24.245+0000] {logging_mixin.py:151} INFO - [2024-09-08T00:33:24.244+0000] {dagbag.py:536} INFO - Filling up the DagBag from /opt/airflow/dags/reddit_dag.py
[2024-09-08T00:33:24.564+0000] {processor.py:839} INFO - DAG(s) dict_keys(['elt_reddit_pipeline']) retrieved from /opt/airflow/dags/reddit_dag.py
[2024-09-08T00:33:24.575+0000] {logging_mixin.py:151} INFO - [2024-09-08T00:33:24.575+0000] {dag.py:2941} INFO - Sync 1 DAGs
[2024-09-08T00:33:24.585+0000] {logging_mixin.py:151} INFO - [2024-09-08T00:33:24.585+0000] {dag.py:3722} INFO - Setting next_dagrun for elt_reddit_pipeline to 2024-09-08T00:00:00+00:00, run_after=2024-09-09T00:00:00+00:00
[2024-09-08T00:33:24.593+0000] {processor.py:179} INFO - Processing /opt/airflow/dags/reddit_dag.py took 0.359 seconds
[2024-09-08T00:33:54.902+0000] {processor.py:157} INFO - Started process (PID=4407) to work on /opt/airflow/dags/reddit_dag.py
[2024-09-08T00:33:54.903+0000] {processor.py:829} INFO - Processing file /opt/airflow/dags/reddit_dag.py for tasks to queue
[2024-09-08T00:33:54.907+0000] {logging_mixin.py:151} INFO - [2024-09-08T00:33:54.907+0000] {dagbag.py:536} INFO - Filling up the DagBag from /opt/airflow/dags/reddit_dag.py
[2024-09-08T00:33:55.149+0000] {processor.py:839} INFO - DAG(s) dict_keys(['elt_reddit_pipeline']) retrieved from /opt/airflow/dags/reddit_dag.py
[2024-09-08T00:33:55.163+0000] {logging_mixin.py:151} INFO - [2024-09-08T00:33:55.162+0000] {dag.py:2941} INFO - Sync 1 DAGs
[2024-09-08T00:33:55.250+0000] {logging_mixin.py:151} INFO - [2024-09-08T00:33:55.250+0000] {dag.py:3722} INFO - Setting next_dagrun for elt_reddit_pipeline to 2024-09-08T00:00:00+00:00, run_after=2024-09-09T00:00:00+00:00
[2024-09-08T00:33:55.258+0000] {processor.py:179} INFO - Processing /opt/airflow/dags/reddit_dag.py took 0.362 seconds
[2024-09-08T00:34:25.546+0000] {processor.py:157} INFO - Started process (PID=4409) to work on /opt/airflow/dags/reddit_dag.py
[2024-09-08T00:34:25.548+0000] {processor.py:829} INFO - Processing file /opt/airflow/dags/reddit_dag.py for tasks to queue
[2024-09-08T00:34:25.552+0000] {logging_mixin.py:151} INFO - [2024-09-08T00:34:25.551+0000] {dagbag.py:536} INFO - Filling up the DagBag from /opt/airflow/dags/reddit_dag.py
[2024-09-08T00:34:25.792+0000] {processor.py:839} INFO - DAG(s) dict_keys(['elt_reddit_pipeline']) retrieved from /opt/airflow/dags/reddit_dag.py
[2024-09-08T00:34:25.806+0000] {logging_mixin.py:151} INFO - [2024-09-08T00:34:25.805+0000] {dag.py:2941} INFO - Sync 1 DAGs
[2024-09-08T00:34:25.894+0000] {logging_mixin.py:151} INFO - [2024-09-08T00:34:25.893+0000] {dag.py:3722} INFO - Setting next_dagrun for elt_reddit_pipeline to 2024-09-08T00:00:00+00:00, run_after=2024-09-09T00:00:00+00:00
[2024-09-08T00:34:25.901+0000] {processor.py:179} INFO - Processing /opt/airflow/dags/reddit_dag.py took 0.361 seconds
[2024-09-08T00:34:56.267+0000] {processor.py:157} INFO - Started process (PID=4411) to work on /opt/airflow/dags/reddit_dag.py
[2024-09-08T00:34:56.268+0000] {processor.py:829} INFO - Processing file /opt/airflow/dags/reddit_dag.py for tasks to queue
[2024-09-08T00:34:56.272+0000] {logging_mixin.py:151} INFO - [2024-09-08T00:34:56.271+0000] {dagbag.py:536} INFO - Filling up the DagBag from /opt/airflow/dags/reddit_dag.py
[2024-09-08T00:34:56.511+0000] {processor.py:839} INFO - DAG(s) dict_keys(['elt_reddit_pipeline']) retrieved from /opt/airflow/dags/reddit_dag.py
[2024-09-08T00:34:56.602+0000] {logging_mixin.py:151} INFO - [2024-09-08T00:34:56.602+0000] {dag.py:2941} INFO - Sync 1 DAGs
[2024-09-08T00:34:56.611+0000] {logging_mixin.py:151} INFO - [2024-09-08T00:34:56.611+0000] {dag.py:3722} INFO - Setting next_dagrun for elt_reddit_pipeline to 2024-09-08T00:00:00+00:00, run_after=2024-09-09T00:00:00+00:00
[2024-09-08T00:34:56.619+0000] {processor.py:179} INFO - Processing /opt/airflow/dags/reddit_dag.py took 0.357 seconds
[2024-09-08T00:35:27.090+0000] {processor.py:157} INFO - Started process (PID=4413) to work on /opt/airflow/dags/reddit_dag.py
[2024-09-08T00:35:27.091+0000] {processor.py:829} INFO - Processing file /opt/airflow/dags/reddit_dag.py for tasks to queue
[2024-09-08T00:35:27.094+0000] {logging_mixin.py:151} INFO - [2024-09-08T00:35:27.094+0000] {dagbag.py:536} INFO - Filling up the DagBag from /opt/airflow/dags/reddit_dag.py
[2024-09-08T00:35:27.415+0000] {processor.py:839} INFO - DAG(s) dict_keys(['elt_reddit_pipeline']) retrieved from /opt/airflow/dags/reddit_dag.py
[2024-09-08T00:35:27.426+0000] {logging_mixin.py:151} INFO - [2024-09-08T00:35:27.426+0000] {dag.py:2941} INFO - Sync 1 DAGs
[2024-09-08T00:35:27.435+0000] {logging_mixin.py:151} INFO - [2024-09-08T00:35:27.435+0000] {dag.py:3722} INFO - Setting next_dagrun for elt_reddit_pipeline to 2024-09-08T00:00:00+00:00, run_after=2024-09-09T00:00:00+00:00
[2024-09-08T00:35:27.442+0000] {processor.py:179} INFO - Processing /opt/airflow/dags/reddit_dag.py took 0.358 seconds
[2024-09-08T00:35:57.569+0000] {processor.py:157} INFO - Started process (PID=4415) to work on /opt/airflow/dags/reddit_dag.py
[2024-09-08T00:35:57.570+0000] {processor.py:829} INFO - Processing file /opt/airflow/dags/reddit_dag.py for tasks to queue
[2024-09-08T00:35:57.572+0000] {logging_mixin.py:151} INFO - [2024-09-08T00:35:57.572+0000] {dagbag.py:536} INFO - Filling up the DagBag from /opt/airflow/dags/reddit_dag.py
[2024-09-08T00:35:57.887+0000] {processor.py:839} INFO - DAG(s) dict_keys(['elt_reddit_pipeline']) retrieved from /opt/airflow/dags/reddit_dag.py
[2024-09-08T00:35:57.898+0000] {logging_mixin.py:151} INFO - [2024-09-08T00:35:57.898+0000] {dag.py:2941} INFO - Sync 1 DAGs
[2024-09-08T00:35:57.908+0000] {logging_mixin.py:151} INFO - [2024-09-08T00:35:57.908+0000] {dag.py:3722} INFO - Setting next_dagrun for elt_reddit_pipeline to 2024-09-08T00:00:00+00:00, run_after=2024-09-09T00:00:00+00:00
[2024-09-08T00:35:57.916+0000] {processor.py:179} INFO - Processing /opt/airflow/dags/reddit_dag.py took 0.351 seconds
[2024-09-08T00:36:28.446+0000] {processor.py:157} INFO - Started process (PID=4417) to work on /opt/airflow/dags/reddit_dag.py
[2024-09-08T00:36:28.447+0000] {processor.py:829} INFO - Processing file /opt/airflow/dags/reddit_dag.py for tasks to queue
[2024-09-08T00:36:28.450+0000] {logging_mixin.py:151} INFO - [2024-09-08T00:36:28.450+0000] {dagbag.py:536} INFO - Filling up the DagBag from /opt/airflow/dags/reddit_dag.py
[2024-09-08T00:36:28.766+0000] {processor.py:839} INFO - DAG(s) dict_keys(['elt_reddit_pipeline']) retrieved from /opt/airflow/dags/reddit_dag.py
[2024-09-08T00:36:28.776+0000] {logging_mixin.py:151} INFO - [2024-09-08T00:36:28.776+0000] {dag.py:2941} INFO - Sync 1 DAGs
[2024-09-08T00:36:28.786+0000] {logging_mixin.py:151} INFO - [2024-09-08T00:36:28.786+0000] {dag.py:3722} INFO - Setting next_dagrun for elt_reddit_pipeline to 2024-09-08T00:00:00+00:00, run_after=2024-09-09T00:00:00+00:00
[2024-09-08T00:36:28.794+0000] {processor.py:179} INFO - Processing /opt/airflow/dags/reddit_dag.py took 0.353 seconds
[2024-09-08T00:36:58.947+0000] {processor.py:157} INFO - Started process (PID=4419) to work on /opt/airflow/dags/reddit_dag.py
[2024-09-08T00:36:58.949+0000] {processor.py:829} INFO - Processing file /opt/airflow/dags/reddit_dag.py for tasks to queue
[2024-09-08T00:36:58.952+0000] {logging_mixin.py:151} INFO - [2024-09-08T00:36:58.952+0000] {dagbag.py:536} INFO - Filling up the DagBag from /opt/airflow/dags/reddit_dag.py
[2024-09-08T00:36:59.191+0000] {processor.py:839} INFO - DAG(s) dict_keys(['elt_reddit_pipeline']) retrieved from /opt/airflow/dags/reddit_dag.py
[2024-09-08T00:36:59.203+0000] {logging_mixin.py:151} INFO - [2024-09-08T00:36:59.203+0000] {dag.py:2941} INFO - Sync 1 DAGs
[2024-09-08T00:36:59.290+0000] {logging_mixin.py:151} INFO - [2024-09-08T00:36:59.290+0000] {dag.py:3722} INFO - Setting next_dagrun for elt_reddit_pipeline to 2024-09-08T00:00:00+00:00, run_after=2024-09-09T00:00:00+00:00
[2024-09-08T00:36:59.298+0000] {processor.py:179} INFO - Processing /opt/airflow/dags/reddit_dag.py took 0.357 seconds
[2024-09-08T00:37:29.774+0000] {processor.py:157} INFO - Started process (PID=4421) to work on /opt/airflow/dags/reddit_dag.py
[2024-09-08T00:37:29.776+0000] {processor.py:829} INFO - Processing file /opt/airflow/dags/reddit_dag.py for tasks to queue
[2024-09-08T00:37:29.779+0000] {logging_mixin.py:151} INFO - [2024-09-08T00:37:29.778+0000] {dagbag.py:536} INFO - Filling up the DagBag from /opt/airflow/dags/reddit_dag.py
[2024-09-08T00:37:30.017+0000] {processor.py:839} INFO - DAG(s) dict_keys(['elt_reddit_pipeline']) retrieved from /opt/airflow/dags/reddit_dag.py
[2024-09-08T00:37:30.108+0000] {logging_mixin.py:151} INFO - [2024-09-08T00:37:30.030+0000] {dag.py:2941} INFO - Sync 1 DAGs
[2024-09-08T00:37:30.118+0000] {logging_mixin.py:151} INFO - [2024-09-08T00:37:30.118+0000] {dag.py:3722} INFO - Setting next_dagrun for elt_reddit_pipeline to 2024-09-08T00:00:00+00:00, run_after=2024-09-09T00:00:00+00:00
[2024-09-08T00:37:30.125+0000] {processor.py:179} INFO - Processing /opt/airflow/dags/reddit_dag.py took 0.356 seconds
[2024-09-08T00:38:00.327+0000] {processor.py:157} INFO - Started process (PID=4423) to work on /opt/airflow/dags/reddit_dag.py
[2024-09-08T00:38:00.329+0000] {processor.py:829} INFO - Processing file /opt/airflow/dags/reddit_dag.py for tasks to queue
[2024-09-08T00:38:00.332+0000] {logging_mixin.py:151} INFO - [2024-09-08T00:38:00.332+0000] {dagbag.py:536} INFO - Filling up the DagBag from /opt/airflow/dags/reddit_dag.py
[2024-09-08T00:38:00.571+0000] {processor.py:839} INFO - DAG(s) dict_keys(['elt_reddit_pipeline']) retrieved from /opt/airflow/dags/reddit_dag.py
[2024-09-08T00:38:00.664+0000] {logging_mixin.py:151} INFO - [2024-09-08T00:38:00.664+0000] {dag.py:2941} INFO - Sync 1 DAGs
[2024-09-08T00:38:00.674+0000] {logging_mixin.py:151} INFO - [2024-09-08T00:38:00.673+0000] {dag.py:3722} INFO - Setting next_dagrun for elt_reddit_pipeline to 2024-09-08T00:00:00+00:00, run_after=2024-09-09T00:00:00+00:00
[2024-09-08T00:38:00.681+0000] {processor.py:179} INFO - Processing /opt/airflow/dags/reddit_dag.py took 0.360 seconds
[2024-09-08T00:38:31.140+0000] {processor.py:157} INFO - Started process (PID=4425) to work on /opt/airflow/dags/reddit_dag.py
[2024-09-08T00:38:31.142+0000] {processor.py:829} INFO - Processing file /opt/airflow/dags/reddit_dag.py for tasks to queue
[2024-09-08T00:38:31.146+0000] {logging_mixin.py:151} INFO - [2024-09-08T00:38:31.145+0000] {dagbag.py:536} INFO - Filling up the DagBag from /opt/airflow/dags/reddit_dag.py
[2024-09-08T00:38:31.469+0000] {processor.py:839} INFO - DAG(s) dict_keys(['elt_reddit_pipeline']) retrieved from /opt/airflow/dags/reddit_dag.py
[2024-09-08T00:38:31.480+0000] {logging_mixin.py:151} INFO - [2024-09-08T00:38:31.479+0000] {dag.py:2941} INFO - Sync 1 DAGs
[2024-09-08T00:38:31.489+0000] {logging_mixin.py:151} INFO - [2024-09-08T00:38:31.489+0000] {dag.py:3722} INFO - Setting next_dagrun for elt_reddit_pipeline to 2024-09-08T00:00:00+00:00, run_after=2024-09-09T00:00:00+00:00
[2024-09-08T00:38:31.496+0000] {processor.py:179} INFO - Processing /opt/airflow/dags/reddit_dag.py took 0.361 seconds
[2024-09-08T00:39:01.650+0000] {processor.py:157} INFO - Started process (PID=4427) to work on /opt/airflow/dags/reddit_dag.py
[2024-09-08T00:39:01.652+0000] {processor.py:829} INFO - Processing file /opt/airflow/dags/reddit_dag.py for tasks to queue
[2024-09-08T00:39:01.656+0000] {logging_mixin.py:151} INFO - [2024-09-08T00:39:01.655+0000] {dagbag.py:536} INFO - Filling up the DagBag from /opt/airflow/dags/reddit_dag.py
[2024-09-08T00:39:01.973+0000] {processor.py:839} INFO - DAG(s) dict_keys(['elt_reddit_pipeline']) retrieved from /opt/airflow/dags/reddit_dag.py
[2024-09-08T00:39:01.984+0000] {logging_mixin.py:151} INFO - [2024-09-08T00:39:01.984+0000] {dag.py:2941} INFO - Sync 1 DAGs
[2024-09-08T00:39:01.994+0000] {logging_mixin.py:151} INFO - [2024-09-08T00:39:01.994+0000] {dag.py:3722} INFO - Setting next_dagrun for elt_reddit_pipeline to 2024-09-08T00:00:00+00:00, run_after=2024-09-09T00:00:00+00:00
[2024-09-08T00:39:02.002+0000] {processor.py:179} INFO - Processing /opt/airflow/dags/reddit_dag.py took 0.358 seconds
[2024-09-08T00:39:32.140+0000] {processor.py:157} INFO - Started process (PID=4429) to work on /opt/airflow/dags/reddit_dag.py
[2024-09-08T00:39:32.141+0000] {processor.py:829} INFO - Processing file /opt/airflow/dags/reddit_dag.py for tasks to queue
[2024-09-08T00:39:32.144+0000] {logging_mixin.py:151} INFO - [2024-09-08T00:39:32.144+0000] {dagbag.py:536} INFO - Filling up the DagBag from /opt/airflow/dags/reddit_dag.py
[2024-09-08T00:39:32.457+0000] {processor.py:839} INFO - DAG(s) dict_keys(['elt_reddit_pipeline']) retrieved from /opt/airflow/dags/reddit_dag.py
[2024-09-08T00:39:32.468+0000] {logging_mixin.py:151} INFO - [2024-09-08T00:39:32.468+0000] {dag.py:2941} INFO - Sync 1 DAGs
[2024-09-08T00:39:32.478+0000] {logging_mixin.py:151} INFO - [2024-09-08T00:39:32.478+0000] {dag.py:3722} INFO - Setting next_dagrun for elt_reddit_pipeline to 2024-09-08T00:00:00+00:00, run_after=2024-09-09T00:00:00+00:00
[2024-09-08T00:39:32.486+0000] {processor.py:179} INFO - Processing /opt/airflow/dags/reddit_dag.py took 0.352 seconds
[2024-09-08T00:40:03.020+0000] {processor.py:157} INFO - Started process (PID=4431) to work on /opt/airflow/dags/reddit_dag.py
[2024-09-08T00:40:03.022+0000] {processor.py:829} INFO - Processing file /opt/airflow/dags/reddit_dag.py for tasks to queue
[2024-09-08T00:40:03.025+0000] {logging_mixin.py:151} INFO - [2024-09-08T00:40:03.024+0000] {dagbag.py:536} INFO - Filling up the DagBag from /opt/airflow/dags/reddit_dag.py
[2024-09-08T00:40:03.263+0000] {processor.py:839} INFO - DAG(s) dict_keys(['elt_reddit_pipeline']) retrieved from /opt/airflow/dags/reddit_dag.py
[2024-09-08T00:40:03.277+0000] {logging_mixin.py:151} INFO - [2024-09-08T00:40:03.276+0000] {dag.py:2941} INFO - Sync 1 DAGs
[2024-09-08T00:40:03.365+0000] {logging_mixin.py:151} INFO - [2024-09-08T00:40:03.365+0000] {dag.py:3722} INFO - Setting next_dagrun for elt_reddit_pipeline to 2024-09-08T00:00:00+00:00, run_after=2024-09-09T00:00:00+00:00
[2024-09-08T00:40:03.373+0000] {processor.py:179} INFO - Processing /opt/airflow/dags/reddit_dag.py took 0.358 seconds
[2024-09-08T00:40:33.573+0000] {processor.py:157} INFO - Started process (PID=4433) to work on /opt/airflow/dags/reddit_dag.py
[2024-09-08T00:40:33.575+0000] {processor.py:829} INFO - Processing file /opt/airflow/dags/reddit_dag.py for tasks to queue
[2024-09-08T00:40:33.578+0000] {logging_mixin.py:151} INFO - [2024-09-08T00:40:33.578+0000] {dagbag.py:536} INFO - Filling up the DagBag from /opt/airflow/dags/reddit_dag.py
[2024-09-08T00:40:33.820+0000] {processor.py:839} INFO - DAG(s) dict_keys(['elt_reddit_pipeline']) retrieved from /opt/airflow/dags/reddit_dag.py
[2024-09-08T00:40:33.909+0000] {logging_mixin.py:151} INFO - [2024-09-08T00:40:33.909+0000] {dag.py:2941} INFO - Sync 1 DAGs
[2024-09-08T00:40:33.918+0000] {logging_mixin.py:151} INFO - [2024-09-08T00:40:33.918+0000] {dag.py:3722} INFO - Setting next_dagrun for elt_reddit_pipeline to 2024-09-08T00:00:00+00:00, run_after=2024-09-09T00:00:00+00:00
[2024-09-08T00:40:33.926+0000] {processor.py:179} INFO - Processing /opt/airflow/dags/reddit_dag.py took 0.358 seconds
[2024-09-08T00:41:04.325+0000] {processor.py:157} INFO - Started process (PID=4435) to work on /opt/airflow/dags/reddit_dag.py
[2024-09-08T00:41:04.327+0000] {processor.py:829} INFO - Processing file /opt/airflow/dags/reddit_dag.py for tasks to queue
[2024-09-08T00:41:04.330+0000] {logging_mixin.py:151} INFO - [2024-09-08T00:41:04.329+0000] {dagbag.py:536} INFO - Filling up the DagBag from /opt/airflow/dags/reddit_dag.py
[2024-09-08T00:41:04.649+0000] {processor.py:839} INFO - DAG(s) dict_keys(['elt_reddit_pipeline']) retrieved from /opt/airflow/dags/reddit_dag.py
[2024-09-08T00:41:04.660+0000] {logging_mixin.py:151} INFO - [2024-09-08T00:41:04.660+0000] {dag.py:2941} INFO - Sync 1 DAGs
[2024-09-08T00:41:04.669+0000] {logging_mixin.py:151} INFO - [2024-09-08T00:41:04.669+0000] {dag.py:3722} INFO - Setting next_dagrun for elt_reddit_pipeline to 2024-09-08T00:00:00+00:00, run_after=2024-09-09T00:00:00+00:00
[2024-09-08T00:41:04.677+0000] {processor.py:179} INFO - Processing /opt/airflow/dags/reddit_dag.py took 0.357 seconds
[2024-09-08T00:41:34.885+0000] {processor.py:157} INFO - Started process (PID=4437) to work on /opt/airflow/dags/reddit_dag.py
[2024-09-08T00:41:34.887+0000] {processor.py:829} INFO - Processing file /opt/airflow/dags/reddit_dag.py for tasks to queue
[2024-09-08T00:41:34.890+0000] {logging_mixin.py:151} INFO - [2024-09-08T00:41:34.890+0000] {dagbag.py:536} INFO - Filling up the DagBag from /opt/airflow/dags/reddit_dag.py
[2024-09-08T00:41:35.207+0000] {processor.py:839} INFO - DAG(s) dict_keys(['elt_reddit_pipeline']) retrieved from /opt/airflow/dags/reddit_dag.py
[2024-09-08T00:41:35.217+0000] {logging_mixin.py:151} INFO - [2024-09-08T00:41:35.217+0000] {dag.py:2941} INFO - Sync 1 DAGs
[2024-09-08T00:41:35.226+0000] {logging_mixin.py:151} INFO - [2024-09-08T00:41:35.226+0000] {dag.py:3722} INFO - Setting next_dagrun for elt_reddit_pipeline to 2024-09-08T00:00:00+00:00, run_after=2024-09-09T00:00:00+00:00
[2024-09-08T00:41:35.234+0000] {processor.py:179} INFO - Processing /opt/airflow/dags/reddit_dag.py took 0.355 seconds
[2024-09-08T00:42:05.759+0000] {processor.py:157} INFO - Started process (PID=4439) to work on /opt/airflow/dags/reddit_dag.py
[2024-09-08T00:42:05.761+0000] {processor.py:829} INFO - Processing file /opt/airflow/dags/reddit_dag.py for tasks to queue
[2024-09-08T00:42:05.765+0000] {logging_mixin.py:151} INFO - [2024-09-08T00:42:05.765+0000] {dagbag.py:536} INFO - Filling up the DagBag from /opt/airflow/dags/reddit_dag.py
[2024-09-08T00:42:06.091+0000] {processor.py:839} INFO - DAG(s) dict_keys(['elt_reddit_pipeline']) retrieved from /opt/airflow/dags/reddit_dag.py
[2024-09-08T00:42:06.101+0000] {logging_mixin.py:151} INFO - [2024-09-08T00:42:06.101+0000] {dag.py:2941} INFO - Sync 1 DAGs
[2024-09-08T00:42:06.111+0000] {logging_mixin.py:151} INFO - [2024-09-08T00:42:06.111+0000] {dag.py:3722} INFO - Setting next_dagrun for elt_reddit_pipeline to 2024-09-08T00:00:00+00:00, run_after=2024-09-09T00:00:00+00:00
[2024-09-08T00:42:06.119+0000] {processor.py:179} INFO - Processing /opt/airflow/dags/reddit_dag.py took 0.365 seconds
[2024-09-08T00:42:36.302+0000] {processor.py:157} INFO - Started process (PID=4441) to work on /opt/airflow/dags/reddit_dag.py
[2024-09-08T00:42:36.304+0000] {processor.py:829} INFO - Processing file /opt/airflow/dags/reddit_dag.py for tasks to queue
[2024-09-08T00:42:36.308+0000] {logging_mixin.py:151} INFO - [2024-09-08T00:42:36.307+0000] {dagbag.py:536} INFO - Filling up the DagBag from /opt/airflow/dags/reddit_dag.py
[2024-09-08T00:42:36.625+0000] {processor.py:839} INFO - DAG(s) dict_keys(['elt_reddit_pipeline']) retrieved from /opt/airflow/dags/reddit_dag.py
[2024-09-08T00:42:36.636+0000] {logging_mixin.py:151} INFO - [2024-09-08T00:42:36.636+0000] {dag.py:2941} INFO - Sync 1 DAGs
[2024-09-08T00:42:36.646+0000] {logging_mixin.py:151} INFO - [2024-09-08T00:42:36.646+0000] {dag.py:3722} INFO - Setting next_dagrun for elt_reddit_pipeline to 2024-09-08T00:00:00+00:00, run_after=2024-09-09T00:00:00+00:00
[2024-09-08T00:42:36.654+0000] {processor.py:179} INFO - Processing /opt/airflow/dags/reddit_dag.py took 0.358 seconds
[2024-09-08T00:43:07.109+0000] {processor.py:157} INFO - Started process (PID=4443) to work on /opt/airflow/dags/reddit_dag.py
[2024-09-08T00:43:07.111+0000] {processor.py:829} INFO - Processing file /opt/airflow/dags/reddit_dag.py for tasks to queue
[2024-09-08T00:43:07.114+0000] {logging_mixin.py:151} INFO - [2024-09-08T00:43:07.113+0000] {dagbag.py:536} INFO - Filling up the DagBag from /opt/airflow/dags/reddit_dag.py
[2024-09-08T00:43:07.352+0000] {processor.py:839} INFO - DAG(s) dict_keys(['elt_reddit_pipeline']) retrieved from /opt/airflow/dags/reddit_dag.py
[2024-09-08T00:43:07.440+0000] {logging_mixin.py:151} INFO - [2024-09-08T00:43:07.364+0000] {dag.py:2941} INFO - Sync 1 DAGs
[2024-09-08T00:43:07.450+0000] {logging_mixin.py:151} INFO - [2024-09-08T00:43:07.449+0000] {dag.py:3722} INFO - Setting next_dagrun for elt_reddit_pipeline to 2024-09-08T00:00:00+00:00, run_after=2024-09-09T00:00:00+00:00
[2024-09-08T00:43:07.458+0000] {processor.py:179} INFO - Processing /opt/airflow/dags/reddit_dag.py took 0.354 seconds
[2024-09-08T00:43:37.592+0000] {processor.py:157} INFO - Started process (PID=4445) to work on /opt/airflow/dags/reddit_dag.py
[2024-09-08T00:43:37.594+0000] {processor.py:829} INFO - Processing file /opt/airflow/dags/reddit_dag.py for tasks to queue
[2024-09-08T00:43:37.597+0000] {logging_mixin.py:151} INFO - [2024-09-08T00:43:37.596+0000] {dagbag.py:536} INFO - Filling up the DagBag from /opt/airflow/dags/reddit_dag.py
[2024-09-08T00:43:37.831+0000] {processor.py:839} INFO - DAG(s) dict_keys(['elt_reddit_pipeline']) retrieved from /opt/airflow/dags/reddit_dag.py
[2024-09-08T00:43:37.921+0000] {logging_mixin.py:151} INFO - [2024-09-08T00:43:37.921+0000] {dag.py:2941} INFO - Sync 1 DAGs
[2024-09-08T00:43:37.930+0000] {logging_mixin.py:151} INFO - [2024-09-08T00:43:37.930+0000] {dag.py:3722} INFO - Setting next_dagrun for elt_reddit_pipeline to 2024-09-08T00:00:00+00:00, run_after=2024-09-09T00:00:00+00:00
[2024-09-08T00:43:37.939+0000] {processor.py:179} INFO - Processing /opt/airflow/dags/reddit_dag.py took 0.353 seconds
[2024-09-08T00:44:08.453+0000] {processor.py:157} INFO - Started process (PID=4447) to work on /opt/airflow/dags/reddit_dag.py
[2024-09-08T00:44:08.455+0000] {processor.py:829} INFO - Processing file /opt/airflow/dags/reddit_dag.py for tasks to queue
[2024-09-08T00:44:08.457+0000] {logging_mixin.py:151} INFO - [2024-09-08T00:44:08.457+0000] {dagbag.py:536} INFO - Filling up the DagBag from /opt/airflow/dags/reddit_dag.py
[2024-09-08T00:44:08.778+0000] {processor.py:839} INFO - DAG(s) dict_keys(['elt_reddit_pipeline']) retrieved from /opt/airflow/dags/reddit_dag.py
[2024-09-08T00:44:08.789+0000] {logging_mixin.py:151} INFO - [2024-09-08T00:44:08.788+0000] {dag.py:2941} INFO - Sync 1 DAGs
[2024-09-08T00:44:08.798+0000] {logging_mixin.py:151} INFO - [2024-09-08T00:44:08.798+0000] {dag.py:3722} INFO - Setting next_dagrun for elt_reddit_pipeline to 2024-09-08T00:00:00+00:00, run_after=2024-09-09T00:00:00+00:00
[2024-09-08T00:44:08.806+0000] {processor.py:179} INFO - Processing /opt/airflow/dags/reddit_dag.py took 0.357 seconds
[2024-09-08T00:44:38.943+0000] {processor.py:157} INFO - Started process (PID=4449) to work on /opt/airflow/dags/reddit_dag.py
[2024-09-08T00:44:38.945+0000] {processor.py:829} INFO - Processing file /opt/airflow/dags/reddit_dag.py for tasks to queue
[2024-09-08T00:44:38.948+0000] {logging_mixin.py:151} INFO - [2024-09-08T00:44:38.948+0000] {dagbag.py:536} INFO - Filling up the DagBag from /opt/airflow/dags/reddit_dag.py
[2024-09-08T00:44:39.264+0000] {processor.py:839} INFO - DAG(s) dict_keys(['elt_reddit_pipeline']) retrieved from /opt/airflow/dags/reddit_dag.py
[2024-09-08T00:44:39.275+0000] {logging_mixin.py:151} INFO - [2024-09-08T00:44:39.275+0000] {dag.py:2941} INFO - Sync 1 DAGs
[2024-09-08T00:44:39.285+0000] {logging_mixin.py:151} INFO - [2024-09-08T00:44:39.285+0000] {dag.py:3722} INFO - Setting next_dagrun for elt_reddit_pipeline to 2024-09-08T00:00:00+00:00, run_after=2024-09-09T00:00:00+00:00
[2024-09-08T00:44:39.294+0000] {processor.py:179} INFO - Processing /opt/airflow/dags/reddit_dag.py took 0.357 seconds
[2024-09-08T00:45:09.802+0000] {processor.py:157} INFO - Started process (PID=4451) to work on /opt/airflow/dags/reddit_dag.py
[2024-09-08T00:45:09.804+0000] {processor.py:829} INFO - Processing file /opt/airflow/dags/reddit_dag.py for tasks to queue
[2024-09-08T00:45:09.807+0000] {logging_mixin.py:151} INFO - [2024-09-08T00:45:09.807+0000] {dagbag.py:536} INFO - Filling up the DagBag from /opt/airflow/dags/reddit_dag.py
[2024-09-08T00:45:10.136+0000] {processor.py:839} INFO - DAG(s) dict_keys(['elt_reddit_pipeline']) retrieved from /opt/airflow/dags/reddit_dag.py
[2024-09-08T00:45:10.148+0000] {logging_mixin.py:151} INFO - [2024-09-08T00:45:10.148+0000] {dag.py:2941} INFO - Sync 1 DAGs
[2024-09-08T00:45:10.159+0000] {logging_mixin.py:151} INFO - [2024-09-08T00:45:10.159+0000] {dag.py:3722} INFO - Setting next_dagrun for elt_reddit_pipeline to 2024-09-08T00:00:00+00:00, run_after=2024-09-09T00:00:00+00:00
[2024-09-08T00:45:10.167+0000] {processor.py:179} INFO - Processing /opt/airflow/dags/reddit_dag.py took 0.370 seconds
[2024-09-08T00:45:40.286+0000] {processor.py:157} INFO - Started process (PID=4453) to work on /opt/airflow/dags/reddit_dag.py
[2024-09-08T00:45:40.288+0000] {processor.py:829} INFO - Processing file /opt/airflow/dags/reddit_dag.py for tasks to queue
[2024-09-08T00:45:40.292+0000] {logging_mixin.py:151} INFO - [2024-09-08T00:45:40.291+0000] {dagbag.py:536} INFO - Filling up the DagBag from /opt/airflow/dags/reddit_dag.py
[2024-09-08T00:45:40.530+0000] {processor.py:839} INFO - DAG(s) dict_keys(['elt_reddit_pipeline']) retrieved from /opt/airflow/dags/reddit_dag.py
[2024-09-08T00:45:40.543+0000] {logging_mixin.py:151} INFO - [2024-09-08T00:45:40.543+0000] {dag.py:2941} INFO - Sync 1 DAGs
[2024-09-08T00:45:40.630+0000] {logging_mixin.py:151} INFO - [2024-09-08T00:45:40.630+0000] {dag.py:3722} INFO - Setting next_dagrun for elt_reddit_pipeline to 2024-09-08T00:00:00+00:00, run_after=2024-09-09T00:00:00+00:00
[2024-09-08T00:45:40.639+0000] {processor.py:179} INFO - Processing /opt/airflow/dags/reddit_dag.py took 0.359 seconds
[2024-09-08T00:46:11.182+0000] {processor.py:157} INFO - Started process (PID=4455) to work on /opt/airflow/dags/reddit_dag.py
[2024-09-08T00:46:11.183+0000] {processor.py:829} INFO - Processing file /opt/airflow/dags/reddit_dag.py for tasks to queue
[2024-09-08T00:46:11.187+0000] {logging_mixin.py:151} INFO - [2024-09-08T00:46:11.187+0000] {dagbag.py:536} INFO - Filling up the DagBag from /opt/airflow/dags/reddit_dag.py
[2024-09-08T00:46:11.427+0000] {processor.py:839} INFO - DAG(s) dict_keys(['elt_reddit_pipeline']) retrieved from /opt/airflow/dags/reddit_dag.py
[2024-09-08T00:46:11.518+0000] {logging_mixin.py:151} INFO - [2024-09-08T00:46:11.518+0000] {dag.py:2941} INFO - Sync 1 DAGs
[2024-09-08T00:46:11.528+0000] {logging_mixin.py:151} INFO - [2024-09-08T00:46:11.528+0000] {dag.py:3722} INFO - Setting next_dagrun for elt_reddit_pipeline to 2024-09-08T00:00:00+00:00, run_after=2024-09-09T00:00:00+00:00
[2024-09-08T00:46:11.538+0000] {processor.py:179} INFO - Processing /opt/airflow/dags/reddit_dag.py took 0.361 seconds
[2024-09-08T00:46:41.698+0000] {processor.py:157} INFO - Started process (PID=4457) to work on /opt/airflow/dags/reddit_dag.py
[2024-09-08T00:46:41.699+0000] {processor.py:829} INFO - Processing file /opt/airflow/dags/reddit_dag.py for tasks to queue
[2024-09-08T00:46:41.702+0000] {logging_mixin.py:151} INFO - [2024-09-08T00:46:41.702+0000] {dagbag.py:536} INFO - Filling up the DagBag from /opt/airflow/dags/reddit_dag.py
[2024-09-08T00:46:42.019+0000] {processor.py:839} INFO - DAG(s) dict_keys(['elt_reddit_pipeline']) retrieved from /opt/airflow/dags/reddit_dag.py
[2024-09-08T00:46:42.030+0000] {logging_mixin.py:151} INFO - [2024-09-08T00:46:42.030+0000] {dag.py:2941} INFO - Sync 1 DAGs
[2024-09-08T00:46:42.039+0000] {logging_mixin.py:151} INFO - [2024-09-08T00:46:42.039+0000] {dag.py:3722} INFO - Setting next_dagrun for elt_reddit_pipeline to 2024-09-08T00:00:00+00:00, run_after=2024-09-09T00:00:00+00:00
[2024-09-08T00:46:42.047+0000] {processor.py:179} INFO - Processing /opt/airflow/dags/reddit_dag.py took 0.355 seconds
[2024-09-08T00:47:12.868+0000] {processor.py:157} INFO - Started process (PID=4459) to work on /opt/airflow/dags/reddit_dag.py
[2024-09-08T00:47:12.870+0000] {processor.py:829} INFO - Processing file /opt/airflow/dags/reddit_dag.py for tasks to queue
[2024-09-08T00:47:12.873+0000] {logging_mixin.py:151} INFO - [2024-09-08T00:47:12.873+0000] {dagbag.py:536} INFO - Filling up the DagBag from /opt/airflow/dags/reddit_dag.py
[2024-09-08T00:47:13.192+0000] {processor.py:839} INFO - DAG(s) dict_keys(['elt_reddit_pipeline']) retrieved from /opt/airflow/dags/reddit_dag.py
[2024-09-08T00:47:13.203+0000] {logging_mixin.py:151} INFO - [2024-09-08T00:47:13.203+0000] {dag.py:2941} INFO - Sync 1 DAGs
[2024-09-08T00:47:13.214+0000] {logging_mixin.py:151} INFO - [2024-09-08T00:47:13.213+0000] {dag.py:3722} INFO - Setting next_dagrun for elt_reddit_pipeline to 2024-09-08T00:00:00+00:00, run_after=2024-09-09T00:00:00+00:00
[2024-09-08T00:47:13.222+0000] {processor.py:179} INFO - Processing /opt/airflow/dags/reddit_dag.py took 0.359 seconds
[2024-09-08T00:47:43.413+0000] {processor.py:157} INFO - Started process (PID=4461) to work on /opt/airflow/dags/reddit_dag.py
[2024-09-08T00:47:43.415+0000] {processor.py:829} INFO - Processing file /opt/airflow/dags/reddit_dag.py for tasks to queue
[2024-09-08T00:47:43.418+0000] {logging_mixin.py:151} INFO - [2024-09-08T00:47:43.417+0000] {dagbag.py:536} INFO - Filling up the DagBag from /opt/airflow/dags/reddit_dag.py
[2024-09-08T00:47:43.736+0000] {processor.py:839} INFO - DAG(s) dict_keys(['elt_reddit_pipeline']) retrieved from /opt/airflow/dags/reddit_dag.py
[2024-09-08T00:47:43.747+0000] {logging_mixin.py:151} INFO - [2024-09-08T00:47:43.746+0000] {dag.py:2941} INFO - Sync 1 DAGs
[2024-09-08T00:47:43.757+0000] {logging_mixin.py:151} INFO - [2024-09-08T00:47:43.757+0000] {dag.py:3722} INFO - Setting next_dagrun for elt_reddit_pipeline to 2024-09-08T00:00:00+00:00, run_after=2024-09-09T00:00:00+00:00
[2024-09-08T00:47:43.765+0000] {processor.py:179} INFO - Processing /opt/airflow/dags/reddit_dag.py took 0.358 seconds
[2024-09-08T00:48:14.271+0000] {processor.py:157} INFO - Started process (PID=4463) to work on /opt/airflow/dags/reddit_dag.py
[2024-09-08T00:48:14.273+0000] {processor.py:829} INFO - Processing file /opt/airflow/dags/reddit_dag.py for tasks to queue
[2024-09-08T00:48:14.276+0000] {logging_mixin.py:151} INFO - [2024-09-08T00:48:14.275+0000] {dagbag.py:536} INFO - Filling up the DagBag from /opt/airflow/dags/reddit_dag.py
[2024-09-08T00:48:14.592+0000] {processor.py:839} INFO - DAG(s) dict_keys(['elt_reddit_pipeline']) retrieved from /opt/airflow/dags/reddit_dag.py
[2024-09-08T00:48:14.602+0000] {logging_mixin.py:151} INFO - [2024-09-08T00:48:14.602+0000] {dag.py:2941} INFO - Sync 1 DAGs
[2024-09-08T00:48:14.614+0000] {logging_mixin.py:151} INFO - [2024-09-08T00:48:14.614+0000] {dag.py:3722} INFO - Setting next_dagrun for elt_reddit_pipeline to 2024-09-08T00:00:00+00:00, run_after=2024-09-09T00:00:00+00:00
[2024-09-08T00:48:14.622+0000] {processor.py:179} INFO - Processing /opt/airflow/dags/reddit_dag.py took 0.356 seconds
[2024-09-08T00:48:44.814+0000] {processor.py:157} INFO - Started process (PID=4465) to work on /opt/airflow/dags/reddit_dag.py
[2024-09-08T00:48:44.815+0000] {processor.py:829} INFO - Processing file /opt/airflow/dags/reddit_dag.py for tasks to queue
[2024-09-08T00:48:44.818+0000] {logging_mixin.py:151} INFO - [2024-09-08T00:48:44.818+0000] {dagbag.py:536} INFO - Filling up the DagBag from /opt/airflow/dags/reddit_dag.py
[2024-09-08T00:48:45.061+0000] {processor.py:839} INFO - DAG(s) dict_keys(['elt_reddit_pipeline']) retrieved from /opt/airflow/dags/reddit_dag.py
[2024-09-08T00:48:45.075+0000] {logging_mixin.py:151} INFO - [2024-09-08T00:48:45.074+0000] {dag.py:2941} INFO - Sync 1 DAGs
[2024-09-08T00:48:45.162+0000] {logging_mixin.py:151} INFO - [2024-09-08T00:48:45.162+0000] {dag.py:3722} INFO - Setting next_dagrun for elt_reddit_pipeline to 2024-09-08T00:00:00+00:00, run_after=2024-09-09T00:00:00+00:00
[2024-09-08T00:48:45.171+0000] {processor.py:179} INFO - Processing /opt/airflow/dags/reddit_dag.py took 0.363 seconds
[2024-09-08T00:49:15.942+0000] {processor.py:157} INFO - Started process (PID=4467) to work on /opt/airflow/dags/reddit_dag.py
[2024-09-08T00:49:15.944+0000] {processor.py:829} INFO - Processing file /opt/airflow/dags/reddit_dag.py for tasks to queue
[2024-09-08T00:49:15.947+0000] {logging_mixin.py:151} INFO - [2024-09-08T00:49:15.947+0000] {dagbag.py:536} INFO - Filling up the DagBag from /opt/airflow/dags/reddit_dag.py
[2024-09-08T00:49:16.190+0000] {processor.py:839} INFO - DAG(s) dict_keys(['elt_reddit_pipeline']) retrieved from /opt/airflow/dags/reddit_dag.py
[2024-09-08T00:49:16.282+0000] {logging_mixin.py:151} INFO - [2024-09-08T00:49:16.282+0000] {dag.py:2941} INFO - Sync 1 DAGs
[2024-09-08T00:49:16.292+0000] {logging_mixin.py:151} INFO - [2024-09-08T00:49:16.292+0000] {dag.py:3722} INFO - Setting next_dagrun for elt_reddit_pipeline to 2024-09-08T00:00:00+00:00, run_after=2024-09-09T00:00:00+00:00
[2024-09-08T00:49:16.299+0000] {processor.py:179} INFO - Processing /opt/airflow/dags/reddit_dag.py took 0.362 seconds
[2024-09-08T00:49:46.496+0000] {processor.py:157} INFO - Started process (PID=4469) to work on /opt/airflow/dags/reddit_dag.py
[2024-09-08T00:49:46.498+0000] {processor.py:829} INFO - Processing file /opt/airflow/dags/reddit_dag.py for tasks to queue
[2024-09-08T00:49:46.502+0000] {logging_mixin.py:151} INFO - [2024-09-08T00:49:46.501+0000] {dagbag.py:536} INFO - Filling up the DagBag from /opt/airflow/dags/reddit_dag.py
[2024-09-08T00:49:46.821+0000] {processor.py:839} INFO - DAG(s) dict_keys(['elt_reddit_pipeline']) retrieved from /opt/airflow/dags/reddit_dag.py
[2024-09-08T00:49:46.832+0000] {logging_mixin.py:151} INFO - [2024-09-08T00:49:46.831+0000] {dag.py:2941} INFO - Sync 1 DAGs
[2024-09-08T00:49:46.841+0000] {logging_mixin.py:151} INFO - [2024-09-08T00:49:46.841+0000] {dag.py:3722} INFO - Setting next_dagrun for elt_reddit_pipeline to 2024-09-08T00:00:00+00:00, run_after=2024-09-09T00:00:00+00:00
[2024-09-08T00:49:46.849+0000] {processor.py:179} INFO - Processing /opt/airflow/dags/reddit_dag.py took 0.359 seconds
[2024-09-08T00:50:17.255+0000] {processor.py:157} INFO - Started process (PID=4471) to work on /opt/airflow/dags/reddit_dag.py
[2024-09-08T00:50:17.256+0000] {processor.py:829} INFO - Processing file /opt/airflow/dags/reddit_dag.py for tasks to queue
[2024-09-08T00:50:17.259+0000] {logging_mixin.py:151} INFO - [2024-09-08T00:50:17.259+0000] {dagbag.py:536} INFO - Filling up the DagBag from /opt/airflow/dags/reddit_dag.py
[2024-09-08T00:50:17.588+0000] {processor.py:839} INFO - DAG(s) dict_keys(['elt_reddit_pipeline']) retrieved from /opt/airflow/dags/reddit_dag.py
[2024-09-08T00:50:17.599+0000] {logging_mixin.py:151} INFO - [2024-09-08T00:50:17.599+0000] {dag.py:2941} INFO - Sync 1 DAGs
[2024-09-08T00:50:17.609+0000] {logging_mixin.py:151} INFO - [2024-09-08T00:50:17.609+0000] {dag.py:3722} INFO - Setting next_dagrun for elt_reddit_pipeline to 2024-09-08T00:00:00+00:00, run_after=2024-09-09T00:00:00+00:00
[2024-09-08T00:50:17.619+0000] {processor.py:179} INFO - Processing /opt/airflow/dags/reddit_dag.py took 0.370 seconds
[2024-09-08T00:50:47.914+0000] {processor.py:157} INFO - Started process (PID=4473) to work on /opt/airflow/dags/reddit_dag.py
[2024-09-08T00:50:47.915+0000] {processor.py:829} INFO - Processing file /opt/airflow/dags/reddit_dag.py for tasks to queue
[2024-09-08T00:50:47.918+0000] {logging_mixin.py:151} INFO - [2024-09-08T00:50:47.918+0000] {dagbag.py:536} INFO - Filling up the DagBag from /opt/airflow/dags/reddit_dag.py
[2024-09-08T00:50:48.237+0000] {processor.py:839} INFO - DAG(s) dict_keys(['elt_reddit_pipeline']) retrieved from /opt/airflow/dags/reddit_dag.py
[2024-09-08T00:50:48.248+0000] {logging_mixin.py:151} INFO - [2024-09-08T00:50:48.247+0000] {dag.py:2941} INFO - Sync 1 DAGs
[2024-09-08T00:50:48.258+0000] {logging_mixin.py:151} INFO - [2024-09-08T00:50:48.258+0000] {dag.py:3722} INFO - Setting next_dagrun for elt_reddit_pipeline to 2024-09-08T00:00:00+00:00, run_after=2024-09-09T00:00:00+00:00
[2024-09-08T00:50:48.265+0000] {processor.py:179} INFO - Processing /opt/airflow/dags/reddit_dag.py took 0.357 seconds
[2024-09-08T00:51:18.510+0000] {processor.py:157} INFO - Started process (PID=4475) to work on /opt/airflow/dags/reddit_dag.py
[2024-09-08T00:51:18.512+0000] {processor.py:829} INFO - Processing file /opt/airflow/dags/reddit_dag.py for tasks to queue
[2024-09-08T00:51:18.515+0000] {logging_mixin.py:151} INFO - [2024-09-08T00:51:18.515+0000] {dagbag.py:536} INFO - Filling up the DagBag from /opt/airflow/dags/reddit_dag.py
[2024-09-08T00:51:18.753+0000] {processor.py:839} INFO - DAG(s) dict_keys(['elt_reddit_pipeline']) retrieved from /opt/airflow/dags/reddit_dag.py
[2024-09-08T00:51:18.766+0000] {logging_mixin.py:151} INFO - [2024-09-08T00:51:18.766+0000] {dag.py:2941} INFO - Sync 1 DAGs
[2024-09-08T00:51:18.853+0000] {logging_mixin.py:151} INFO - [2024-09-08T00:51:18.853+0000] {dag.py:3722} INFO - Setting next_dagrun for elt_reddit_pipeline to 2024-09-08T00:00:00+00:00, run_after=2024-09-09T00:00:00+00:00
[2024-09-08T00:51:18.860+0000] {processor.py:179} INFO - Processing /opt/airflow/dags/reddit_dag.py took 0.356 seconds
[2024-09-08T00:51:49.080+0000] {processor.py:157} INFO - Started process (PID=4477) to work on /opt/airflow/dags/reddit_dag.py
[2024-09-08T00:51:49.082+0000] {processor.py:829} INFO - Processing file /opt/airflow/dags/reddit_dag.py for tasks to queue
[2024-09-08T00:51:49.085+0000] {logging_mixin.py:151} INFO - [2024-09-08T00:51:49.085+0000] {dagbag.py:536} INFO - Filling up the DagBag from /opt/airflow/dags/reddit_dag.py
[2024-09-08T00:51:49.634+0000] {processor.py:839} INFO - DAG(s) dict_keys(['elt_reddit_pipeline']) retrieved from /opt/airflow/dags/reddit_dag.py
[2024-09-08T00:51:49.728+0000] {logging_mixin.py:151} INFO - [2024-09-08T00:51:49.648+0000] {dag.py:2941} INFO - Sync 1 DAGs
[2024-09-08T00:51:49.738+0000] {logging_mixin.py:151} INFO - [2024-09-08T00:51:49.738+0000] {dag.py:3722} INFO - Setting next_dagrun for elt_reddit_pipeline to 2024-09-08T00:00:00+00:00, run_after=2024-09-09T00:00:00+00:00
[2024-09-08T00:51:49.746+0000] {processor.py:179} INFO - Processing /opt/airflow/dags/reddit_dag.py took 0.671 seconds
[2024-09-08T00:52:20.041+0000] {processor.py:157} INFO - Started process (PID=4479) to work on /opt/airflow/dags/reddit_dag.py
[2024-09-08T00:52:20.043+0000] {processor.py:829} INFO - Processing file /opt/airflow/dags/reddit_dag.py for tasks to queue
[2024-09-08T00:52:20.046+0000] {logging_mixin.py:151} INFO - [2024-09-08T00:52:20.045+0000] {dagbag.py:536} INFO - Filling up the DagBag from /opt/airflow/dags/reddit_dag.py
[2024-09-08T00:52:20.287+0000] {processor.py:839} INFO - DAG(s) dict_keys(['elt_reddit_pipeline']) retrieved from /opt/airflow/dags/reddit_dag.py
[2024-09-08T00:52:20.377+0000] {logging_mixin.py:151} INFO - [2024-09-08T00:52:20.377+0000] {dag.py:2941} INFO - Sync 1 DAGs
[2024-09-08T00:52:20.386+0000] {logging_mixin.py:151} INFO - [2024-09-08T00:52:20.386+0000] {dag.py:3722} INFO - Setting next_dagrun for elt_reddit_pipeline to 2024-09-08T00:00:00+00:00, run_after=2024-09-09T00:00:00+00:00
[2024-09-08T00:52:20.394+0000] {processor.py:179} INFO - Processing /opt/airflow/dags/reddit_dag.py took 0.359 seconds
[2024-09-08T00:52:50.733+0000] {processor.py:157} INFO - Started process (PID=4481) to work on /opt/airflow/dags/reddit_dag.py
[2024-09-08T00:52:50.735+0000] {processor.py:829} INFO - Processing file /opt/airflow/dags/reddit_dag.py for tasks to queue
[2024-09-08T00:52:50.738+0000] {logging_mixin.py:151} INFO - [2024-09-08T00:52:50.738+0000] {dagbag.py:536} INFO - Filling up the DagBag from /opt/airflow/dags/reddit_dag.py
[2024-09-08T00:52:51.073+0000] {processor.py:839} INFO - DAG(s) dict_keys(['elt_reddit_pipeline']) retrieved from /opt/airflow/dags/reddit_dag.py
[2024-09-08T00:52:51.084+0000] {logging_mixin.py:151} INFO - [2024-09-08T00:52:51.084+0000] {dag.py:2941} INFO - Sync 1 DAGs
[2024-09-08T00:52:51.093+0000] {logging_mixin.py:151} INFO - [2024-09-08T00:52:51.093+0000] {dag.py:3722} INFO - Setting next_dagrun for elt_reddit_pipeline to 2024-09-08T00:00:00+00:00, run_after=2024-09-09T00:00:00+00:00
[2024-09-08T00:52:51.101+0000] {processor.py:179} INFO - Processing /opt/airflow/dags/reddit_dag.py took 0.374 seconds
[2024-09-08T00:53:21.338+0000] {processor.py:157} INFO - Started process (PID=4483) to work on /opt/airflow/dags/reddit_dag.py
[2024-09-08T00:53:21.340+0000] {processor.py:829} INFO - Processing file /opt/airflow/dags/reddit_dag.py for tasks to queue
[2024-09-08T00:53:21.344+0000] {logging_mixin.py:151} INFO - [2024-09-08T00:53:21.344+0000] {dagbag.py:536} INFO - Filling up the DagBag from /opt/airflow/dags/reddit_dag.py
[2024-09-08T00:53:21.669+0000] {processor.py:839} INFO - DAG(s) dict_keys(['elt_reddit_pipeline']) retrieved from /opt/airflow/dags/reddit_dag.py
[2024-09-08T00:53:21.680+0000] {logging_mixin.py:151} INFO - [2024-09-08T00:53:21.680+0000] {dag.py:2941} INFO - Sync 1 DAGs
[2024-09-08T00:53:21.689+0000] {logging_mixin.py:151} INFO - [2024-09-08T00:53:21.689+0000] {dag.py:3722} INFO - Setting next_dagrun for elt_reddit_pipeline to 2024-09-08T00:00:00+00:00, run_after=2024-09-09T00:00:00+00:00
[2024-09-08T00:53:21.698+0000] {processor.py:179} INFO - Processing /opt/airflow/dags/reddit_dag.py took 0.366 seconds
[2024-09-08T00:53:52.085+0000] {processor.py:157} INFO - Started process (PID=4485) to work on /opt/airflow/dags/reddit_dag.py
[2024-09-08T00:53:52.087+0000] {processor.py:829} INFO - Processing file /opt/airflow/dags/reddit_dag.py for tasks to queue
[2024-09-08T00:53:52.091+0000] {logging_mixin.py:151} INFO - [2024-09-08T00:53:52.091+0000] {dagbag.py:536} INFO - Filling up the DagBag from /opt/airflow/dags/reddit_dag.py
[2024-09-08T00:53:52.416+0000] {processor.py:839} INFO - DAG(s) dict_keys(['elt_reddit_pipeline']) retrieved from /opt/airflow/dags/reddit_dag.py
[2024-09-08T00:53:52.428+0000] {logging_mixin.py:151} INFO - [2024-09-08T00:53:52.427+0000] {dag.py:2941} INFO - Sync 1 DAGs
[2024-09-08T00:53:52.438+0000] {logging_mixin.py:151} INFO - [2024-09-08T00:53:52.438+0000] {dag.py:3722} INFO - Setting next_dagrun for elt_reddit_pipeline to 2024-09-08T00:00:00+00:00, run_after=2024-09-09T00:00:00+00:00
[2024-09-08T00:53:52.446+0000] {processor.py:179} INFO - Processing /opt/airflow/dags/reddit_dag.py took 0.367 seconds
[2024-09-08T00:54:22.681+0000] {processor.py:157} INFO - Started process (PID=4487) to work on /opt/airflow/dags/reddit_dag.py
[2024-09-08T00:54:22.682+0000] {processor.py:829} INFO - Processing file /opt/airflow/dags/reddit_dag.py for tasks to queue
[2024-09-08T00:54:22.685+0000] {logging_mixin.py:151} INFO - [2024-09-08T00:54:22.684+0000] {dagbag.py:536} INFO - Filling up the DagBag from /opt/airflow/dags/reddit_dag.py
[2024-09-08T00:54:22.919+0000] {processor.py:839} INFO - DAG(s) dict_keys(['elt_reddit_pipeline']) retrieved from /opt/airflow/dags/reddit_dag.py
[2024-09-08T00:54:22.933+0000] {logging_mixin.py:151} INFO - [2024-09-08T00:54:22.932+0000] {dag.py:2941} INFO - Sync 1 DAGs
[2024-09-08T00:54:23.020+0000] {logging_mixin.py:151} INFO - [2024-09-08T00:54:23.020+0000] {dag.py:3722} INFO - Setting next_dagrun for elt_reddit_pipeline to 2024-09-08T00:00:00+00:00, run_after=2024-09-09T00:00:00+00:00
[2024-09-08T00:54:23.028+0000] {processor.py:179} INFO - Processing /opt/airflow/dags/reddit_dag.py took 0.352 seconds
[2024-09-08T00:54:53.617+0000] {processor.py:157} INFO - Started process (PID=4489) to work on /opt/airflow/dags/reddit_dag.py
[2024-09-08T00:54:53.619+0000] {processor.py:829} INFO - Processing file /opt/airflow/dags/reddit_dag.py for tasks to queue
[2024-09-08T00:54:53.622+0000] {logging_mixin.py:151} INFO - [2024-09-08T00:54:53.622+0000] {dagbag.py:536} INFO - Filling up the DagBag from /opt/airflow/dags/reddit_dag.py
[2024-09-08T00:54:53.861+0000] {processor.py:839} INFO - DAG(s) dict_keys(['elt_reddit_pipeline']) retrieved from /opt/airflow/dags/reddit_dag.py
[2024-09-08T00:54:53.951+0000] {logging_mixin.py:151} INFO - [2024-09-08T00:54:53.951+0000] {dag.py:2941} INFO - Sync 1 DAGs
[2024-09-08T00:54:53.960+0000] {logging_mixin.py:151} INFO - [2024-09-08T00:54:53.960+0000] {dag.py:3722} INFO - Setting next_dagrun for elt_reddit_pipeline to 2024-09-08T00:00:00+00:00, run_after=2024-09-09T00:00:00+00:00
[2024-09-08T00:54:53.968+0000] {processor.py:179} INFO - Processing /opt/airflow/dags/reddit_dag.py took 0.356 seconds
[2024-09-08T00:55:24.151+0000] {processor.py:157} INFO - Started process (PID=4491) to work on /opt/airflow/dags/reddit_dag.py
[2024-09-08T00:55:24.153+0000] {processor.py:829} INFO - Processing file /opt/airflow/dags/reddit_dag.py for tasks to queue
[2024-09-08T00:55:24.156+0000] {logging_mixin.py:151} INFO - [2024-09-08T00:55:24.156+0000] {dagbag.py:536} INFO - Filling up the DagBag from /opt/airflow/dags/reddit_dag.py
[2024-09-08T00:55:24.478+0000] {processor.py:839} INFO - DAG(s) dict_keys(['elt_reddit_pipeline']) retrieved from /opt/airflow/dags/reddit_dag.py
[2024-09-08T00:55:24.489+0000] {logging_mixin.py:151} INFO - [2024-09-08T00:55:24.489+0000] {dag.py:2941} INFO - Sync 1 DAGs
[2024-09-08T00:55:24.499+0000] {logging_mixin.py:151} INFO - [2024-09-08T00:55:24.499+0000] {dag.py:3722} INFO - Setting next_dagrun for elt_reddit_pipeline to 2024-09-08T00:00:00+00:00, run_after=2024-09-09T00:00:00+00:00
[2024-09-08T00:55:24.507+0000] {processor.py:179} INFO - Processing /opt/airflow/dags/reddit_dag.py took 0.361 seconds
[2024-09-08T00:55:54.927+0000] {processor.py:157} INFO - Started process (PID=4493) to work on /opt/airflow/dags/reddit_dag.py
[2024-09-08T00:55:54.929+0000] {processor.py:829} INFO - Processing file /opt/airflow/dags/reddit_dag.py for tasks to queue
[2024-09-08T00:55:54.932+0000] {logging_mixin.py:151} INFO - [2024-09-08T00:55:54.932+0000] {dagbag.py:536} INFO - Filling up the DagBag from /opt/airflow/dags/reddit_dag.py
[2024-09-08T00:55:55.250+0000] {processor.py:839} INFO - DAG(s) dict_keys(['elt_reddit_pipeline']) retrieved from /opt/airflow/dags/reddit_dag.py
[2024-09-08T00:55:55.261+0000] {logging_mixin.py:151} INFO - [2024-09-08T00:55:55.261+0000] {dag.py:2941} INFO - Sync 1 DAGs
[2024-09-08T00:55:55.271+0000] {logging_mixin.py:151} INFO - [2024-09-08T00:55:55.271+0000] {dag.py:3722} INFO - Setting next_dagrun for elt_reddit_pipeline to 2024-09-08T00:00:00+00:00, run_after=2024-09-09T00:00:00+00:00
[2024-09-08T00:55:55.279+0000] {processor.py:179} INFO - Processing /opt/airflow/dags/reddit_dag.py took 0.357 seconds
[2024-09-08T00:56:25.464+0000] {processor.py:157} INFO - Started process (PID=4495) to work on /opt/airflow/dags/reddit_dag.py
[2024-09-08T00:56:25.465+0000] {processor.py:829} INFO - Processing file /opt/airflow/dags/reddit_dag.py for tasks to queue
[2024-09-08T00:56:25.468+0000] {logging_mixin.py:151} INFO - [2024-09-08T00:56:25.468+0000] {dagbag.py:536} INFO - Filling up the DagBag from /opt/airflow/dags/reddit_dag.py
[2024-09-08T00:56:25.782+0000] {processor.py:839} INFO - DAG(s) dict_keys(['elt_reddit_pipeline']) retrieved from /opt/airflow/dags/reddit_dag.py
[2024-09-08T00:56:25.793+0000] {logging_mixin.py:151} INFO - [2024-09-08T00:56:25.793+0000] {dag.py:2941} INFO - Sync 1 DAGs
[2024-09-08T00:56:25.803+0000] {logging_mixin.py:151} INFO - [2024-09-08T00:56:25.803+0000] {dag.py:3722} INFO - Setting next_dagrun for elt_reddit_pipeline to 2024-09-08T00:00:00+00:00, run_after=2024-09-09T00:00:00+00:00
[2024-09-08T00:56:25.811+0000] {processor.py:179} INFO - Processing /opt/airflow/dags/reddit_dag.py took 0.353 seconds
[2024-09-08T00:56:56.100+0000] {processor.py:157} INFO - Started process (PID=4497) to work on /opt/airflow/dags/reddit_dag.py
[2024-09-08T00:56:56.102+0000] {processor.py:829} INFO - Processing file /opt/airflow/dags/reddit_dag.py for tasks to queue
[2024-09-08T00:56:56.105+0000] {logging_mixin.py:151} INFO - [2024-09-08T00:56:56.105+0000] {dagbag.py:536} INFO - Filling up the DagBag from /opt/airflow/dags/reddit_dag.py
[2024-09-08T00:56:56.433+0000] {processor.py:839} INFO - DAG(s) dict_keys(['elt_reddit_pipeline']) retrieved from /opt/airflow/dags/reddit_dag.py
[2024-09-08T00:56:56.445+0000] {logging_mixin.py:151} INFO - [2024-09-08T00:56:56.444+0000] {dag.py:2941} INFO - Sync 1 DAGs
[2024-09-08T00:56:56.455+0000] {logging_mixin.py:151} INFO - [2024-09-08T00:56:56.455+0000] {dag.py:3722} INFO - Setting next_dagrun for elt_reddit_pipeline to 2024-09-08T00:00:00+00:00, run_after=2024-09-09T00:00:00+00:00
[2024-09-08T00:56:56.463+0000] {processor.py:179} INFO - Processing /opt/airflow/dags/reddit_dag.py took 0.368 seconds
[2024-09-08T00:57:26.721+0000] {processor.py:157} INFO - Started process (PID=4499) to work on /opt/airflow/dags/reddit_dag.py
[2024-09-08T00:57:26.723+0000] {processor.py:829} INFO - Processing file /opt/airflow/dags/reddit_dag.py for tasks to queue
[2024-09-08T00:57:26.727+0000] {logging_mixin.py:151} INFO - [2024-09-08T00:57:26.727+0000] {dagbag.py:536} INFO - Filling up the DagBag from /opt/airflow/dags/reddit_dag.py
[2024-09-08T00:57:26.966+0000] {processor.py:839} INFO - DAG(s) dict_keys(['elt_reddit_pipeline']) retrieved from /opt/airflow/dags/reddit_dag.py
[2024-09-08T00:57:26.980+0000] {logging_mixin.py:151} INFO - [2024-09-08T00:57:26.979+0000] {dag.py:2941} INFO - Sync 1 DAGs
[2024-09-08T00:57:27.067+0000] {logging_mixin.py:151} INFO - [2024-09-08T00:57:27.067+0000] {dag.py:3722} INFO - Setting next_dagrun for elt_reddit_pipeline to 2024-09-08T00:00:00+00:00, run_after=2024-09-09T00:00:00+00:00
[2024-09-08T00:57:27.075+0000] {processor.py:179} INFO - Processing /opt/airflow/dags/reddit_dag.py took 0.359 seconds
[2024-09-08T00:57:57.601+0000] {processor.py:157} INFO - Started process (PID=4501) to work on /opt/airflow/dags/reddit_dag.py
[2024-09-08T00:57:57.603+0000] {processor.py:829} INFO - Processing file /opt/airflow/dags/reddit_dag.py for tasks to queue
[2024-09-08T00:57:57.607+0000] {logging_mixin.py:151} INFO - [2024-09-08T00:57:57.607+0000] {dagbag.py:536} INFO - Filling up the DagBag from /opt/airflow/dags/reddit_dag.py
[2024-09-08T00:57:57.935+0000] {processor.py:839} INFO - DAG(s) dict_keys(['elt_reddit_pipeline']) retrieved from /opt/airflow/dags/reddit_dag.py
[2024-09-08T00:57:57.947+0000] {logging_mixin.py:151} INFO - [2024-09-08T00:57:57.947+0000] {dag.py:2941} INFO - Sync 1 DAGs
[2024-09-08T00:57:57.956+0000] {logging_mixin.py:151} INFO - [2024-09-08T00:57:57.956+0000] {dag.py:3722} INFO - Setting next_dagrun for elt_reddit_pipeline to 2024-09-08T00:00:00+00:00, run_after=2024-09-09T00:00:00+00:00
[2024-09-08T00:57:57.964+0000] {processor.py:179} INFO - Processing /opt/airflow/dags/reddit_dag.py took 0.368 seconds
[2024-09-08T00:58:28.113+0000] {processor.py:157} INFO - Started process (PID=4503) to work on /opt/airflow/dags/reddit_dag.py
[2024-09-08T00:58:28.115+0000] {processor.py:829} INFO - Processing file /opt/airflow/dags/reddit_dag.py for tasks to queue
[2024-09-08T00:58:28.119+0000] {logging_mixin.py:151} INFO - [2024-09-08T00:58:28.118+0000] {dagbag.py:536} INFO - Filling up the DagBag from /opt/airflow/dags/reddit_dag.py
[2024-09-08T00:58:28.434+0000] {processor.py:839} INFO - DAG(s) dict_keys(['elt_reddit_pipeline']) retrieved from /opt/airflow/dags/reddit_dag.py
[2024-09-08T00:58:28.445+0000] {logging_mixin.py:151} INFO - [2024-09-08T00:58:28.445+0000] {dag.py:2941} INFO - Sync 1 DAGs
[2024-09-08T00:58:28.454+0000] {logging_mixin.py:151} INFO - [2024-09-08T00:58:28.454+0000] {dag.py:3722} INFO - Setting next_dagrun for elt_reddit_pipeline to 2024-09-08T00:00:00+00:00, run_after=2024-09-09T00:00:00+00:00
[2024-09-08T00:58:28.462+0000] {processor.py:179} INFO - Processing /opt/airflow/dags/reddit_dag.py took 0.355 seconds
[2024-09-08T00:58:58.970+0000] {processor.py:157} INFO - Started process (PID=4505) to work on /opt/airflow/dags/reddit_dag.py
[2024-09-08T00:58:58.972+0000] {processor.py:829} INFO - Processing file /opt/airflow/dags/reddit_dag.py for tasks to queue
[2024-09-08T00:58:58.975+0000] {logging_mixin.py:151} INFO - [2024-09-08T00:58:58.974+0000] {dagbag.py:536} INFO - Filling up the DagBag from /opt/airflow/dags/reddit_dag.py
[2024-09-08T00:58:59.291+0000] {processor.py:839} INFO - DAG(s) dict_keys(['elt_reddit_pipeline']) retrieved from /opt/airflow/dags/reddit_dag.py
[2024-09-08T00:58:59.302+0000] {logging_mixin.py:151} INFO - [2024-09-08T00:58:59.302+0000] {dag.py:2941} INFO - Sync 1 DAGs
[2024-09-08T00:58:59.312+0000] {logging_mixin.py:151} INFO - [2024-09-08T00:58:59.312+0000] {dag.py:3722} INFO - Setting next_dagrun for elt_reddit_pipeline to 2024-09-08T00:00:00+00:00, run_after=2024-09-09T00:00:00+00:00
[2024-09-08T00:58:59.321+0000] {processor.py:179} INFO - Processing /opt/airflow/dags/reddit_dag.py took 0.356 seconds
[2024-09-08T00:59:29.501+0000] {processor.py:157} INFO - Started process (PID=4507) to work on /opt/airflow/dags/reddit_dag.py
[2024-09-08T00:59:29.503+0000] {processor.py:829} INFO - Processing file /opt/airflow/dags/reddit_dag.py for tasks to queue
[2024-09-08T00:59:29.506+0000] {logging_mixin.py:151} INFO - [2024-09-08T00:59:29.505+0000] {dagbag.py:536} INFO - Filling up the DagBag from /opt/airflow/dags/reddit_dag.py
[2024-09-08T00:59:29.824+0000] {processor.py:839} INFO - DAG(s) dict_keys(['elt_reddit_pipeline']) retrieved from /opt/airflow/dags/reddit_dag.py
[2024-09-08T00:59:29.835+0000] {logging_mixin.py:151} INFO - [2024-09-08T00:59:29.835+0000] {dag.py:2941} INFO - Sync 1 DAGs
[2024-09-08T00:59:29.845+0000] {logging_mixin.py:151} INFO - [2024-09-08T00:59:29.845+0000] {dag.py:3722} INFO - Setting next_dagrun for elt_reddit_pipeline to 2024-09-08T00:00:00+00:00, run_after=2024-09-09T00:00:00+00:00
[2024-09-08T00:59:29.853+0000] {processor.py:179} INFO - Processing /opt/airflow/dags/reddit_dag.py took 0.358 seconds
[2024-09-08T01:00:00.305+0000] {processor.py:157} INFO - Started process (PID=4509) to work on /opt/airflow/dags/reddit_dag.py
[2024-09-08T01:00:00.306+0000] {processor.py:829} INFO - Processing file /opt/airflow/dags/reddit_dag.py for tasks to queue
[2024-09-08T01:00:00.309+0000] {logging_mixin.py:151} INFO - [2024-09-08T01:00:00.309+0000] {dagbag.py:536} INFO - Filling up the DagBag from /opt/airflow/dags/reddit_dag.py
[2024-09-08T01:00:00.623+0000] {processor.py:839} INFO - DAG(s) dict_keys(['elt_reddit_pipeline']) retrieved from /opt/airflow/dags/reddit_dag.py
[2024-09-08T01:00:00.634+0000] {logging_mixin.py:151} INFO - [2024-09-08T01:00:00.634+0000] {dag.py:2941} INFO - Sync 1 DAGs
[2024-09-08T01:00:00.645+0000] {logging_mixin.py:151} INFO - [2024-09-08T01:00:00.645+0000] {dag.py:3722} INFO - Setting next_dagrun for elt_reddit_pipeline to 2024-09-08T00:00:00+00:00, run_after=2024-09-09T00:00:00+00:00
[2024-09-08T01:00:00.654+0000] {processor.py:179} INFO - Processing /opt/airflow/dags/reddit_dag.py took 0.354 seconds
[2024-09-08T01:00:30.832+0000] {processor.py:157} INFO - Started process (PID=4511) to work on /opt/airflow/dags/reddit_dag.py
[2024-09-08T01:00:30.834+0000] {processor.py:829} INFO - Processing file /opt/airflow/dags/reddit_dag.py for tasks to queue
[2024-09-08T01:00:30.837+0000] {logging_mixin.py:151} INFO - [2024-09-08T01:00:30.837+0000] {dagbag.py:536} INFO - Filling up the DagBag from /opt/airflow/dags/reddit_dag.py
[2024-09-08T01:00:31.078+0000] {processor.py:839} INFO - DAG(s) dict_keys(['elt_reddit_pipeline']) retrieved from /opt/airflow/dags/reddit_dag.py
[2024-09-08T01:00:31.169+0000] {logging_mixin.py:151} INFO - [2024-09-08T01:00:31.091+0000] {dag.py:2941} INFO - Sync 1 DAGs
[2024-09-08T01:00:31.179+0000] {logging_mixin.py:151} INFO - [2024-09-08T01:00:31.179+0000] {dag.py:3722} INFO - Setting next_dagrun for elt_reddit_pipeline to 2024-09-08T00:00:00+00:00, run_after=2024-09-09T00:00:00+00:00
[2024-09-08T01:00:31.187+0000] {processor.py:179} INFO - Processing /opt/airflow/dags/reddit_dag.py took 0.360 seconds
[2024-09-08T01:01:01.739+0000] {processor.py:157} INFO - Started process (PID=4513) to work on /opt/airflow/dags/reddit_dag.py
[2024-09-08T01:01:01.740+0000] {processor.py:829} INFO - Processing file /opt/airflow/dags/reddit_dag.py for tasks to queue
[2024-09-08T01:01:01.744+0000] {logging_mixin.py:151} INFO - [2024-09-08T01:01:01.744+0000] {dagbag.py:536} INFO - Filling up the DagBag from /opt/airflow/dags/reddit_dag.py
[2024-09-08T01:01:01.984+0000] {processor.py:839} INFO - DAG(s) dict_keys(['elt_reddit_pipeline']) retrieved from /opt/airflow/dags/reddit_dag.py
[2024-09-08T01:01:02.074+0000] {logging_mixin.py:151} INFO - [2024-09-08T01:01:02.074+0000] {dag.py:2941} INFO - Sync 1 DAGs
[2024-09-08T01:01:02.084+0000] {logging_mixin.py:151} INFO - [2024-09-08T01:01:02.084+0000] {dag.py:3722} INFO - Setting next_dagrun for elt_reddit_pipeline to 2024-09-08T00:00:00+00:00, run_after=2024-09-09T00:00:00+00:00
[2024-09-08T01:01:02.091+0000] {processor.py:179} INFO - Processing /opt/airflow/dags/reddit_dag.py took 0.358 seconds
[2024-09-08T01:01:32.255+0000] {processor.py:157} INFO - Started process (PID=4515) to work on /opt/airflow/dags/reddit_dag.py
[2024-09-08T01:01:32.257+0000] {processor.py:829} INFO - Processing file /opt/airflow/dags/reddit_dag.py for tasks to queue
[2024-09-08T01:01:32.261+0000] {logging_mixin.py:151} INFO - [2024-09-08T01:01:32.260+0000] {dagbag.py:536} INFO - Filling up the DagBag from /opt/airflow/dags/reddit_dag.py
[2024-09-08T01:01:32.578+0000] {processor.py:839} INFO - DAG(s) dict_keys(['elt_reddit_pipeline']) retrieved from /opt/airflow/dags/reddit_dag.py
[2024-09-08T01:01:32.589+0000] {logging_mixin.py:151} INFO - [2024-09-08T01:01:32.589+0000] {dag.py:2941} INFO - Sync 1 DAGs
[2024-09-08T01:01:32.598+0000] {logging_mixin.py:151} INFO - [2024-09-08T01:01:32.598+0000] {dag.py:3722} INFO - Setting next_dagrun for elt_reddit_pipeline to 2024-09-08T00:00:00+00:00, run_after=2024-09-09T00:00:00+00:00
[2024-09-08T01:01:32.606+0000] {processor.py:179} INFO - Processing /opt/airflow/dags/reddit_dag.py took 0.357 seconds
[2024-09-08T01:02:03.108+0000] {processor.py:157} INFO - Started process (PID=4517) to work on /opt/airflow/dags/reddit_dag.py
[2024-09-08T01:02:03.110+0000] {processor.py:829} INFO - Processing file /opt/airflow/dags/reddit_dag.py for tasks to queue
[2024-09-08T01:02:03.113+0000] {logging_mixin.py:151} INFO - [2024-09-08T01:02:03.113+0000] {dagbag.py:536} INFO - Filling up the DagBag from /opt/airflow/dags/reddit_dag.py
[2024-09-08T01:02:03.428+0000] {processor.py:839} INFO - DAG(s) dict_keys(['elt_reddit_pipeline']) retrieved from /opt/airflow/dags/reddit_dag.py
[2024-09-08T01:02:03.439+0000] {logging_mixin.py:151} INFO - [2024-09-08T01:02:03.439+0000] {dag.py:2941} INFO - Sync 1 DAGs
[2024-09-08T01:02:03.449+0000] {logging_mixin.py:151} INFO - [2024-09-08T01:02:03.448+0000] {dag.py:3722} INFO - Setting next_dagrun for elt_reddit_pipeline to 2024-09-08T00:00:00+00:00, run_after=2024-09-09T00:00:00+00:00
[2024-09-08T01:02:03.457+0000] {processor.py:179} INFO - Processing /opt/airflow/dags/reddit_dag.py took 0.354 seconds
[2024-09-08T01:02:33.690+0000] {processor.py:157} INFO - Started process (PID=4519) to work on /opt/airflow/dags/reddit_dag.py
[2024-09-08T01:02:33.692+0000] {processor.py:829} INFO - Processing file /opt/airflow/dags/reddit_dag.py for tasks to queue
[2024-09-08T01:02:33.696+0000] {logging_mixin.py:151} INFO - [2024-09-08T01:02:33.695+0000] {dagbag.py:536} INFO - Filling up the DagBag from /opt/airflow/dags/reddit_dag.py
[2024-09-08T01:02:34.013+0000] {processor.py:839} INFO - DAG(s) dict_keys(['elt_reddit_pipeline']) retrieved from /opt/airflow/dags/reddit_dag.py
[2024-09-08T01:02:34.024+0000] {logging_mixin.py:151} INFO - [2024-09-08T01:02:34.023+0000] {dag.py:2941} INFO - Sync 1 DAGs
[2024-09-08T01:02:34.034+0000] {logging_mixin.py:151} INFO - [2024-09-08T01:02:34.034+0000] {dag.py:3722} INFO - Setting next_dagrun for elt_reddit_pipeline to 2024-09-08T00:00:00+00:00, run_after=2024-09-09T00:00:00+00:00
[2024-09-08T01:02:34.042+0000] {processor.py:179} INFO - Processing /opt/airflow/dags/reddit_dag.py took 0.358 seconds
[2024-09-08T01:03:04.501+0000] {processor.py:157} INFO - Started process (PID=4521) to work on /opt/airflow/dags/reddit_dag.py
[2024-09-08T01:03:04.503+0000] {processor.py:829} INFO - Processing file /opt/airflow/dags/reddit_dag.py for tasks to queue
[2024-09-08T01:03:04.507+0000] {logging_mixin.py:151} INFO - [2024-09-08T01:03:04.506+0000] {dagbag.py:536} INFO - Filling up the DagBag from /opt/airflow/dags/reddit_dag.py
[2024-09-08T01:03:04.827+0000] {processor.py:839} INFO - DAG(s) dict_keys(['elt_reddit_pipeline']) retrieved from /opt/airflow/dags/reddit_dag.py
[2024-09-08T01:03:04.838+0000] {logging_mixin.py:151} INFO - [2024-09-08T01:03:04.837+0000] {dag.py:2941} INFO - Sync 1 DAGs
[2024-09-08T01:03:04.848+0000] {logging_mixin.py:151} INFO - [2024-09-08T01:03:04.848+0000] {dag.py:3722} INFO - Setting next_dagrun for elt_reddit_pipeline to 2024-09-08T00:00:00+00:00, run_after=2024-09-09T00:00:00+00:00
[2024-09-08T01:03:04.856+0000] {processor.py:179} INFO - Processing /opt/airflow/dags/reddit_dag.py took 0.360 seconds
[2024-09-08T01:03:35.315+0000] {processor.py:157} INFO - Started process (PID=4523) to work on /opt/airflow/dags/reddit_dag.py
[2024-09-08T01:03:35.317+0000] {processor.py:829} INFO - Processing file /opt/airflow/dags/reddit_dag.py for tasks to queue
[2024-09-08T01:03:35.320+0000] {logging_mixin.py:151} INFO - [2024-09-08T01:03:35.319+0000] {dagbag.py:536} INFO - Filling up the DagBag from /opt/airflow/dags/reddit_dag.py
[2024-09-08T01:03:35.635+0000] {processor.py:839} INFO - DAG(s) dict_keys(['elt_reddit_pipeline']) retrieved from /opt/airflow/dags/reddit_dag.py
[2024-09-08T01:03:35.647+0000] {logging_mixin.py:151} INFO - [2024-09-08T01:03:35.647+0000] {dag.py:2941} INFO - Sync 1 DAGs
[2024-09-08T01:03:35.657+0000] {logging_mixin.py:151} INFO - [2024-09-08T01:03:35.656+0000] {dag.py:3722} INFO - Setting next_dagrun for elt_reddit_pipeline to 2024-09-08T00:00:00+00:00, run_after=2024-09-09T00:00:00+00:00
[2024-09-08T01:03:35.664+0000] {processor.py:179} INFO - Processing /opt/airflow/dags/reddit_dag.py took 0.354 seconds
[2024-09-08T01:04:05.877+0000] {processor.py:157} INFO - Started process (PID=4525) to work on /opt/airflow/dags/reddit_dag.py
[2024-09-08T01:04:05.879+0000] {processor.py:829} INFO - Processing file /opt/airflow/dags/reddit_dag.py for tasks to queue
[2024-09-08T01:04:05.882+0000] {logging_mixin.py:151} INFO - [2024-09-08T01:04:05.881+0000] {dagbag.py:536} INFO - Filling up the DagBag from /opt/airflow/dags/reddit_dag.py
[2024-09-08T01:04:06.198+0000] {processor.py:839} INFO - DAG(s) dict_keys(['elt_reddit_pipeline']) retrieved from /opt/airflow/dags/reddit_dag.py
[2024-09-08T01:04:06.209+0000] {logging_mixin.py:151} INFO - [2024-09-08T01:04:06.209+0000] {dag.py:2941} INFO - Sync 1 DAGs
[2024-09-08T01:04:06.218+0000] {logging_mixin.py:151} INFO - [2024-09-08T01:04:06.218+0000] {dag.py:3722} INFO - Setting next_dagrun for elt_reddit_pipeline to 2024-09-08T00:00:00+00:00, run_after=2024-09-09T00:00:00+00:00
[2024-09-08T01:04:06.226+0000] {processor.py:179} INFO - Processing /opt/airflow/dags/reddit_dag.py took 0.355 seconds
[2024-09-08T01:04:36.602+0000] {processor.py:157} INFO - Started process (PID=4527) to work on /opt/airflow/dags/reddit_dag.py
[2024-09-08T01:04:36.603+0000] {processor.py:829} INFO - Processing file /opt/airflow/dags/reddit_dag.py for tasks to queue
[2024-09-08T01:04:36.607+0000] {logging_mixin.py:151} INFO - [2024-09-08T01:04:36.607+0000] {dagbag.py:536} INFO - Filling up the DagBag from /opt/airflow/dags/reddit_dag.py
[2024-09-08T01:04:36.931+0000] {processor.py:839} INFO - DAG(s) dict_keys(['elt_reddit_pipeline']) retrieved from /opt/airflow/dags/reddit_dag.py
[2024-09-08T01:04:36.943+0000] {logging_mixin.py:151} INFO - [2024-09-08T01:04:36.943+0000] {dag.py:2941} INFO - Sync 1 DAGs
[2024-09-08T01:04:36.952+0000] {logging_mixin.py:151} INFO - [2024-09-08T01:04:36.952+0000] {dag.py:3722} INFO - Setting next_dagrun for elt_reddit_pipeline to 2024-09-08T00:00:00+00:00, run_after=2024-09-09T00:00:00+00:00
[2024-09-08T01:04:36.960+0000] {processor.py:179} INFO - Processing /opt/airflow/dags/reddit_dag.py took 0.363 seconds
[2024-09-08T01:05:07.069+0000] {processor.py:157} INFO - Started process (PID=4529) to work on /opt/airflow/dags/reddit_dag.py
[2024-09-08T01:05:07.070+0000] {processor.py:829} INFO - Processing file /opt/airflow/dags/reddit_dag.py for tasks to queue
[2024-09-08T01:05:07.073+0000] {logging_mixin.py:151} INFO - [2024-09-08T01:05:07.073+0000] {dagbag.py:536} INFO - Filling up the DagBag from /opt/airflow/dags/reddit_dag.py
[2024-09-08T01:05:07.382+0000] {processor.py:839} INFO - DAG(s) dict_keys(['elt_reddit_pipeline']) retrieved from /opt/airflow/dags/reddit_dag.py
[2024-09-08T01:05:07.392+0000] {logging_mixin.py:151} INFO - [2024-09-08T01:05:07.392+0000] {dag.py:2941} INFO - Sync 1 DAGs
[2024-09-08T01:05:07.402+0000] {logging_mixin.py:151} INFO - [2024-09-08T01:05:07.402+0000] {dag.py:3722} INFO - Setting next_dagrun for elt_reddit_pipeline to 2024-09-08T00:00:00+00:00, run_after=2024-09-09T00:00:00+00:00
[2024-09-08T01:05:07.411+0000] {processor.py:179} INFO - Processing /opt/airflow/dags/reddit_dag.py took 0.347 seconds
[2024-09-08T01:05:37.947+0000] {processor.py:157} INFO - Started process (PID=4531) to work on /opt/airflow/dags/reddit_dag.py
[2024-09-08T01:05:37.949+0000] {processor.py:829} INFO - Processing file /opt/airflow/dags/reddit_dag.py for tasks to queue
[2024-09-08T01:05:37.953+0000] {logging_mixin.py:151} INFO - [2024-09-08T01:05:37.952+0000] {dagbag.py:536} INFO - Filling up the DagBag from /opt/airflow/dags/reddit_dag.py
[2024-09-08T01:05:38.271+0000] {processor.py:839} INFO - DAG(s) dict_keys(['elt_reddit_pipeline']) retrieved from /opt/airflow/dags/reddit_dag.py
[2024-09-08T01:05:38.283+0000] {logging_mixin.py:151} INFO - [2024-09-08T01:05:38.282+0000] {dag.py:2941} INFO - Sync 1 DAGs
[2024-09-08T01:05:38.293+0000] {logging_mixin.py:151} INFO - [2024-09-08T01:05:38.293+0000] {dag.py:3722} INFO - Setting next_dagrun for elt_reddit_pipeline to 2024-09-08T00:00:00+00:00, run_after=2024-09-09T00:00:00+00:00
[2024-09-08T01:05:38.301+0000] {processor.py:179} INFO - Processing /opt/airflow/dags/reddit_dag.py took 0.359 seconds
[2024-09-08T01:06:08.488+0000] {processor.py:157} INFO - Started process (PID=4533) to work on /opt/airflow/dags/reddit_dag.py
[2024-09-08T01:06:08.490+0000] {processor.py:829} INFO - Processing file /opt/airflow/dags/reddit_dag.py for tasks to queue
[2024-09-08T01:06:08.493+0000] {logging_mixin.py:151} INFO - [2024-09-08T01:06:08.493+0000] {dagbag.py:536} INFO - Filling up the DagBag from /opt/airflow/dags/reddit_dag.py
[2024-09-08T01:06:08.817+0000] {processor.py:839} INFO - DAG(s) dict_keys(['elt_reddit_pipeline']) retrieved from /opt/airflow/dags/reddit_dag.py
[2024-09-08T01:06:08.828+0000] {logging_mixin.py:151} INFO - [2024-09-08T01:06:08.827+0000] {dag.py:2941} INFO - Sync 1 DAGs
[2024-09-08T01:06:08.838+0000] {logging_mixin.py:151} INFO - [2024-09-08T01:06:08.838+0000] {dag.py:3722} INFO - Setting next_dagrun for elt_reddit_pipeline to 2024-09-08T00:00:00+00:00, run_after=2024-09-09T00:00:00+00:00
[2024-09-08T01:06:08.846+0000] {processor.py:179} INFO - Processing /opt/airflow/dags/reddit_dag.py took 0.363 seconds
[2024-09-08T01:06:39.277+0000] {processor.py:157} INFO - Started process (PID=4535) to work on /opt/airflow/dags/reddit_dag.py
[2024-09-08T01:06:39.278+0000] {processor.py:829} INFO - Processing file /opt/airflow/dags/reddit_dag.py for tasks to queue
[2024-09-08T01:06:39.281+0000] {logging_mixin.py:151} INFO - [2024-09-08T01:06:39.281+0000] {dagbag.py:536} INFO - Filling up the DagBag from /opt/airflow/dags/reddit_dag.py
[2024-09-08T01:06:39.526+0000] {processor.py:839} INFO - DAG(s) dict_keys(['elt_reddit_pipeline']) retrieved from /opt/airflow/dags/reddit_dag.py
[2024-09-08T01:06:39.615+0000] {logging_mixin.py:151} INFO - [2024-09-08T01:06:39.615+0000] {dag.py:2941} INFO - Sync 1 DAGs
[2024-09-08T01:06:39.625+0000] {logging_mixin.py:151} INFO - [2024-09-08T01:06:39.625+0000] {dag.py:3722} INFO - Setting next_dagrun for elt_reddit_pipeline to 2024-09-08T00:00:00+00:00, run_after=2024-09-09T00:00:00+00:00
[2024-09-08T01:06:39.633+0000] {processor.py:179} INFO - Processing /opt/airflow/dags/reddit_dag.py took 0.361 seconds
[2024-09-08T01:07:09.850+0000] {processor.py:157} INFO - Started process (PID=4537) to work on /opt/airflow/dags/reddit_dag.py
[2024-09-08T01:07:09.852+0000] {processor.py:829} INFO - Processing file /opt/airflow/dags/reddit_dag.py for tasks to queue
[2024-09-08T01:07:09.854+0000] {logging_mixin.py:151} INFO - [2024-09-08T01:07:09.854+0000] {dagbag.py:536} INFO - Filling up the DagBag from /opt/airflow/dags/reddit_dag.py
[2024-09-08T01:07:10.169+0000] {processor.py:839} INFO - DAG(s) dict_keys(['elt_reddit_pipeline']) retrieved from /opt/airflow/dags/reddit_dag.py
[2024-09-08T01:07:10.180+0000] {logging_mixin.py:151} INFO - [2024-09-08T01:07:10.180+0000] {dag.py:2941} INFO - Sync 1 DAGs
[2024-09-08T01:07:10.190+0000] {logging_mixin.py:151} INFO - [2024-09-08T01:07:10.189+0000] {dag.py:3722} INFO - Setting next_dagrun for elt_reddit_pipeline to 2024-09-08T00:00:00+00:00, run_after=2024-09-09T00:00:00+00:00
[2024-09-08T01:07:10.197+0000] {processor.py:179} INFO - Processing /opt/airflow/dags/reddit_dag.py took 0.352 seconds
[2024-09-08T01:07:40.687+0000] {processor.py:157} INFO - Started process (PID=4539) to work on /opt/airflow/dags/reddit_dag.py
[2024-09-08T01:07:40.689+0000] {processor.py:829} INFO - Processing file /opt/airflow/dags/reddit_dag.py for tasks to queue
[2024-09-08T01:07:40.692+0000] {logging_mixin.py:151} INFO - [2024-09-08T01:07:40.691+0000] {dagbag.py:536} INFO - Filling up the DagBag from /opt/airflow/dags/reddit_dag.py
[2024-09-08T01:07:41.011+0000] {processor.py:839} INFO - DAG(s) dict_keys(['elt_reddit_pipeline']) retrieved from /opt/airflow/dags/reddit_dag.py
[2024-09-08T01:07:41.022+0000] {logging_mixin.py:151} INFO - [2024-09-08T01:07:41.021+0000] {dag.py:2941} INFO - Sync 1 DAGs
[2024-09-08T01:07:41.031+0000] {logging_mixin.py:151} INFO - [2024-09-08T01:07:41.031+0000] {dag.py:3722} INFO - Setting next_dagrun for elt_reddit_pipeline to 2024-09-08T00:00:00+00:00, run_after=2024-09-09T00:00:00+00:00
[2024-09-08T01:07:41.040+0000] {processor.py:179} INFO - Processing /opt/airflow/dags/reddit_dag.py took 0.358 seconds
[2024-09-08T01:08:11.185+0000] {processor.py:157} INFO - Started process (PID=4541) to work on /opt/airflow/dags/reddit_dag.py
[2024-09-08T01:08:11.187+0000] {processor.py:829} INFO - Processing file /opt/airflow/dags/reddit_dag.py for tasks to queue
[2024-09-08T01:08:11.190+0000] {logging_mixin.py:151} INFO - [2024-09-08T01:08:11.189+0000] {dagbag.py:536} INFO - Filling up the DagBag from /opt/airflow/dags/reddit_dag.py
[2024-09-08T01:08:11.507+0000] {processor.py:839} INFO - DAG(s) dict_keys(['elt_reddit_pipeline']) retrieved from /opt/airflow/dags/reddit_dag.py
[2024-09-08T01:08:11.519+0000] {logging_mixin.py:151} INFO - [2024-09-08T01:08:11.518+0000] {dag.py:2941} INFO - Sync 1 DAGs
[2024-09-08T01:08:11.529+0000] {logging_mixin.py:151} INFO - [2024-09-08T01:08:11.529+0000] {dag.py:3722} INFO - Setting next_dagrun for elt_reddit_pipeline to 2024-09-08T00:00:00+00:00, run_after=2024-09-09T00:00:00+00:00
[2024-09-08T01:08:11.537+0000] {processor.py:179} INFO - Processing /opt/airflow/dags/reddit_dag.py took 0.358 seconds
[2024-09-08T01:08:42.063+0000] {processor.py:157} INFO - Started process (PID=4543) to work on /opt/airflow/dags/reddit_dag.py
[2024-09-08T01:08:42.065+0000] {processor.py:829} INFO - Processing file /opt/airflow/dags/reddit_dag.py for tasks to queue
[2024-09-08T01:08:42.068+0000] {logging_mixin.py:151} INFO - [2024-09-08T01:08:42.068+0000] {dagbag.py:536} INFO - Filling up the DagBag from /opt/airflow/dags/reddit_dag.py
[2024-09-08T01:08:42.392+0000] {processor.py:839} INFO - DAG(s) dict_keys(['elt_reddit_pipeline']) retrieved from /opt/airflow/dags/reddit_dag.py
[2024-09-08T01:08:42.403+0000] {logging_mixin.py:151} INFO - [2024-09-08T01:08:42.403+0000] {dag.py:2941} INFO - Sync 1 DAGs
[2024-09-08T01:08:42.413+0000] {logging_mixin.py:151} INFO - [2024-09-08T01:08:42.413+0000] {dag.py:3722} INFO - Setting next_dagrun for elt_reddit_pipeline to 2024-09-08T00:00:00+00:00, run_after=2024-09-09T00:00:00+00:00
[2024-09-08T01:08:42.420+0000] {processor.py:179} INFO - Processing /opt/airflow/dags/reddit_dag.py took 0.362 seconds
[2024-09-08T01:09:12.586+0000] {processor.py:157} INFO - Started process (PID=4545) to work on /opt/airflow/dags/reddit_dag.py
[2024-09-08T01:09:12.587+0000] {processor.py:829} INFO - Processing file /opt/airflow/dags/reddit_dag.py for tasks to queue
[2024-09-08T01:09:12.591+0000] {logging_mixin.py:151} INFO - [2024-09-08T01:09:12.591+0000] {dagbag.py:536} INFO - Filling up the DagBag from /opt/airflow/dags/reddit_dag.py
[2024-09-08T01:09:12.914+0000] {processor.py:839} INFO - DAG(s) dict_keys(['elt_reddit_pipeline']) retrieved from /opt/airflow/dags/reddit_dag.py
[2024-09-08T01:09:12.926+0000] {logging_mixin.py:151} INFO - [2024-09-08T01:09:12.926+0000] {dag.py:2941} INFO - Sync 1 DAGs
[2024-09-08T01:09:12.936+0000] {logging_mixin.py:151} INFO - [2024-09-08T01:09:12.935+0000] {dag.py:3722} INFO - Setting next_dagrun for elt_reddit_pipeline to 2024-09-08T00:00:00+00:00, run_after=2024-09-09T00:00:00+00:00
[2024-09-08T01:09:12.943+0000] {processor.py:179} INFO - Processing /opt/airflow/dags/reddit_dag.py took 0.363 seconds
[2024-09-08T01:09:43.441+0000] {processor.py:157} INFO - Started process (PID=4547) to work on /opt/airflow/dags/reddit_dag.py
[2024-09-08T01:09:43.442+0000] {processor.py:829} INFO - Processing file /opt/airflow/dags/reddit_dag.py for tasks to queue
[2024-09-08T01:09:43.445+0000] {logging_mixin.py:151} INFO - [2024-09-08T01:09:43.445+0000] {dagbag.py:536} INFO - Filling up the DagBag from /opt/airflow/dags/reddit_dag.py
[2024-09-08T01:09:43.765+0000] {processor.py:839} INFO - DAG(s) dict_keys(['elt_reddit_pipeline']) retrieved from /opt/airflow/dags/reddit_dag.py
[2024-09-08T01:09:43.776+0000] {logging_mixin.py:151} INFO - [2024-09-08T01:09:43.776+0000] {dag.py:2941} INFO - Sync 1 DAGs
[2024-09-08T01:09:43.786+0000] {logging_mixin.py:151} INFO - [2024-09-08T01:09:43.786+0000] {dag.py:3722} INFO - Setting next_dagrun for elt_reddit_pipeline to 2024-09-08T00:00:00+00:00, run_after=2024-09-09T00:00:00+00:00
[2024-09-08T01:09:43.794+0000] {processor.py:179} INFO - Processing /opt/airflow/dags/reddit_dag.py took 0.358 seconds
[2024-09-08T01:10:13.913+0000] {processor.py:157} INFO - Started process (PID=4549) to work on /opt/airflow/dags/reddit_dag.py
[2024-09-08T01:10:13.915+0000] {processor.py:829} INFO - Processing file /opt/airflow/dags/reddit_dag.py for tasks to queue
[2024-09-08T01:10:13.918+0000] {logging_mixin.py:151} INFO - [2024-09-08T01:10:13.917+0000] {dagbag.py:536} INFO - Filling up the DagBag from /opt/airflow/dags/reddit_dag.py
[2024-09-08T01:10:14.235+0000] {processor.py:839} INFO - DAG(s) dict_keys(['elt_reddit_pipeline']) retrieved from /opt/airflow/dags/reddit_dag.py
[2024-09-08T01:10:14.246+0000] {logging_mixin.py:151} INFO - [2024-09-08T01:10:14.246+0000] {dag.py:2941} INFO - Sync 1 DAGs
[2024-09-08T01:10:14.256+0000] {logging_mixin.py:151} INFO - [2024-09-08T01:10:14.256+0000] {dag.py:3722} INFO - Setting next_dagrun for elt_reddit_pipeline to 2024-09-08T00:00:00+00:00, run_after=2024-09-09T00:00:00+00:00
[2024-09-08T01:10:14.264+0000] {processor.py:179} INFO - Processing /opt/airflow/dags/reddit_dag.py took 0.356 seconds
[2024-09-08T01:10:44.390+0000] {processor.py:157} INFO - Started process (PID=4551) to work on /opt/airflow/dags/reddit_dag.py
[2024-09-08T01:10:44.391+0000] {processor.py:829} INFO - Processing file /opt/airflow/dags/reddit_dag.py for tasks to queue
[2024-09-08T01:10:44.394+0000] {logging_mixin.py:151} INFO - [2024-09-08T01:10:44.394+0000] {dagbag.py:536} INFO - Filling up the DagBag from /opt/airflow/dags/reddit_dag.py
[2024-09-08T01:10:44.711+0000] {processor.py:839} INFO - DAG(s) dict_keys(['elt_reddit_pipeline']) retrieved from /opt/airflow/dags/reddit_dag.py
[2024-09-08T01:10:44.723+0000] {logging_mixin.py:151} INFO - [2024-09-08T01:10:44.723+0000] {dag.py:2941} INFO - Sync 1 DAGs
[2024-09-08T01:10:44.734+0000] {logging_mixin.py:151} INFO - [2024-09-08T01:10:44.734+0000] {dag.py:3722} INFO - Setting next_dagrun for elt_reddit_pipeline to 2024-09-08T00:00:00+00:00, run_after=2024-09-09T00:00:00+00:00
[2024-09-08T01:10:44.742+0000] {processor.py:179} INFO - Processing /opt/airflow/dags/reddit_dag.py took 0.358 seconds
[2024-09-08T01:11:15.253+0000] {processor.py:157} INFO - Started process (PID=4553) to work on /opt/airflow/dags/reddit_dag.py
[2024-09-08T01:11:15.254+0000] {processor.py:829} INFO - Processing file /opt/airflow/dags/reddit_dag.py for tasks to queue
[2024-09-08T01:11:15.257+0000] {logging_mixin.py:151} INFO - [2024-09-08T01:11:15.257+0000] {dagbag.py:536} INFO - Filling up the DagBag from /opt/airflow/dags/reddit_dag.py
[2024-09-08T01:11:15.577+0000] {processor.py:839} INFO - DAG(s) dict_keys(['elt_reddit_pipeline']) retrieved from /opt/airflow/dags/reddit_dag.py
[2024-09-08T01:11:15.588+0000] {logging_mixin.py:151} INFO - [2024-09-08T01:11:15.588+0000] {dag.py:2941} INFO - Sync 1 DAGs
[2024-09-08T01:11:15.598+0000] {logging_mixin.py:151} INFO - [2024-09-08T01:11:15.598+0000] {dag.py:3722} INFO - Setting next_dagrun for elt_reddit_pipeline to 2024-09-08T00:00:00+00:00, run_after=2024-09-09T00:00:00+00:00
[2024-09-08T01:11:15.606+0000] {processor.py:179} INFO - Processing /opt/airflow/dags/reddit_dag.py took 0.358 seconds
[2024-09-08T01:11:45.792+0000] {processor.py:157} INFO - Started process (PID=4555) to work on /opt/airflow/dags/reddit_dag.py
[2024-09-08T01:11:45.793+0000] {processor.py:829} INFO - Processing file /opt/airflow/dags/reddit_dag.py for tasks to queue
[2024-09-08T01:11:45.797+0000] {logging_mixin.py:151} INFO - [2024-09-08T01:11:45.796+0000] {dagbag.py:536} INFO - Filling up the DagBag from /opt/airflow/dags/reddit_dag.py
[2024-09-08T01:11:46.121+0000] {processor.py:839} INFO - DAG(s) dict_keys(['elt_reddit_pipeline']) retrieved from /opt/airflow/dags/reddit_dag.py
[2024-09-08T01:11:46.132+0000] {logging_mixin.py:151} INFO - [2024-09-08T01:11:46.131+0000] {dag.py:2941} INFO - Sync 1 DAGs
[2024-09-08T01:11:46.142+0000] {logging_mixin.py:151} INFO - [2024-09-08T01:11:46.142+0000] {dag.py:3722} INFO - Setting next_dagrun for elt_reddit_pipeline to 2024-09-08T00:00:00+00:00, run_after=2024-09-09T00:00:00+00:00
[2024-09-08T01:11:46.150+0000] {processor.py:179} INFO - Processing /opt/airflow/dags/reddit_dag.py took 0.363 seconds
[2024-09-08T01:12:16.597+0000] {processor.py:157} INFO - Started process (PID=4557) to work on /opt/airflow/dags/reddit_dag.py
[2024-09-08T01:12:16.598+0000] {processor.py:829} INFO - Processing file /opt/airflow/dags/reddit_dag.py for tasks to queue
[2024-09-08T01:12:16.601+0000] {logging_mixin.py:151} INFO - [2024-09-08T01:12:16.601+0000] {dagbag.py:536} INFO - Filling up the DagBag from /opt/airflow/dags/reddit_dag.py
[2024-09-08T01:12:16.923+0000] {processor.py:839} INFO - DAG(s) dict_keys(['elt_reddit_pipeline']) retrieved from /opt/airflow/dags/reddit_dag.py
[2024-09-08T01:12:16.934+0000] {logging_mixin.py:151} INFO - [2024-09-08T01:12:16.934+0000] {dag.py:2941} INFO - Sync 1 DAGs
[2024-09-08T01:12:16.944+0000] {logging_mixin.py:151} INFO - [2024-09-08T01:12:16.944+0000] {dag.py:3722} INFO - Setting next_dagrun for elt_reddit_pipeline to 2024-09-08T00:00:00+00:00, run_after=2024-09-09T00:00:00+00:00
[2024-09-08T01:12:16.952+0000] {processor.py:179} INFO - Processing /opt/airflow/dags/reddit_dag.py took 0.360 seconds
[2024-09-08T01:12:47.134+0000] {processor.py:157} INFO - Started process (PID=4559) to work on /opt/airflow/dags/reddit_dag.py
[2024-09-08T01:12:47.136+0000] {processor.py:829} INFO - Processing file /opt/airflow/dags/reddit_dag.py for tasks to queue
[2024-09-08T01:12:47.140+0000] {logging_mixin.py:151} INFO - [2024-09-08T01:12:47.139+0000] {dagbag.py:536} INFO - Filling up the DagBag from /opt/airflow/dags/reddit_dag.py
[2024-09-08T01:12:47.458+0000] {processor.py:839} INFO - DAG(s) dict_keys(['elt_reddit_pipeline']) retrieved from /opt/airflow/dags/reddit_dag.py
[2024-09-08T01:12:47.470+0000] {logging_mixin.py:151} INFO - [2024-09-08T01:12:47.470+0000] {dag.py:2941} INFO - Sync 1 DAGs
[2024-09-08T01:12:47.479+0000] {logging_mixin.py:151} INFO - [2024-09-08T01:12:47.479+0000] {dag.py:3722} INFO - Setting next_dagrun for elt_reddit_pipeline to 2024-09-08T00:00:00+00:00, run_after=2024-09-09T00:00:00+00:00
[2024-09-08T01:12:47.487+0000] {processor.py:179} INFO - Processing /opt/airflow/dags/reddit_dag.py took 0.359 seconds
[2024-09-08T01:13:18.060+0000] {processor.py:157} INFO - Started process (PID=4561) to work on /opt/airflow/dags/reddit_dag.py
[2024-09-08T01:13:18.061+0000] {processor.py:829} INFO - Processing file /opt/airflow/dags/reddit_dag.py for tasks to queue
[2024-09-08T01:13:18.065+0000] {logging_mixin.py:151} INFO - [2024-09-08T01:13:18.065+0000] {dagbag.py:536} INFO - Filling up the DagBag from /opt/airflow/dags/reddit_dag.py
[2024-09-08T01:13:18.384+0000] {processor.py:839} INFO - DAG(s) dict_keys(['elt_reddit_pipeline']) retrieved from /opt/airflow/dags/reddit_dag.py
[2024-09-08T01:13:18.395+0000] {logging_mixin.py:151} INFO - [2024-09-08T01:13:18.395+0000] {dag.py:2941} INFO - Sync 1 DAGs
[2024-09-08T01:13:18.404+0000] {logging_mixin.py:151} INFO - [2024-09-08T01:13:18.404+0000] {dag.py:3722} INFO - Setting next_dagrun for elt_reddit_pipeline to 2024-09-08T00:00:00+00:00, run_after=2024-09-09T00:00:00+00:00
[2024-09-08T01:13:18.413+0000] {processor.py:179} INFO - Processing /opt/airflow/dags/reddit_dag.py took 0.359 seconds
[2024-09-08T01:13:48.534+0000] {processor.py:157} INFO - Started process (PID=4563) to work on /opt/airflow/dags/reddit_dag.py
[2024-09-08T01:13:48.535+0000] {processor.py:829} INFO - Processing file /opt/airflow/dags/reddit_dag.py for tasks to queue
[2024-09-08T01:13:48.539+0000] {logging_mixin.py:151} INFO - [2024-09-08T01:13:48.539+0000] {dagbag.py:536} INFO - Filling up the DagBag from /opt/airflow/dags/reddit_dag.py
[2024-09-08T01:13:48.859+0000] {processor.py:839} INFO - DAG(s) dict_keys(['elt_reddit_pipeline']) retrieved from /opt/airflow/dags/reddit_dag.py
[2024-09-08T01:13:48.871+0000] {logging_mixin.py:151} INFO - [2024-09-08T01:13:48.870+0000] {dag.py:2941} INFO - Sync 1 DAGs
[2024-09-08T01:13:48.881+0000] {logging_mixin.py:151} INFO - [2024-09-08T01:13:48.881+0000] {dag.py:3722} INFO - Setting next_dagrun for elt_reddit_pipeline to 2024-09-08T00:00:00+00:00, run_after=2024-09-09T00:00:00+00:00
[2024-09-08T01:13:48.889+0000] {processor.py:179} INFO - Processing /opt/airflow/dags/reddit_dag.py took 0.361 seconds
[2024-09-08T01:14:19.021+0000] {processor.py:157} INFO - Started process (PID=4565) to work on /opt/airflow/dags/reddit_dag.py
[2024-09-08T01:14:19.022+0000] {processor.py:829} INFO - Processing file /opt/airflow/dags/reddit_dag.py for tasks to queue
[2024-09-08T01:14:19.026+0000] {logging_mixin.py:151} INFO - [2024-09-08T01:14:19.025+0000] {dagbag.py:536} INFO - Filling up the DagBag from /opt/airflow/dags/reddit_dag.py
[2024-09-08T01:14:19.348+0000] {processor.py:839} INFO - DAG(s) dict_keys(['elt_reddit_pipeline']) retrieved from /opt/airflow/dags/reddit_dag.py
[2024-09-08T01:14:19.359+0000] {logging_mixin.py:151} INFO - [2024-09-08T01:14:19.359+0000] {dag.py:2941} INFO - Sync 1 DAGs
[2024-09-08T01:14:19.370+0000] {logging_mixin.py:151} INFO - [2024-09-08T01:14:19.370+0000] {dag.py:3722} INFO - Setting next_dagrun for elt_reddit_pipeline to 2024-09-08T00:00:00+00:00, run_after=2024-09-09T00:00:00+00:00
[2024-09-08T01:14:19.378+0000] {processor.py:179} INFO - Processing /opt/airflow/dags/reddit_dag.py took 0.363 seconds
[2024-09-08T01:14:49.888+0000] {processor.py:157} INFO - Started process (PID=4567) to work on /opt/airflow/dags/reddit_dag.py
[2024-09-08T01:14:49.890+0000] {processor.py:829} INFO - Processing file /opt/airflow/dags/reddit_dag.py for tasks to queue
[2024-09-08T01:14:49.893+0000] {logging_mixin.py:151} INFO - [2024-09-08T01:14:49.893+0000] {dagbag.py:536} INFO - Filling up the DagBag from /opt/airflow/dags/reddit_dag.py
[2024-09-08T01:14:50.216+0000] {processor.py:839} INFO - DAG(s) dict_keys(['elt_reddit_pipeline']) retrieved from /opt/airflow/dags/reddit_dag.py
[2024-09-08T01:14:50.227+0000] {logging_mixin.py:151} INFO - [2024-09-08T01:14:50.226+0000] {dag.py:2941} INFO - Sync 1 DAGs
[2024-09-08T01:14:50.237+0000] {logging_mixin.py:151} INFO - [2024-09-08T01:14:50.237+0000] {dag.py:3722} INFO - Setting next_dagrun for elt_reddit_pipeline to 2024-09-08T00:00:00+00:00, run_after=2024-09-09T00:00:00+00:00
[2024-09-08T01:14:50.245+0000] {processor.py:179} INFO - Processing /opt/airflow/dags/reddit_dag.py took 0.362 seconds
[2024-09-08T01:15:20.440+0000] {processor.py:157} INFO - Started process (PID=4569) to work on /opt/airflow/dags/reddit_dag.py
[2024-09-08T01:15:20.442+0000] {processor.py:829} INFO - Processing file /opt/airflow/dags/reddit_dag.py for tasks to queue
[2024-09-08T01:15:20.445+0000] {logging_mixin.py:151} INFO - [2024-09-08T01:15:20.445+0000] {dagbag.py:536} INFO - Filling up the DagBag from /opt/airflow/dags/reddit_dag.py
[2024-09-08T01:15:20.766+0000] {processor.py:839} INFO - DAG(s) dict_keys(['elt_reddit_pipeline']) retrieved from /opt/airflow/dags/reddit_dag.py
[2024-09-08T01:15:20.778+0000] {logging_mixin.py:151} INFO - [2024-09-08T01:15:20.778+0000] {dag.py:2941} INFO - Sync 1 DAGs
[2024-09-08T01:15:20.788+0000] {logging_mixin.py:151} INFO - [2024-09-08T01:15:20.788+0000] {dag.py:3722} INFO - Setting next_dagrun for elt_reddit_pipeline to 2024-09-08T00:00:00+00:00, run_after=2024-09-09T00:00:00+00:00
[2024-09-08T01:15:20.796+0000] {processor.py:179} INFO - Processing /opt/airflow/dags/reddit_dag.py took 0.362 seconds
[2024-09-08T01:15:51.211+0000] {processor.py:157} INFO - Started process (PID=4571) to work on /opt/airflow/dags/reddit_dag.py
[2024-09-08T01:15:51.213+0000] {processor.py:829} INFO - Processing file /opt/airflow/dags/reddit_dag.py for tasks to queue
[2024-09-08T01:15:51.216+0000] {logging_mixin.py:151} INFO - [2024-09-08T01:15:51.216+0000] {dagbag.py:536} INFO - Filling up the DagBag from /opt/airflow/dags/reddit_dag.py
[2024-09-08T01:15:51.535+0000] {processor.py:839} INFO - DAG(s) dict_keys(['elt_reddit_pipeline']) retrieved from /opt/airflow/dags/reddit_dag.py
[2024-09-08T01:15:51.546+0000] {logging_mixin.py:151} INFO - [2024-09-08T01:15:51.546+0000] {dag.py:2941} INFO - Sync 1 DAGs
[2024-09-08T01:15:51.556+0000] {logging_mixin.py:151} INFO - [2024-09-08T01:15:51.556+0000] {dag.py:3722} INFO - Setting next_dagrun for elt_reddit_pipeline to 2024-09-08T00:00:00+00:00, run_after=2024-09-09T00:00:00+00:00
[2024-09-08T01:15:51.565+0000] {processor.py:179} INFO - Processing /opt/airflow/dags/reddit_dag.py took 0.358 seconds
[2024-09-08T01:16:21.751+0000] {processor.py:157} INFO - Started process (PID=4573) to work on /opt/airflow/dags/reddit_dag.py
[2024-09-08T01:16:21.753+0000] {processor.py:829} INFO - Processing file /opt/airflow/dags/reddit_dag.py for tasks to queue
[2024-09-08T01:16:21.756+0000] {logging_mixin.py:151} INFO - [2024-09-08T01:16:21.756+0000] {dagbag.py:536} INFO - Filling up the DagBag from /opt/airflow/dags/reddit_dag.py
[2024-09-08T01:16:22.076+0000] {processor.py:839} INFO - DAG(s) dict_keys(['elt_reddit_pipeline']) retrieved from /opt/airflow/dags/reddit_dag.py
[2024-09-08T01:16:22.086+0000] {logging_mixin.py:151} INFO - [2024-09-08T01:16:22.086+0000] {dag.py:2941} INFO - Sync 1 DAGs
[2024-09-08T01:16:22.096+0000] {logging_mixin.py:151} INFO - [2024-09-08T01:16:22.096+0000] {dag.py:3722} INFO - Setting next_dagrun for elt_reddit_pipeline to 2024-09-08T00:00:00+00:00, run_after=2024-09-09T00:00:00+00:00
[2024-09-08T01:16:22.105+0000] {processor.py:179} INFO - Processing /opt/airflow/dags/reddit_dag.py took 0.360 seconds
[2024-09-08T01:16:52.654+0000] {processor.py:157} INFO - Started process (PID=4575) to work on /opt/airflow/dags/reddit_dag.py
[2024-09-08T01:16:52.655+0000] {processor.py:829} INFO - Processing file /opt/airflow/dags/reddit_dag.py for tasks to queue
[2024-09-08T01:16:52.659+0000] {logging_mixin.py:151} INFO - [2024-09-08T01:16:52.659+0000] {dagbag.py:536} INFO - Filling up the DagBag from /opt/airflow/dags/reddit_dag.py
[2024-09-08T01:16:52.981+0000] {processor.py:839} INFO - DAG(s) dict_keys(['elt_reddit_pipeline']) retrieved from /opt/airflow/dags/reddit_dag.py
[2024-09-08T01:16:52.992+0000] {logging_mixin.py:151} INFO - [2024-09-08T01:16:52.992+0000] {dag.py:2941} INFO - Sync 1 DAGs
[2024-09-08T01:16:53.002+0000] {logging_mixin.py:151} INFO - [2024-09-08T01:16:53.002+0000] {dag.py:3722} INFO - Setting next_dagrun for elt_reddit_pipeline to 2024-09-08T00:00:00+00:00, run_after=2024-09-09T00:00:00+00:00
[2024-09-08T01:16:53.010+0000] {processor.py:179} INFO - Processing /opt/airflow/dags/reddit_dag.py took 0.360 seconds
[2024-09-08T01:17:23.183+0000] {processor.py:157} INFO - Started process (PID=4577) to work on /opt/airflow/dags/reddit_dag.py
[2024-09-08T01:17:23.185+0000] {processor.py:829} INFO - Processing file /opt/airflow/dags/reddit_dag.py for tasks to queue
[2024-09-08T01:17:23.189+0000] {logging_mixin.py:151} INFO - [2024-09-08T01:17:23.188+0000] {dagbag.py:536} INFO - Filling up the DagBag from /opt/airflow/dags/reddit_dag.py
[2024-09-08T01:17:23.503+0000] {processor.py:839} INFO - DAG(s) dict_keys(['elt_reddit_pipeline']) retrieved from /opt/airflow/dags/reddit_dag.py
[2024-09-08T01:17:23.514+0000] {logging_mixin.py:151} INFO - [2024-09-08T01:17:23.513+0000] {dag.py:2941} INFO - Sync 1 DAGs
[2024-09-08T01:17:23.524+0000] {logging_mixin.py:151} INFO - [2024-09-08T01:17:23.524+0000] {dag.py:3722} INFO - Setting next_dagrun for elt_reddit_pipeline to 2024-09-08T00:00:00+00:00, run_after=2024-09-09T00:00:00+00:00
[2024-09-08T01:17:23.532+0000] {processor.py:179} INFO - Processing /opt/airflow/dags/reddit_dag.py took 0.354 seconds
[2024-09-08T01:17:54.038+0000] {processor.py:157} INFO - Started process (PID=4579) to work on /opt/airflow/dags/reddit_dag.py
[2024-09-08T01:17:54.039+0000] {processor.py:829} INFO - Processing file /opt/airflow/dags/reddit_dag.py for tasks to queue
[2024-09-08T01:17:54.043+0000] {logging_mixin.py:151} INFO - [2024-09-08T01:17:54.043+0000] {dagbag.py:536} INFO - Filling up the DagBag from /opt/airflow/dags/reddit_dag.py
[2024-09-08T01:17:54.359+0000] {processor.py:839} INFO - DAG(s) dict_keys(['elt_reddit_pipeline']) retrieved from /opt/airflow/dags/reddit_dag.py
[2024-09-08T01:17:54.371+0000] {logging_mixin.py:151} INFO - [2024-09-08T01:17:54.371+0000] {dag.py:2941} INFO - Sync 1 DAGs
[2024-09-08T01:17:54.380+0000] {logging_mixin.py:151} INFO - [2024-09-08T01:17:54.380+0000] {dag.py:3722} INFO - Setting next_dagrun for elt_reddit_pipeline to 2024-09-08T00:00:00+00:00, run_after=2024-09-09T00:00:00+00:00
[2024-09-08T01:17:54.388+0000] {processor.py:179} INFO - Processing /opt/airflow/dags/reddit_dag.py took 0.355 seconds
[2024-09-08T01:18:24.591+0000] {processor.py:157} INFO - Started process (PID=4581) to work on /opt/airflow/dags/reddit_dag.py
[2024-09-08T01:18:24.592+0000] {processor.py:829} INFO - Processing file /opt/airflow/dags/reddit_dag.py for tasks to queue
[2024-09-08T01:18:24.595+0000] {logging_mixin.py:151} INFO - [2024-09-08T01:18:24.595+0000] {dagbag.py:536} INFO - Filling up the DagBag from /opt/airflow/dags/reddit_dag.py
[2024-09-08T01:18:24.912+0000] {processor.py:839} INFO - DAG(s) dict_keys(['elt_reddit_pipeline']) retrieved from /opt/airflow/dags/reddit_dag.py
[2024-09-08T01:18:24.923+0000] {logging_mixin.py:151} INFO - [2024-09-08T01:18:24.922+0000] {dag.py:2941} INFO - Sync 1 DAGs
[2024-09-08T01:18:24.932+0000] {logging_mixin.py:151} INFO - [2024-09-08T01:18:24.932+0000] {dag.py:3722} INFO - Setting next_dagrun for elt_reddit_pipeline to 2024-09-08T00:00:00+00:00, run_after=2024-09-09T00:00:00+00:00
[2024-09-08T01:18:24.940+0000] {processor.py:179} INFO - Processing /opt/airflow/dags/reddit_dag.py took 0.355 seconds
[2024-09-08T01:18:55.540+0000] {processor.py:157} INFO - Started process (PID=4583) to work on /opt/airflow/dags/reddit_dag.py
[2024-09-08T01:18:55.542+0000] {processor.py:829} INFO - Processing file /opt/airflow/dags/reddit_dag.py for tasks to queue
[2024-09-08T01:18:55.545+0000] {logging_mixin.py:151} INFO - [2024-09-08T01:18:55.545+0000] {dagbag.py:536} INFO - Filling up the DagBag from /opt/airflow/dags/reddit_dag.py
[2024-09-08T01:18:55.866+0000] {processor.py:839} INFO - DAG(s) dict_keys(['elt_reddit_pipeline']) retrieved from /opt/airflow/dags/reddit_dag.py
[2024-09-08T01:18:55.877+0000] {logging_mixin.py:151} INFO - [2024-09-08T01:18:55.876+0000] {dag.py:2941} INFO - Sync 1 DAGs
[2024-09-08T01:18:55.886+0000] {logging_mixin.py:151} INFO - [2024-09-08T01:18:55.886+0000] {dag.py:3722} INFO - Setting next_dagrun for elt_reddit_pipeline to 2024-09-08T00:00:00+00:00, run_after=2024-09-09T00:00:00+00:00
[2024-09-08T01:18:55.894+0000] {processor.py:179} INFO - Processing /opt/airflow/dags/reddit_dag.py took 0.359 seconds
[2024-09-08T01:19:26.176+0000] {processor.py:157} INFO - Started process (PID=4585) to work on /opt/airflow/dags/reddit_dag.py
[2024-09-08T01:19:26.178+0000] {processor.py:829} INFO - Processing file /opt/airflow/dags/reddit_dag.py for tasks to queue
[2024-09-08T01:19:26.182+0000] {logging_mixin.py:151} INFO - [2024-09-08T01:19:26.181+0000] {dagbag.py:536} INFO - Filling up the DagBag from /opt/airflow/dags/reddit_dag.py
[2024-09-08T01:19:26.498+0000] {processor.py:839} INFO - DAG(s) dict_keys(['elt_reddit_pipeline']) retrieved from /opt/airflow/dags/reddit_dag.py
[2024-09-08T01:19:26.509+0000] {logging_mixin.py:151} INFO - [2024-09-08T01:19:26.509+0000] {dag.py:2941} INFO - Sync 1 DAGs
[2024-09-08T01:19:26.520+0000] {logging_mixin.py:151} INFO - [2024-09-08T01:19:26.520+0000] {dag.py:3722} INFO - Setting next_dagrun for elt_reddit_pipeline to 2024-09-08T00:00:00+00:00, run_after=2024-09-09T00:00:00+00:00
[2024-09-08T01:19:26.528+0000] {processor.py:179} INFO - Processing /opt/airflow/dags/reddit_dag.py took 0.357 seconds
[2024-09-08T01:19:56.751+0000] {processor.py:157} INFO - Started process (PID=4587) to work on /opt/airflow/dags/reddit_dag.py
[2024-09-08T01:19:56.753+0000] {processor.py:829} INFO - Processing file /opt/airflow/dags/reddit_dag.py for tasks to queue
[2024-09-08T01:19:56.756+0000] {logging_mixin.py:151} INFO - [2024-09-08T01:19:56.756+0000] {dagbag.py:536} INFO - Filling up the DagBag from /opt/airflow/dags/reddit_dag.py
[2024-09-08T01:19:57.070+0000] {processor.py:839} INFO - DAG(s) dict_keys(['elt_reddit_pipeline']) retrieved from /opt/airflow/dags/reddit_dag.py
[2024-09-08T01:19:57.080+0000] {logging_mixin.py:151} INFO - [2024-09-08T01:19:57.080+0000] {dag.py:2941} INFO - Sync 1 DAGs
[2024-09-08T01:19:57.091+0000] {logging_mixin.py:151} INFO - [2024-09-08T01:19:57.091+0000] {dag.py:3722} INFO - Setting next_dagrun for elt_reddit_pipeline to 2024-09-08T00:00:00+00:00, run_after=2024-09-09T00:00:00+00:00
[2024-09-08T01:19:57.098+0000] {processor.py:179} INFO - Processing /opt/airflow/dags/reddit_dag.py took 0.352 seconds
[2024-09-08T01:20:27.465+0000] {processor.py:157} INFO - Started process (PID=4589) to work on /opt/airflow/dags/reddit_dag.py
[2024-09-08T01:20:27.467+0000] {processor.py:829} INFO - Processing file /opt/airflow/dags/reddit_dag.py for tasks to queue
[2024-09-08T01:20:27.470+0000] {logging_mixin.py:151} INFO - [2024-09-08T01:20:27.470+0000] {dagbag.py:536} INFO - Filling up the DagBag from /opt/airflow/dags/reddit_dag.py
[2024-09-08T01:20:27.788+0000] {processor.py:839} INFO - DAG(s) dict_keys(['elt_reddit_pipeline']) retrieved from /opt/airflow/dags/reddit_dag.py
[2024-09-08T01:20:27.800+0000] {logging_mixin.py:151} INFO - [2024-09-08T01:20:27.799+0000] {dag.py:2941} INFO - Sync 1 DAGs
[2024-09-08T01:20:27.810+0000] {logging_mixin.py:151} INFO - [2024-09-08T01:20:27.810+0000] {dag.py:3722} INFO - Setting next_dagrun for elt_reddit_pipeline to 2024-09-08T00:00:00+00:00, run_after=2024-09-09T00:00:00+00:00
[2024-09-08T01:20:27.818+0000] {processor.py:179} INFO - Processing /opt/airflow/dags/reddit_dag.py took 0.358 seconds
[2024-09-08T01:20:57.917+0000] {processor.py:157} INFO - Started process (PID=4591) to work on /opt/airflow/dags/reddit_dag.py
[2024-09-08T01:20:57.919+0000] {processor.py:829} INFO - Processing file /opt/airflow/dags/reddit_dag.py for tasks to queue
[2024-09-08T01:20:57.922+0000] {logging_mixin.py:151} INFO - [2024-09-08T01:20:57.921+0000] {dagbag.py:536} INFO - Filling up the DagBag from /opt/airflow/dags/reddit_dag.py
[2024-09-08T01:20:58.237+0000] {processor.py:839} INFO - DAG(s) dict_keys(['elt_reddit_pipeline']) retrieved from /opt/airflow/dags/reddit_dag.py
[2024-09-08T01:20:58.248+0000] {logging_mixin.py:151} INFO - [2024-09-08T01:20:58.248+0000] {dag.py:2941} INFO - Sync 1 DAGs
[2024-09-08T01:20:58.258+0000] {logging_mixin.py:151} INFO - [2024-09-08T01:20:58.258+0000] {dag.py:3722} INFO - Setting next_dagrun for elt_reddit_pipeline to 2024-09-08T00:00:00+00:00, run_after=2024-09-09T00:00:00+00:00
[2024-09-08T01:20:58.266+0000] {processor.py:179} INFO - Processing /opt/airflow/dags/reddit_dag.py took 0.354 seconds
[2024-09-08T01:21:28.407+0000] {processor.py:157} INFO - Started process (PID=4593) to work on /opt/airflow/dags/reddit_dag.py
[2024-09-08T01:21:28.408+0000] {processor.py:829} INFO - Processing file /opt/airflow/dags/reddit_dag.py for tasks to queue
[2024-09-08T01:21:28.411+0000] {logging_mixin.py:151} INFO - [2024-09-08T01:21:28.411+0000] {dagbag.py:536} INFO - Filling up the DagBag from /opt/airflow/dags/reddit_dag.py
[2024-09-08T01:21:28.731+0000] {processor.py:839} INFO - DAG(s) dict_keys(['elt_reddit_pipeline']) retrieved from /opt/airflow/dags/reddit_dag.py
[2024-09-08T01:21:28.742+0000] {logging_mixin.py:151} INFO - [2024-09-08T01:21:28.741+0000] {dag.py:2941} INFO - Sync 1 DAGs
[2024-09-08T01:21:28.751+0000] {logging_mixin.py:151} INFO - [2024-09-08T01:21:28.751+0000] {dag.py:3722} INFO - Setting next_dagrun for elt_reddit_pipeline to 2024-09-08T00:00:00+00:00, run_after=2024-09-09T00:00:00+00:00
[2024-09-08T01:21:28.759+0000] {processor.py:179} INFO - Processing /opt/airflow/dags/reddit_dag.py took 0.358 seconds
[2024-09-08T01:21:59.220+0000] {processor.py:157} INFO - Started process (PID=4595) to work on /opt/airflow/dags/reddit_dag.py
[2024-09-08T01:21:59.222+0000] {processor.py:829} INFO - Processing file /opt/airflow/dags/reddit_dag.py for tasks to queue
[2024-09-08T01:21:59.225+0000] {logging_mixin.py:151} INFO - [2024-09-08T01:21:59.224+0000] {dagbag.py:536} INFO - Filling up the DagBag from /opt/airflow/dags/reddit_dag.py
[2024-09-08T01:21:59.546+0000] {processor.py:839} INFO - DAG(s) dict_keys(['elt_reddit_pipeline']) retrieved from /opt/airflow/dags/reddit_dag.py
[2024-09-08T01:21:59.557+0000] {logging_mixin.py:151} INFO - [2024-09-08T01:21:59.557+0000] {dag.py:2941} INFO - Sync 1 DAGs
[2024-09-08T01:21:59.566+0000] {logging_mixin.py:151} INFO - [2024-09-08T01:21:59.566+0000] {dag.py:3722} INFO - Setting next_dagrun for elt_reddit_pipeline to 2024-09-08T00:00:00+00:00, run_after=2024-09-09T00:00:00+00:00
[2024-09-08T01:21:59.575+0000] {processor.py:179} INFO - Processing /opt/airflow/dags/reddit_dag.py took 0.360 seconds
[2024-09-08T01:22:29.765+0000] {processor.py:157} INFO - Started process (PID=4597) to work on /opt/airflow/dags/reddit_dag.py
[2024-09-08T01:22:29.767+0000] {processor.py:829} INFO - Processing file /opt/airflow/dags/reddit_dag.py for tasks to queue
[2024-09-08T01:22:29.770+0000] {logging_mixin.py:151} INFO - [2024-09-08T01:22:29.769+0000] {dagbag.py:536} INFO - Filling up the DagBag from /opt/airflow/dags/reddit_dag.py
[2024-09-08T01:22:30.091+0000] {processor.py:839} INFO - DAG(s) dict_keys(['elt_reddit_pipeline']) retrieved from /opt/airflow/dags/reddit_dag.py
[2024-09-08T01:22:30.102+0000] {logging_mixin.py:151} INFO - [2024-09-08T01:22:30.101+0000] {dag.py:2941} INFO - Sync 1 DAGs
[2024-09-08T01:22:30.112+0000] {logging_mixin.py:151} INFO - [2024-09-08T01:22:30.112+0000] {dag.py:3722} INFO - Setting next_dagrun for elt_reddit_pipeline to 2024-09-08T00:00:00+00:00, run_after=2024-09-09T00:00:00+00:00
[2024-09-08T01:22:30.119+0000] {processor.py:179} INFO - Processing /opt/airflow/dags/reddit_dag.py took 0.360 seconds
[2024-09-08T01:23:00.647+0000] {processor.py:157} INFO - Started process (PID=4599) to work on /opt/airflow/dags/reddit_dag.py
[2024-09-08T01:23:00.648+0000] {processor.py:829} INFO - Processing file /opt/airflow/dags/reddit_dag.py for tasks to queue
[2024-09-08T01:23:00.651+0000] {logging_mixin.py:151} INFO - [2024-09-08T01:23:00.651+0000] {dagbag.py:536} INFO - Filling up the DagBag from /opt/airflow/dags/reddit_dag.py
[2024-09-08T01:23:00.966+0000] {processor.py:839} INFO - DAG(s) dict_keys(['elt_reddit_pipeline']) retrieved from /opt/airflow/dags/reddit_dag.py
[2024-09-08T01:23:00.977+0000] {logging_mixin.py:151} INFO - [2024-09-08T01:23:00.977+0000] {dag.py:2941} INFO - Sync 1 DAGs
[2024-09-08T01:23:00.987+0000] {logging_mixin.py:151} INFO - [2024-09-08T01:23:00.987+0000] {dag.py:3722} INFO - Setting next_dagrun for elt_reddit_pipeline to 2024-09-08T00:00:00+00:00, run_after=2024-09-09T00:00:00+00:00
[2024-09-08T01:23:00.995+0000] {processor.py:179} INFO - Processing /opt/airflow/dags/reddit_dag.py took 0.353 seconds
[2024-09-08T01:23:31.242+0000] {processor.py:157} INFO - Started process (PID=4601) to work on /opt/airflow/dags/reddit_dag.py
[2024-09-08T01:23:31.243+0000] {processor.py:829} INFO - Processing file /opt/airflow/dags/reddit_dag.py for tasks to queue
[2024-09-08T01:23:31.245+0000] {logging_mixin.py:151} INFO - [2024-09-08T01:23:31.245+0000] {dagbag.py:536} INFO - Filling up the DagBag from /opt/airflow/dags/reddit_dag.py
[2024-09-08T01:23:31.558+0000] {processor.py:839} INFO - DAG(s) dict_keys(['elt_reddit_pipeline']) retrieved from /opt/airflow/dags/reddit_dag.py
[2024-09-08T01:23:31.570+0000] {logging_mixin.py:151} INFO - [2024-09-08T01:23:31.569+0000] {dag.py:2941} INFO - Sync 1 DAGs
[2024-09-08T01:23:31.580+0000] {logging_mixin.py:151} INFO - [2024-09-08T01:23:31.580+0000] {dag.py:3722} INFO - Setting next_dagrun for elt_reddit_pipeline to 2024-09-08T00:00:00+00:00, run_after=2024-09-09T00:00:00+00:00
[2024-09-08T01:23:31.588+0000] {processor.py:179} INFO - Processing /opt/airflow/dags/reddit_dag.py took 0.349 seconds
[2024-09-08T01:24:01.920+0000] {processor.py:157} INFO - Started process (PID=4603) to work on /opt/airflow/dags/reddit_dag.py
[2024-09-08T01:24:01.922+0000] {processor.py:829} INFO - Processing file /opt/airflow/dags/reddit_dag.py for tasks to queue
[2024-09-08T01:24:01.926+0000] {logging_mixin.py:151} INFO - [2024-09-08T01:24:01.925+0000] {dagbag.py:536} INFO - Filling up the DagBag from /opt/airflow/dags/reddit_dag.py
[2024-09-08T01:24:02.243+0000] {processor.py:839} INFO - DAG(s) dict_keys(['elt_reddit_pipeline']) retrieved from /opt/airflow/dags/reddit_dag.py
[2024-09-08T01:24:02.254+0000] {logging_mixin.py:151} INFO - [2024-09-08T01:24:02.253+0000] {dag.py:2941} INFO - Sync 1 DAGs
[2024-09-08T01:24:02.263+0000] {logging_mixin.py:151} INFO - [2024-09-08T01:24:02.263+0000] {dag.py:3722} INFO - Setting next_dagrun for elt_reddit_pipeline to 2024-09-08T00:00:00+00:00, run_after=2024-09-09T00:00:00+00:00
[2024-09-08T01:24:02.271+0000] {processor.py:179} INFO - Processing /opt/airflow/dags/reddit_dag.py took 0.356 seconds
[2024-09-08T01:24:32.478+0000] {processor.py:157} INFO - Started process (PID=4605) to work on /opt/airflow/dags/reddit_dag.py
[2024-09-08T01:24:32.479+0000] {processor.py:829} INFO - Processing file /opt/airflow/dags/reddit_dag.py for tasks to queue
[2024-09-08T01:24:32.482+0000] {logging_mixin.py:151} INFO - [2024-09-08T01:24:32.481+0000] {dagbag.py:536} INFO - Filling up the DagBag from /opt/airflow/dags/reddit_dag.py
[2024-09-08T01:24:32.794+0000] {processor.py:839} INFO - DAG(s) dict_keys(['elt_reddit_pipeline']) retrieved from /opt/airflow/dags/reddit_dag.py
[2024-09-08T01:24:32.805+0000] {logging_mixin.py:151} INFO - [2024-09-08T01:24:32.805+0000] {dag.py:2941} INFO - Sync 1 DAGs
[2024-09-08T01:24:32.814+0000] {logging_mixin.py:151} INFO - [2024-09-08T01:24:32.814+0000] {dag.py:3722} INFO - Setting next_dagrun for elt_reddit_pipeline to 2024-09-08T00:00:00+00:00, run_after=2024-09-09T00:00:00+00:00
[2024-09-08T01:24:32.822+0000] {processor.py:179} INFO - Processing /opt/airflow/dags/reddit_dag.py took 0.350 seconds
[2024-09-08T01:25:03.283+0000] {processor.py:157} INFO - Started process (PID=4607) to work on /opt/airflow/dags/reddit_dag.py
[2024-09-08T01:25:03.285+0000] {processor.py:829} INFO - Processing file /opt/airflow/dags/reddit_dag.py for tasks to queue
[2024-09-08T01:25:03.288+0000] {logging_mixin.py:151} INFO - [2024-09-08T01:25:03.287+0000] {dagbag.py:536} INFO - Filling up the DagBag from /opt/airflow/dags/reddit_dag.py
[2024-09-08T01:25:03.606+0000] {processor.py:839} INFO - DAG(s) dict_keys(['elt_reddit_pipeline']) retrieved from /opt/airflow/dags/reddit_dag.py
[2024-09-08T01:25:03.617+0000] {logging_mixin.py:151} INFO - [2024-09-08T01:25:03.617+0000] {dag.py:2941} INFO - Sync 1 DAGs
[2024-09-08T01:25:03.627+0000] {logging_mixin.py:151} INFO - [2024-09-08T01:25:03.627+0000] {dag.py:3722} INFO - Setting next_dagrun for elt_reddit_pipeline to 2024-09-08T00:00:00+00:00, run_after=2024-09-09T00:00:00+00:00
[2024-09-08T01:25:03.635+0000] {processor.py:179} INFO - Processing /opt/airflow/dags/reddit_dag.py took 0.357 seconds
[2024-09-08T01:25:33.814+0000] {processor.py:157} INFO - Started process (PID=4609) to work on /opt/airflow/dags/reddit_dag.py
[2024-09-08T01:25:33.815+0000] {processor.py:829} INFO - Processing file /opt/airflow/dags/reddit_dag.py for tasks to queue
[2024-09-08T01:25:33.818+0000] {logging_mixin.py:151} INFO - [2024-09-08T01:25:33.818+0000] {dagbag.py:536} INFO - Filling up the DagBag from /opt/airflow/dags/reddit_dag.py
[2024-09-08T01:25:34.136+0000] {processor.py:839} INFO - DAG(s) dict_keys(['elt_reddit_pipeline']) retrieved from /opt/airflow/dags/reddit_dag.py
[2024-09-08T01:25:34.147+0000] {logging_mixin.py:151} INFO - [2024-09-08T01:25:34.147+0000] {dag.py:2941} INFO - Sync 1 DAGs
[2024-09-08T01:25:34.158+0000] {logging_mixin.py:151} INFO - [2024-09-08T01:25:34.158+0000] {dag.py:3722} INFO - Setting next_dagrun for elt_reddit_pipeline to 2024-09-08T00:00:00+00:00, run_after=2024-09-09T00:00:00+00:00
[2024-09-08T01:25:34.166+0000] {processor.py:179} INFO - Processing /opt/airflow/dags/reddit_dag.py took 0.358 seconds
[2024-09-08T01:26:04.693+0000] {processor.py:157} INFO - Started process (PID=4611) to work on /opt/airflow/dags/reddit_dag.py
[2024-09-08T01:26:04.694+0000] {processor.py:829} INFO - Processing file /opt/airflow/dags/reddit_dag.py for tasks to queue
[2024-09-08T01:26:04.696+0000] {logging_mixin.py:151} INFO - [2024-09-08T01:26:04.696+0000] {dagbag.py:536} INFO - Filling up the DagBag from /opt/airflow/dags/reddit_dag.py
[2024-09-08T01:26:05.011+0000] {processor.py:839} INFO - DAG(s) dict_keys(['elt_reddit_pipeline']) retrieved from /opt/airflow/dags/reddit_dag.py
[2024-09-08T01:26:05.022+0000] {logging_mixin.py:151} INFO - [2024-09-08T01:26:05.022+0000] {dag.py:2941} INFO - Sync 1 DAGs
[2024-09-08T01:26:05.032+0000] {logging_mixin.py:151} INFO - [2024-09-08T01:26:05.032+0000] {dag.py:3722} INFO - Setting next_dagrun for elt_reddit_pipeline to 2024-09-08T00:00:00+00:00, run_after=2024-09-09T00:00:00+00:00
[2024-09-08T01:26:05.040+0000] {processor.py:179} INFO - Processing /opt/airflow/dags/reddit_dag.py took 0.349 seconds
[2024-09-08T01:26:35.207+0000] {processor.py:157} INFO - Started process (PID=4613) to work on /opt/airflow/dags/reddit_dag.py
[2024-09-08T01:26:35.208+0000] {processor.py:829} INFO - Processing file /opt/airflow/dags/reddit_dag.py for tasks to queue
[2024-09-08T01:26:35.211+0000] {logging_mixin.py:151} INFO - [2024-09-08T01:26:35.211+0000] {dagbag.py:536} INFO - Filling up the DagBag from /opt/airflow/dags/reddit_dag.py
[2024-09-08T01:26:35.527+0000] {processor.py:839} INFO - DAG(s) dict_keys(['elt_reddit_pipeline']) retrieved from /opt/airflow/dags/reddit_dag.py
[2024-09-08T01:26:35.539+0000] {logging_mixin.py:151} INFO - [2024-09-08T01:26:35.538+0000] {dag.py:2941} INFO - Sync 1 DAGs
[2024-09-08T01:26:35.548+0000] {logging_mixin.py:151} INFO - [2024-09-08T01:26:35.548+0000] {dag.py:3722} INFO - Setting next_dagrun for elt_reddit_pipeline to 2024-09-08T00:00:00+00:00, run_after=2024-09-09T00:00:00+00:00
[2024-09-08T01:26:35.555+0000] {processor.py:179} INFO - Processing /opt/airflow/dags/reddit_dag.py took 0.355 seconds
[2024-09-08T01:27:06.047+0000] {processor.py:157} INFO - Started process (PID=4615) to work on /opt/airflow/dags/reddit_dag.py
[2024-09-08T01:27:06.048+0000] {processor.py:829} INFO - Processing file /opt/airflow/dags/reddit_dag.py for tasks to queue
[2024-09-08T01:27:06.052+0000] {logging_mixin.py:151} INFO - [2024-09-08T01:27:06.052+0000] {dagbag.py:536} INFO - Filling up the DagBag from /opt/airflow/dags/reddit_dag.py
[2024-09-08T01:27:06.366+0000] {processor.py:839} INFO - DAG(s) dict_keys(['elt_reddit_pipeline']) retrieved from /opt/airflow/dags/reddit_dag.py
[2024-09-08T01:27:06.377+0000] {logging_mixin.py:151} INFO - [2024-09-08T01:27:06.376+0000] {dag.py:2941} INFO - Sync 1 DAGs
[2024-09-08T01:27:06.386+0000] {logging_mixin.py:151} INFO - [2024-09-08T01:27:06.386+0000] {dag.py:3722} INFO - Setting next_dagrun for elt_reddit_pipeline to 2024-09-08T00:00:00+00:00, run_after=2024-09-09T00:00:00+00:00
[2024-09-08T01:27:06.394+0000] {processor.py:179} INFO - Processing /opt/airflow/dags/reddit_dag.py took 0.352 seconds
[2024-09-08T01:27:36.604+0000] {processor.py:157} INFO - Started process (PID=4617) to work on /opt/airflow/dags/reddit_dag.py
[2024-09-08T01:27:36.606+0000] {processor.py:829} INFO - Processing file /opt/airflow/dags/reddit_dag.py for tasks to queue
[2024-09-08T01:27:36.610+0000] {logging_mixin.py:151} INFO - [2024-09-08T01:27:36.609+0000] {dagbag.py:536} INFO - Filling up the DagBag from /opt/airflow/dags/reddit_dag.py
[2024-09-08T01:27:36.925+0000] {processor.py:839} INFO - DAG(s) dict_keys(['elt_reddit_pipeline']) retrieved from /opt/airflow/dags/reddit_dag.py
[2024-09-08T01:27:36.936+0000] {logging_mixin.py:151} INFO - [2024-09-08T01:27:36.935+0000] {dag.py:2941} INFO - Sync 1 DAGs
[2024-09-08T01:27:36.945+0000] {logging_mixin.py:151} INFO - [2024-09-08T01:27:36.945+0000] {dag.py:3722} INFO - Setting next_dagrun for elt_reddit_pipeline to 2024-09-08T00:00:00+00:00, run_after=2024-09-09T00:00:00+00:00
[2024-09-08T01:27:36.952+0000] {processor.py:179} INFO - Processing /opt/airflow/dags/reddit_dag.py took 0.354 seconds
[2024-09-08T01:28:07.370+0000] {processor.py:157} INFO - Started process (PID=4619) to work on /opt/airflow/dags/reddit_dag.py
[2024-09-08T01:28:07.371+0000] {processor.py:829} INFO - Processing file /opt/airflow/dags/reddit_dag.py for tasks to queue
[2024-09-08T01:28:07.375+0000] {logging_mixin.py:151} INFO - [2024-09-08T01:28:07.375+0000] {dagbag.py:536} INFO - Filling up the DagBag from /opt/airflow/dags/reddit_dag.py
[2024-09-08T01:28:07.691+0000] {processor.py:839} INFO - DAG(s) dict_keys(['elt_reddit_pipeline']) retrieved from /opt/airflow/dags/reddit_dag.py
[2024-09-08T01:28:07.701+0000] {logging_mixin.py:151} INFO - [2024-09-08T01:28:07.701+0000] {dag.py:2941} INFO - Sync 1 DAGs
[2024-09-08T01:28:07.711+0000] {logging_mixin.py:151} INFO - [2024-09-08T01:28:07.711+0000] {dag.py:3722} INFO - Setting next_dagrun for elt_reddit_pipeline to 2024-09-08T00:00:00+00:00, run_after=2024-09-09T00:00:00+00:00
[2024-09-08T01:28:07.719+0000] {processor.py:179} INFO - Processing /opt/airflow/dags/reddit_dag.py took 0.355 seconds
[2024-09-08T01:28:37.888+0000] {processor.py:157} INFO - Started process (PID=4621) to work on /opt/airflow/dags/reddit_dag.py
[2024-09-08T01:28:37.889+0000] {processor.py:829} INFO - Processing file /opt/airflow/dags/reddit_dag.py for tasks to queue
[2024-09-08T01:28:37.892+0000] {logging_mixin.py:151} INFO - [2024-09-08T01:28:37.892+0000] {dagbag.py:536} INFO - Filling up the DagBag from /opt/airflow/dags/reddit_dag.py
[2024-09-08T01:28:38.209+0000] {processor.py:839} INFO - DAG(s) dict_keys(['elt_reddit_pipeline']) retrieved from /opt/airflow/dags/reddit_dag.py
[2024-09-08T01:28:38.220+0000] {logging_mixin.py:151} INFO - [2024-09-08T01:28:38.220+0000] {dag.py:2941} INFO - Sync 1 DAGs
[2024-09-08T01:28:38.231+0000] {logging_mixin.py:151} INFO - [2024-09-08T01:28:38.231+0000] {dag.py:3722} INFO - Setting next_dagrun for elt_reddit_pipeline to 2024-09-08T00:00:00+00:00, run_after=2024-09-09T00:00:00+00:00
[2024-09-08T01:28:38.239+0000] {processor.py:179} INFO - Processing /opt/airflow/dags/reddit_dag.py took 0.358 seconds
[2024-09-08T01:29:08.795+0000] {processor.py:157} INFO - Started process (PID=4623) to work on /opt/airflow/dags/reddit_dag.py
[2024-09-08T01:29:08.797+0000] {processor.py:829} INFO - Processing file /opt/airflow/dags/reddit_dag.py for tasks to queue
[2024-09-08T01:29:08.800+0000] {logging_mixin.py:151} INFO - [2024-09-08T01:29:08.800+0000] {dagbag.py:536} INFO - Filling up the DagBag from /opt/airflow/dags/reddit_dag.py
[2024-09-08T01:29:09.117+0000] {processor.py:839} INFO - DAG(s) dict_keys(['elt_reddit_pipeline']) retrieved from /opt/airflow/dags/reddit_dag.py
[2024-09-08T01:29:09.128+0000] {logging_mixin.py:151} INFO - [2024-09-08T01:29:09.127+0000] {dag.py:2941} INFO - Sync 1 DAGs
[2024-09-08T01:29:09.137+0000] {logging_mixin.py:151} INFO - [2024-09-08T01:29:09.137+0000] {dag.py:3722} INFO - Setting next_dagrun for elt_reddit_pipeline to 2024-09-08T00:00:00+00:00, run_after=2024-09-09T00:00:00+00:00
[2024-09-08T01:29:09.145+0000] {processor.py:179} INFO - Processing /opt/airflow/dags/reddit_dag.py took 0.355 seconds
[2024-09-08T01:29:39.307+0000] {processor.py:157} INFO - Started process (PID=4625) to work on /opt/airflow/dags/reddit_dag.py
[2024-09-08T01:29:39.308+0000] {processor.py:829} INFO - Processing file /opt/airflow/dags/reddit_dag.py for tasks to queue
[2024-09-08T01:29:39.311+0000] {logging_mixin.py:151} INFO - [2024-09-08T01:29:39.311+0000] {dagbag.py:536} INFO - Filling up the DagBag from /opt/airflow/dags/reddit_dag.py
[2024-09-08T01:29:39.630+0000] {processor.py:839} INFO - DAG(s) dict_keys(['elt_reddit_pipeline']) retrieved from /opt/airflow/dags/reddit_dag.py
[2024-09-08T01:29:39.642+0000] {logging_mixin.py:151} INFO - [2024-09-08T01:29:39.642+0000] {dag.py:2941} INFO - Sync 1 DAGs
[2024-09-08T01:29:39.651+0000] {logging_mixin.py:151} INFO - [2024-09-08T01:29:39.651+0000] {dag.py:3722} INFO - Setting next_dagrun for elt_reddit_pipeline to 2024-09-08T00:00:00+00:00, run_after=2024-09-09T00:00:00+00:00
[2024-09-08T01:29:39.659+0000] {processor.py:179} INFO - Processing /opt/airflow/dags/reddit_dag.py took 0.358 seconds
[2024-09-08T01:30:10.151+0000] {processor.py:157} INFO - Started process (PID=4627) to work on /opt/airflow/dags/reddit_dag.py
[2024-09-08T01:30:10.152+0000] {processor.py:829} INFO - Processing file /opt/airflow/dags/reddit_dag.py for tasks to queue
[2024-09-08T01:30:10.155+0000] {logging_mixin.py:151} INFO - [2024-09-08T01:30:10.155+0000] {dagbag.py:536} INFO - Filling up the DagBag from /opt/airflow/dags/reddit_dag.py
[2024-09-08T01:30:10.471+0000] {processor.py:839} INFO - DAG(s) dict_keys(['elt_reddit_pipeline']) retrieved from /opt/airflow/dags/reddit_dag.py
[2024-09-08T01:30:10.482+0000] {logging_mixin.py:151} INFO - [2024-09-08T01:30:10.481+0000] {dag.py:2941} INFO - Sync 1 DAGs
[2024-09-08T01:30:10.491+0000] {logging_mixin.py:151} INFO - [2024-09-08T01:30:10.491+0000] {dag.py:3722} INFO - Setting next_dagrun for elt_reddit_pipeline to 2024-09-08T00:00:00+00:00, run_after=2024-09-09T00:00:00+00:00
[2024-09-08T01:30:10.499+0000] {processor.py:179} INFO - Processing /opt/airflow/dags/reddit_dag.py took 0.353 seconds
[2024-09-08T01:30:40.680+0000] {processor.py:157} INFO - Started process (PID=4629) to work on /opt/airflow/dags/reddit_dag.py
[2024-09-08T01:30:40.682+0000] {processor.py:829} INFO - Processing file /opt/airflow/dags/reddit_dag.py for tasks to queue
[2024-09-08T01:30:40.686+0000] {logging_mixin.py:151} INFO - [2024-09-08T01:30:40.685+0000] {dagbag.py:536} INFO - Filling up the DagBag from /opt/airflow/dags/reddit_dag.py
[2024-09-08T01:30:41.002+0000] {processor.py:839} INFO - DAG(s) dict_keys(['elt_reddit_pipeline']) retrieved from /opt/airflow/dags/reddit_dag.py
[2024-09-08T01:30:41.013+0000] {logging_mixin.py:151} INFO - [2024-09-08T01:30:41.012+0000] {dag.py:2941} INFO - Sync 1 DAGs
[2024-09-08T01:30:41.022+0000] {logging_mixin.py:151} INFO - [2024-09-08T01:30:41.022+0000] {dag.py:3722} INFO - Setting next_dagrun for elt_reddit_pipeline to 2024-09-08T00:00:00+00:00, run_after=2024-09-09T00:00:00+00:00
[2024-09-08T01:30:41.031+0000] {processor.py:179} INFO - Processing /opt/airflow/dags/reddit_dag.py took 0.357 seconds
[2024-09-08T01:31:11.348+0000] {processor.py:157} INFO - Started process (PID=4631) to work on /opt/airflow/dags/reddit_dag.py
[2024-09-08T01:31:11.350+0000] {processor.py:829} INFO - Processing file /opt/airflow/dags/reddit_dag.py for tasks to queue
[2024-09-08T01:31:11.353+0000] {logging_mixin.py:151} INFO - [2024-09-08T01:31:11.353+0000] {dagbag.py:536} INFO - Filling up the DagBag from /opt/airflow/dags/reddit_dag.py
[2024-09-08T01:31:11.674+0000] {processor.py:839} INFO - DAG(s) dict_keys(['elt_reddit_pipeline']) retrieved from /opt/airflow/dags/reddit_dag.py
[2024-09-08T01:31:11.686+0000] {logging_mixin.py:151} INFO - [2024-09-08T01:31:11.685+0000] {dag.py:2941} INFO - Sync 1 DAGs
[2024-09-08T01:31:11.696+0000] {logging_mixin.py:151} INFO - [2024-09-08T01:31:11.696+0000] {dag.py:3722} INFO - Setting next_dagrun for elt_reddit_pipeline to 2024-09-08T00:00:00+00:00, run_after=2024-09-09T00:00:00+00:00
[2024-09-08T01:31:11.703+0000] {processor.py:179} INFO - Processing /opt/airflow/dags/reddit_dag.py took 0.361 seconds
[2024-09-08T01:31:41.808+0000] {processor.py:157} INFO - Started process (PID=4633) to work on /opt/airflow/dags/reddit_dag.py
[2024-09-08T01:31:41.810+0000] {processor.py:829} INFO - Processing file /opt/airflow/dags/reddit_dag.py for tasks to queue
[2024-09-08T01:31:41.814+0000] {logging_mixin.py:151} INFO - [2024-09-08T01:31:41.814+0000] {dagbag.py:536} INFO - Filling up the DagBag from /opt/airflow/dags/reddit_dag.py
[2024-09-08T01:31:42.131+0000] {processor.py:839} INFO - DAG(s) dict_keys(['elt_reddit_pipeline']) retrieved from /opt/airflow/dags/reddit_dag.py
[2024-09-08T01:31:42.142+0000] {logging_mixin.py:151} INFO - [2024-09-08T01:31:42.141+0000] {dag.py:2941} INFO - Sync 1 DAGs
[2024-09-08T01:31:42.152+0000] {logging_mixin.py:151} INFO - [2024-09-08T01:31:42.152+0000] {dag.py:3722} INFO - Setting next_dagrun for elt_reddit_pipeline to 2024-09-08T00:00:00+00:00, run_after=2024-09-09T00:00:00+00:00
[2024-09-08T01:31:42.160+0000] {processor.py:179} INFO - Processing /opt/airflow/dags/reddit_dag.py took 0.358 seconds
[2024-09-08T01:32:12.914+0000] {processor.py:157} INFO - Started process (PID=4635) to work on /opt/airflow/dags/reddit_dag.py
[2024-09-08T01:32:12.915+0000] {processor.py:829} INFO - Processing file /opt/airflow/dags/reddit_dag.py for tasks to queue
[2024-09-08T01:32:12.919+0000] {logging_mixin.py:151} INFO - [2024-09-08T01:32:12.919+0000] {dagbag.py:536} INFO - Filling up the DagBag from /opt/airflow/dags/reddit_dag.py
[2024-09-08T01:32:13.241+0000] {processor.py:839} INFO - DAG(s) dict_keys(['elt_reddit_pipeline']) retrieved from /opt/airflow/dags/reddit_dag.py
[2024-09-08T01:32:13.253+0000] {logging_mixin.py:151} INFO - [2024-09-08T01:32:13.252+0000] {dag.py:2941} INFO - Sync 1 DAGs
[2024-09-08T01:32:13.262+0000] {logging_mixin.py:151} INFO - [2024-09-08T01:32:13.262+0000] {dag.py:3722} INFO - Setting next_dagrun for elt_reddit_pipeline to 2024-09-08T00:00:00+00:00, run_after=2024-09-09T00:00:00+00:00
[2024-09-08T01:32:13.270+0000] {processor.py:179} INFO - Processing /opt/airflow/dags/reddit_dag.py took 0.362 seconds
[2024-09-08T01:32:43.456+0000] {processor.py:157} INFO - Started process (PID=4637) to work on /opt/airflow/dags/reddit_dag.py
[2024-09-08T01:32:43.457+0000] {processor.py:829} INFO - Processing file /opt/airflow/dags/reddit_dag.py for tasks to queue
[2024-09-08T01:32:43.461+0000] {logging_mixin.py:151} INFO - [2024-09-08T01:32:43.461+0000] {dagbag.py:536} INFO - Filling up the DagBag from /opt/airflow/dags/reddit_dag.py
[2024-09-08T01:32:43.773+0000] {processor.py:839} INFO - DAG(s) dict_keys(['elt_reddit_pipeline']) retrieved from /opt/airflow/dags/reddit_dag.py
[2024-09-08T01:32:43.784+0000] {logging_mixin.py:151} INFO - [2024-09-08T01:32:43.784+0000] {dag.py:2941} INFO - Sync 1 DAGs
[2024-09-08T01:32:43.794+0000] {logging_mixin.py:151} INFO - [2024-09-08T01:32:43.794+0000] {dag.py:3722} INFO - Setting next_dagrun for elt_reddit_pipeline to 2024-09-08T00:00:00+00:00, run_after=2024-09-09T00:00:00+00:00
[2024-09-08T01:32:43.802+0000] {processor.py:179} INFO - Processing /opt/airflow/dags/reddit_dag.py took 0.351 seconds
[2024-09-08T01:33:14.278+0000] {processor.py:157} INFO - Started process (PID=4639) to work on /opt/airflow/dags/reddit_dag.py
[2024-09-08T01:33:14.280+0000] {processor.py:829} INFO - Processing file /opt/airflow/dags/reddit_dag.py for tasks to queue
[2024-09-08T01:33:14.282+0000] {logging_mixin.py:151} INFO - [2024-09-08T01:33:14.282+0000] {dagbag.py:536} INFO - Filling up the DagBag from /opt/airflow/dags/reddit_dag.py
[2024-09-08T01:33:14.600+0000] {processor.py:839} INFO - DAG(s) dict_keys(['elt_reddit_pipeline']) retrieved from /opt/airflow/dags/reddit_dag.py
[2024-09-08T01:33:14.611+0000] {logging_mixin.py:151} INFO - [2024-09-08T01:33:14.610+0000] {dag.py:2941} INFO - Sync 1 DAGs
[2024-09-08T01:33:14.620+0000] {logging_mixin.py:151} INFO - [2024-09-08T01:33:14.620+0000] {dag.py:3722} INFO - Setting next_dagrun for elt_reddit_pipeline to 2024-09-08T00:00:00+00:00, run_after=2024-09-09T00:00:00+00:00
[2024-09-08T01:33:14.628+0000] {processor.py:179} INFO - Processing /opt/airflow/dags/reddit_dag.py took 0.355 seconds
[2024-09-08T01:33:44.810+0000] {processor.py:157} INFO - Started process (PID=4641) to work on /opt/airflow/dags/reddit_dag.py
[2024-09-08T01:33:44.812+0000] {processor.py:829} INFO - Processing file /opt/airflow/dags/reddit_dag.py for tasks to queue
[2024-09-08T01:33:44.815+0000] {logging_mixin.py:151} INFO - [2024-09-08T01:33:44.814+0000] {dagbag.py:536} INFO - Filling up the DagBag from /opt/airflow/dags/reddit_dag.py
[2024-09-08T01:33:45.130+0000] {processor.py:839} INFO - DAG(s) dict_keys(['elt_reddit_pipeline']) retrieved from /opt/airflow/dags/reddit_dag.py
[2024-09-08T01:33:45.141+0000] {logging_mixin.py:151} INFO - [2024-09-08T01:33:45.140+0000] {dag.py:2941} INFO - Sync 1 DAGs
[2024-09-08T01:33:45.151+0000] {logging_mixin.py:151} INFO - [2024-09-08T01:33:45.151+0000] {dag.py:3722} INFO - Setting next_dagrun for elt_reddit_pipeline to 2024-09-08T00:00:00+00:00, run_after=2024-09-09T00:00:00+00:00
[2024-09-08T01:33:45.159+0000] {processor.py:179} INFO - Processing /opt/airflow/dags/reddit_dag.py took 0.354 seconds
[2024-09-08T01:34:15.846+0000] {processor.py:157} INFO - Started process (PID=4643) to work on /opt/airflow/dags/reddit_dag.py
[2024-09-08T01:34:15.848+0000] {processor.py:829} INFO - Processing file /opt/airflow/dags/reddit_dag.py for tasks to queue
[2024-09-08T01:34:15.851+0000] {logging_mixin.py:151} INFO - [2024-09-08T01:34:15.851+0000] {dagbag.py:536} INFO - Filling up the DagBag from /opt/airflow/dags/reddit_dag.py
[2024-09-08T01:34:16.174+0000] {processor.py:839} INFO - DAG(s) dict_keys(['elt_reddit_pipeline']) retrieved from /opt/airflow/dags/reddit_dag.py
[2024-09-08T01:34:16.184+0000] {logging_mixin.py:151} INFO - [2024-09-08T01:34:16.184+0000] {dag.py:2941} INFO - Sync 1 DAGs
[2024-09-08T01:34:16.195+0000] {logging_mixin.py:151} INFO - [2024-09-08T01:34:16.194+0000] {dag.py:3722} INFO - Setting next_dagrun for elt_reddit_pipeline to 2024-09-08T00:00:00+00:00, run_after=2024-09-09T00:00:00+00:00
[2024-09-08T01:34:16.203+0000] {processor.py:179} INFO - Processing /opt/airflow/dags/reddit_dag.py took 0.362 seconds
[2024-09-08T01:34:46.383+0000] {processor.py:157} INFO - Started process (PID=4645) to work on /opt/airflow/dags/reddit_dag.py
[2024-09-08T01:34:46.385+0000] {processor.py:829} INFO - Processing file /opt/airflow/dags/reddit_dag.py for tasks to queue
[2024-09-08T01:34:46.389+0000] {logging_mixin.py:151} INFO - [2024-09-08T01:34:46.389+0000] {dagbag.py:536} INFO - Filling up the DagBag from /opt/airflow/dags/reddit_dag.py
[2024-09-08T01:34:46.704+0000] {processor.py:839} INFO - DAG(s) dict_keys(['elt_reddit_pipeline']) retrieved from /opt/airflow/dags/reddit_dag.py
[2024-09-08T01:34:46.715+0000] {logging_mixin.py:151} INFO - [2024-09-08T01:34:46.715+0000] {dag.py:2941} INFO - Sync 1 DAGs
[2024-09-08T01:34:46.725+0000] {logging_mixin.py:151} INFO - [2024-09-08T01:34:46.725+0000] {dag.py:3722} INFO - Setting next_dagrun for elt_reddit_pipeline to 2024-09-08T00:00:00+00:00, run_after=2024-09-09T00:00:00+00:00
[2024-09-08T01:34:46.733+0000] {processor.py:179} INFO - Processing /opt/airflow/dags/reddit_dag.py took 0.355 seconds
[2024-09-08T01:35:17.158+0000] {processor.py:157} INFO - Started process (PID=4647) to work on /opt/airflow/dags/reddit_dag.py
[2024-09-08T01:35:17.160+0000] {processor.py:829} INFO - Processing file /opt/airflow/dags/reddit_dag.py for tasks to queue
[2024-09-08T01:35:17.163+0000] {logging_mixin.py:151} INFO - [2024-09-08T01:35:17.163+0000] {dagbag.py:536} INFO - Filling up the DagBag from /opt/airflow/dags/reddit_dag.py
[2024-09-08T01:35:17.482+0000] {processor.py:839} INFO - DAG(s) dict_keys(['elt_reddit_pipeline']) retrieved from /opt/airflow/dags/reddit_dag.py
[2024-09-08T01:35:17.494+0000] {logging_mixin.py:151} INFO - [2024-09-08T01:35:17.493+0000] {dag.py:2941} INFO - Sync 1 DAGs
[2024-09-08T01:35:17.503+0000] {logging_mixin.py:151} INFO - [2024-09-08T01:35:17.503+0000] {dag.py:3722} INFO - Setting next_dagrun for elt_reddit_pipeline to 2024-09-08T00:00:00+00:00, run_after=2024-09-09T00:00:00+00:00
[2024-09-08T01:35:17.511+0000] {processor.py:179} INFO - Processing /opt/airflow/dags/reddit_dag.py took 0.358 seconds
[2024-09-08T01:35:47.683+0000] {processor.py:157} INFO - Started process (PID=4649) to work on /opt/airflow/dags/reddit_dag.py
[2024-09-08T01:35:47.684+0000] {processor.py:829} INFO - Processing file /opt/airflow/dags/reddit_dag.py for tasks to queue
[2024-09-08T01:35:47.687+0000] {logging_mixin.py:151} INFO - [2024-09-08T01:35:47.686+0000] {dagbag.py:536} INFO - Filling up the DagBag from /opt/airflow/dags/reddit_dag.py
[2024-09-08T01:35:48.000+0000] {processor.py:839} INFO - DAG(s) dict_keys(['elt_reddit_pipeline']) retrieved from /opt/airflow/dags/reddit_dag.py
[2024-09-08T01:35:48.012+0000] {logging_mixin.py:151} INFO - [2024-09-08T01:35:48.011+0000] {dag.py:2941} INFO - Sync 1 DAGs
[2024-09-08T01:35:48.021+0000] {logging_mixin.py:151} INFO - [2024-09-08T01:35:48.021+0000] {dag.py:3722} INFO - Setting next_dagrun for elt_reddit_pipeline to 2024-09-08T00:00:00+00:00, run_after=2024-09-09T00:00:00+00:00
[2024-09-08T01:35:48.029+0000] {processor.py:179} INFO - Processing /opt/airflow/dags/reddit_dag.py took 0.351 seconds
[2024-09-08T01:36:18.458+0000] {processor.py:157} INFO - Started process (PID=4651) to work on /opt/airflow/dags/reddit_dag.py
[2024-09-08T01:36:18.459+0000] {processor.py:829} INFO - Processing file /opt/airflow/dags/reddit_dag.py for tasks to queue
[2024-09-08T01:36:18.462+0000] {logging_mixin.py:151} INFO - [2024-09-08T01:36:18.462+0000] {dagbag.py:536} INFO - Filling up the DagBag from /opt/airflow/dags/reddit_dag.py
[2024-09-08T01:36:18.778+0000] {processor.py:839} INFO - DAG(s) dict_keys(['elt_reddit_pipeline']) retrieved from /opt/airflow/dags/reddit_dag.py
[2024-09-08T01:36:18.789+0000] {logging_mixin.py:151} INFO - [2024-09-08T01:36:18.789+0000] {dag.py:2941} INFO - Sync 1 DAGs
[2024-09-08T01:36:18.798+0000] {logging_mixin.py:151} INFO - [2024-09-08T01:36:18.798+0000] {dag.py:3722} INFO - Setting next_dagrun for elt_reddit_pipeline to 2024-09-08T00:00:00+00:00, run_after=2024-09-09T00:00:00+00:00
[2024-09-08T01:36:18.807+0000] {processor.py:179} INFO - Processing /opt/airflow/dags/reddit_dag.py took 0.354 seconds
[2024-09-08T01:36:49.002+0000] {processor.py:157} INFO - Started process (PID=4653) to work on /opt/airflow/dags/reddit_dag.py
[2024-09-08T01:36:49.003+0000] {processor.py:829} INFO - Processing file /opt/airflow/dags/reddit_dag.py for tasks to queue
[2024-09-08T01:36:49.006+0000] {logging_mixin.py:151} INFO - [2024-09-08T01:36:49.006+0000] {dagbag.py:536} INFO - Filling up the DagBag from /opt/airflow/dags/reddit_dag.py
[2024-09-08T01:36:49.655+0000] {processor.py:839} INFO - DAG(s) dict_keys(['elt_reddit_pipeline']) retrieved from /opt/airflow/dags/reddit_dag.py
[2024-09-08T01:36:49.667+0000] {logging_mixin.py:151} INFO - [2024-09-08T01:36:49.667+0000] {dag.py:2941} INFO - Sync 1 DAGs
[2024-09-08T01:36:49.678+0000] {logging_mixin.py:151} INFO - [2024-09-08T01:36:49.678+0000] {dag.py:3722} INFO - Setting next_dagrun for elt_reddit_pipeline to 2024-09-08T00:00:00+00:00, run_after=2024-09-09T00:00:00+00:00
[2024-09-08T01:36:49.686+0000] {processor.py:179} INFO - Processing /opt/airflow/dags/reddit_dag.py took 0.690 seconds
[2024-09-08T01:37:19.803+0000] {processor.py:157} INFO - Started process (PID=4655) to work on /opt/airflow/dags/reddit_dag.py
[2024-09-08T01:37:19.805+0000] {processor.py:829} INFO - Processing file /opt/airflow/dags/reddit_dag.py for tasks to queue
[2024-09-08T01:37:19.808+0000] {logging_mixin.py:151} INFO - [2024-09-08T01:37:19.807+0000] {dagbag.py:536} INFO - Filling up the DagBag from /opt/airflow/dags/reddit_dag.py
[2024-09-08T01:37:20.124+0000] {processor.py:839} INFO - DAG(s) dict_keys(['elt_reddit_pipeline']) retrieved from /opt/airflow/dags/reddit_dag.py
[2024-09-08T01:37:20.137+0000] {logging_mixin.py:151} INFO - [2024-09-08T01:37:20.136+0000] {dag.py:2941} INFO - Sync 1 DAGs
[2024-09-08T01:37:20.147+0000] {logging_mixin.py:151} INFO - [2024-09-08T01:37:20.147+0000] {dag.py:3722} INFO - Setting next_dagrun for elt_reddit_pipeline to 2024-09-08T00:00:00+00:00, run_after=2024-09-09T00:00:00+00:00
[2024-09-08T01:37:20.155+0000] {processor.py:179} INFO - Processing /opt/airflow/dags/reddit_dag.py took 0.358 seconds
[2024-09-08T01:37:50.653+0000] {processor.py:157} INFO - Started process (PID=4657) to work on /opt/airflow/dags/reddit_dag.py
[2024-09-08T01:37:50.654+0000] {processor.py:829} INFO - Processing file /opt/airflow/dags/reddit_dag.py for tasks to queue
[2024-09-08T01:37:50.657+0000] {logging_mixin.py:151} INFO - [2024-09-08T01:37:50.657+0000] {dagbag.py:536} INFO - Filling up the DagBag from /opt/airflow/dags/reddit_dag.py
[2024-09-08T01:37:50.972+0000] {processor.py:839} INFO - DAG(s) dict_keys(['elt_reddit_pipeline']) retrieved from /opt/airflow/dags/reddit_dag.py
[2024-09-08T01:37:50.983+0000] {logging_mixin.py:151} INFO - [2024-09-08T01:37:50.982+0000] {dag.py:2941} INFO - Sync 1 DAGs
[2024-09-08T01:37:50.993+0000] {logging_mixin.py:151} INFO - [2024-09-08T01:37:50.993+0000] {dag.py:3722} INFO - Setting next_dagrun for elt_reddit_pipeline to 2024-09-08T00:00:00+00:00, run_after=2024-09-09T00:00:00+00:00
[2024-09-08T01:37:51.000+0000] {processor.py:179} INFO - Processing /opt/airflow/dags/reddit_dag.py took 0.353 seconds
[2024-09-08T01:38:21.185+0000] {processor.py:157} INFO - Started process (PID=4659) to work on /opt/airflow/dags/reddit_dag.py
[2024-09-08T01:38:21.186+0000] {processor.py:829} INFO - Processing file /opt/airflow/dags/reddit_dag.py for tasks to queue
[2024-09-08T01:38:21.189+0000] {logging_mixin.py:151} INFO - [2024-09-08T01:38:21.188+0000] {dagbag.py:536} INFO - Filling up the DagBag from /opt/airflow/dags/reddit_dag.py
[2024-09-08T01:38:21.501+0000] {processor.py:839} INFO - DAG(s) dict_keys(['elt_reddit_pipeline']) retrieved from /opt/airflow/dags/reddit_dag.py
[2024-09-08T01:38:21.512+0000] {logging_mixin.py:151} INFO - [2024-09-08T01:38:21.512+0000] {dag.py:2941} INFO - Sync 1 DAGs
[2024-09-08T01:38:21.521+0000] {logging_mixin.py:151} INFO - [2024-09-08T01:38:21.521+0000] {dag.py:3722} INFO - Setting next_dagrun for elt_reddit_pipeline to 2024-09-08T00:00:00+00:00, run_after=2024-09-09T00:00:00+00:00
[2024-09-08T01:38:21.529+0000] {processor.py:179} INFO - Processing /opt/airflow/dags/reddit_dag.py took 0.351 seconds
[2024-09-08T01:38:51.935+0000] {processor.py:157} INFO - Started process (PID=4661) to work on /opt/airflow/dags/reddit_dag.py
[2024-09-08T01:38:51.936+0000] {processor.py:829} INFO - Processing file /opt/airflow/dags/reddit_dag.py for tasks to queue
[2024-09-08T01:38:51.939+0000] {logging_mixin.py:151} INFO - [2024-09-08T01:38:51.939+0000] {dagbag.py:536} INFO - Filling up the DagBag from /opt/airflow/dags/reddit_dag.py
[2024-09-08T01:38:52.247+0000] {processor.py:839} INFO - DAG(s) dict_keys(['elt_reddit_pipeline']) retrieved from /opt/airflow/dags/reddit_dag.py
[2024-09-08T01:38:52.258+0000] {logging_mixin.py:151} INFO - [2024-09-08T01:38:52.258+0000] {dag.py:2941} INFO - Sync 1 DAGs
[2024-09-08T01:38:52.267+0000] {logging_mixin.py:151} INFO - [2024-09-08T01:38:52.267+0000] {dag.py:3722} INFO - Setting next_dagrun for elt_reddit_pipeline to 2024-09-08T00:00:00+00:00, run_after=2024-09-09T00:00:00+00:00
[2024-09-08T01:38:52.275+0000] {processor.py:179} INFO - Processing /opt/airflow/dags/reddit_dag.py took 0.345 seconds
[2024-09-08T01:39:22.491+0000] {processor.py:157} INFO - Started process (PID=4663) to work on /opt/airflow/dags/reddit_dag.py
[2024-09-08T01:39:22.493+0000] {processor.py:829} INFO - Processing file /opt/airflow/dags/reddit_dag.py for tasks to queue
[2024-09-08T01:39:22.496+0000] {logging_mixin.py:151} INFO - [2024-09-08T01:39:22.496+0000] {dagbag.py:536} INFO - Filling up the DagBag from /opt/airflow/dags/reddit_dag.py
[2024-09-08T01:39:22.818+0000] {processor.py:839} INFO - DAG(s) dict_keys(['elt_reddit_pipeline']) retrieved from /opt/airflow/dags/reddit_dag.py
[2024-09-08T01:39:22.829+0000] {logging_mixin.py:151} INFO - [2024-09-08T01:39:22.829+0000] {dag.py:2941} INFO - Sync 1 DAGs
[2024-09-08T01:39:22.838+0000] {logging_mixin.py:151} INFO - [2024-09-08T01:39:22.838+0000] {dag.py:3722} INFO - Setting next_dagrun for elt_reddit_pipeline to 2024-09-08T00:00:00+00:00, run_after=2024-09-09T00:00:00+00:00
[2024-09-08T01:39:22.847+0000] {processor.py:179} INFO - Processing /opt/airflow/dags/reddit_dag.py took 0.362 seconds
[2024-09-08T01:39:53.229+0000] {processor.py:157} INFO - Started process (PID=4665) to work on /opt/airflow/dags/reddit_dag.py
[2024-09-08T01:39:53.231+0000] {processor.py:829} INFO - Processing file /opt/airflow/dags/reddit_dag.py for tasks to queue
[2024-09-08T01:39:53.234+0000] {logging_mixin.py:151} INFO - [2024-09-08T01:39:53.233+0000] {dagbag.py:536} INFO - Filling up the DagBag from /opt/airflow/dags/reddit_dag.py
[2024-09-08T01:39:53.549+0000] {processor.py:839} INFO - DAG(s) dict_keys(['elt_reddit_pipeline']) retrieved from /opt/airflow/dags/reddit_dag.py
[2024-09-08T01:39:53.560+0000] {logging_mixin.py:151} INFO - [2024-09-08T01:39:53.560+0000] {dag.py:2941} INFO - Sync 1 DAGs
[2024-09-08T01:39:53.570+0000] {logging_mixin.py:151} INFO - [2024-09-08T01:39:53.570+0000] {dag.py:3722} INFO - Setting next_dagrun for elt_reddit_pipeline to 2024-09-08T00:00:00+00:00, run_after=2024-09-09T00:00:00+00:00
[2024-09-08T01:39:53.578+0000] {processor.py:179} INFO - Processing /opt/airflow/dags/reddit_dag.py took 0.354 seconds
[2024-09-08T01:40:23.716+0000] {processor.py:157} INFO - Started process (PID=4667) to work on /opt/airflow/dags/reddit_dag.py
[2024-09-08T01:40:23.718+0000] {processor.py:829} INFO - Processing file /opt/airflow/dags/reddit_dag.py for tasks to queue
[2024-09-08T01:40:23.721+0000] {logging_mixin.py:151} INFO - [2024-09-08T01:40:23.720+0000] {dagbag.py:536} INFO - Filling up the DagBag from /opt/airflow/dags/reddit_dag.py
[2024-09-08T01:40:24.037+0000] {processor.py:839} INFO - DAG(s) dict_keys(['elt_reddit_pipeline']) retrieved from /opt/airflow/dags/reddit_dag.py
[2024-09-08T01:40:24.048+0000] {logging_mixin.py:151} INFO - [2024-09-08T01:40:24.048+0000] {dag.py:2941} INFO - Sync 1 DAGs
[2024-09-08T01:40:24.058+0000] {logging_mixin.py:151} INFO - [2024-09-08T01:40:24.058+0000] {dag.py:3722} INFO - Setting next_dagrun for elt_reddit_pipeline to 2024-09-08T00:00:00+00:00, run_after=2024-09-09T00:00:00+00:00
[2024-09-08T01:40:24.066+0000] {processor.py:179} INFO - Processing /opt/airflow/dags/reddit_dag.py took 0.356 seconds
[2024-09-08T01:40:54.563+0000] {processor.py:157} INFO - Started process (PID=4669) to work on /opt/airflow/dags/reddit_dag.py
[2024-09-08T01:40:54.565+0000] {processor.py:829} INFO - Processing file /opt/airflow/dags/reddit_dag.py for tasks to queue
[2024-09-08T01:40:54.568+0000] {logging_mixin.py:151} INFO - [2024-09-08T01:40:54.568+0000] {dagbag.py:536} INFO - Filling up the DagBag from /opt/airflow/dags/reddit_dag.py
[2024-09-08T01:40:54.882+0000] {processor.py:839} INFO - DAG(s) dict_keys(['elt_reddit_pipeline']) retrieved from /opt/airflow/dags/reddit_dag.py
[2024-09-08T01:40:54.894+0000] {logging_mixin.py:151} INFO - [2024-09-08T01:40:54.893+0000] {dag.py:2941} INFO - Sync 1 DAGs
[2024-09-08T01:40:54.903+0000] {logging_mixin.py:151} INFO - [2024-09-08T01:40:54.903+0000] {dag.py:3722} INFO - Setting next_dagrun for elt_reddit_pipeline to 2024-09-08T00:00:00+00:00, run_after=2024-09-09T00:00:00+00:00
[2024-09-08T01:40:54.911+0000] {processor.py:179} INFO - Processing /opt/airflow/dags/reddit_dag.py took 0.352 seconds
[2024-09-08T01:41:25.090+0000] {processor.py:157} INFO - Started process (PID=4671) to work on /opt/airflow/dags/reddit_dag.py
[2024-09-08T01:41:25.091+0000] {processor.py:829} INFO - Processing file /opt/airflow/dags/reddit_dag.py for tasks to queue
[2024-09-08T01:41:25.092+0000] {logging_mixin.py:151} INFO - [2024-09-08T01:41:25.092+0000] {dagbag.py:536} INFO - Filling up the DagBag from /opt/airflow/dags/reddit_dag.py
[2024-09-08T01:41:25.395+0000] {processor.py:839} INFO - DAG(s) dict_keys(['elt_reddit_pipeline']) retrieved from /opt/airflow/dags/reddit_dag.py
[2024-09-08T01:41:25.406+0000] {logging_mixin.py:151} INFO - [2024-09-08T01:41:25.406+0000] {dag.py:2941} INFO - Sync 1 DAGs
[2024-09-08T01:41:25.415+0000] {logging_mixin.py:151} INFO - [2024-09-08T01:41:25.415+0000] {dag.py:3722} INFO - Setting next_dagrun for elt_reddit_pipeline to 2024-09-08T00:00:00+00:00, run_after=2024-09-09T00:00:00+00:00
[2024-09-08T01:41:25.423+0000] {processor.py:179} INFO - Processing /opt/airflow/dags/reddit_dag.py took 0.336 seconds
[2024-09-08T01:41:55.879+0000] {processor.py:157} INFO - Started process (PID=4673) to work on /opt/airflow/dags/reddit_dag.py
[2024-09-08T01:41:55.881+0000] {processor.py:829} INFO - Processing file /opt/airflow/dags/reddit_dag.py for tasks to queue
[2024-09-08T01:41:55.883+0000] {logging_mixin.py:151} INFO - [2024-09-08T01:41:55.883+0000] {dagbag.py:536} INFO - Filling up the DagBag from /opt/airflow/dags/reddit_dag.py
[2024-09-08T01:41:56.228+0000] {processor.py:839} INFO - DAG(s) dict_keys(['elt_reddit_pipeline']) retrieved from /opt/airflow/dags/reddit_dag.py
[2024-09-08T01:41:56.239+0000] {logging_mixin.py:151} INFO - [2024-09-08T01:41:56.239+0000] {dag.py:2941} INFO - Sync 1 DAGs
[2024-09-08T01:41:56.249+0000] {logging_mixin.py:151} INFO - [2024-09-08T01:41:56.249+0000] {dag.py:3722} INFO - Setting next_dagrun for elt_reddit_pipeline to 2024-09-08T00:00:00+00:00, run_after=2024-09-09T00:00:00+00:00
[2024-09-08T01:41:56.257+0000] {processor.py:179} INFO - Processing /opt/airflow/dags/reddit_dag.py took 0.384 seconds
[2024-09-08T01:42:26.396+0000] {processor.py:157} INFO - Started process (PID=4675) to work on /opt/airflow/dags/reddit_dag.py
[2024-09-08T01:42:26.398+0000] {processor.py:829} INFO - Processing file /opt/airflow/dags/reddit_dag.py for tasks to queue
[2024-09-08T01:42:26.402+0000] {logging_mixin.py:151} INFO - [2024-09-08T01:42:26.401+0000] {dagbag.py:536} INFO - Filling up the DagBag from /opt/airflow/dags/reddit_dag.py
[2024-09-08T01:42:26.719+0000] {processor.py:839} INFO - DAG(s) dict_keys(['elt_reddit_pipeline']) retrieved from /opt/airflow/dags/reddit_dag.py
[2024-09-08T01:42:26.730+0000] {logging_mixin.py:151} INFO - [2024-09-08T01:42:26.730+0000] {dag.py:2941} INFO - Sync 1 DAGs
[2024-09-08T01:42:26.740+0000] {logging_mixin.py:151} INFO - [2024-09-08T01:42:26.740+0000] {dag.py:3722} INFO - Setting next_dagrun for elt_reddit_pipeline to 2024-09-08T00:00:00+00:00, run_after=2024-09-09T00:00:00+00:00
[2024-09-08T01:42:26.749+0000] {processor.py:179} INFO - Processing /opt/airflow/dags/reddit_dag.py took 0.358 seconds
[2024-09-08T01:42:57.185+0000] {processor.py:157} INFO - Started process (PID=4677) to work on /opt/airflow/dags/reddit_dag.py
[2024-09-08T01:42:57.186+0000] {processor.py:829} INFO - Processing file /opt/airflow/dags/reddit_dag.py for tasks to queue
[2024-09-08T01:42:57.189+0000] {logging_mixin.py:151} INFO - [2024-09-08T01:42:57.189+0000] {dagbag.py:536} INFO - Filling up the DagBag from /opt/airflow/dags/reddit_dag.py
[2024-09-08T01:42:57.495+0000] {processor.py:839} INFO - DAG(s) dict_keys(['elt_reddit_pipeline']) retrieved from /opt/airflow/dags/reddit_dag.py
[2024-09-08T01:42:57.507+0000] {logging_mixin.py:151} INFO - [2024-09-08T01:42:57.506+0000] {dag.py:2941} INFO - Sync 1 DAGs
[2024-09-08T01:42:57.517+0000] {logging_mixin.py:151} INFO - [2024-09-08T01:42:57.517+0000] {dag.py:3722} INFO - Setting next_dagrun for elt_reddit_pipeline to 2024-09-08T00:00:00+00:00, run_after=2024-09-09T00:00:00+00:00
[2024-09-08T01:42:57.525+0000] {processor.py:179} INFO - Processing /opt/airflow/dags/reddit_dag.py took 0.345 seconds
[2024-09-08T01:43:27.634+0000] {processor.py:157} INFO - Started process (PID=4679) to work on /opt/airflow/dags/reddit_dag.py
[2024-09-08T01:43:27.635+0000] {processor.py:829} INFO - Processing file /opt/airflow/dags/reddit_dag.py for tasks to queue
[2024-09-08T01:43:27.638+0000] {logging_mixin.py:151} INFO - [2024-09-08T01:43:27.638+0000] {dagbag.py:536} INFO - Filling up the DagBag from /opt/airflow/dags/reddit_dag.py
[2024-09-08T01:43:27.944+0000] {processor.py:839} INFO - DAG(s) dict_keys(['elt_reddit_pipeline']) retrieved from /opt/airflow/dags/reddit_dag.py
[2024-09-08T01:43:27.955+0000] {logging_mixin.py:151} INFO - [2024-09-08T01:43:27.954+0000] {dag.py:2941} INFO - Sync 1 DAGs
[2024-09-08T01:43:27.965+0000] {logging_mixin.py:151} INFO - [2024-09-08T01:43:27.965+0000] {dag.py:3722} INFO - Setting next_dagrun for elt_reddit_pipeline to 2024-09-08T00:00:00+00:00, run_after=2024-09-09T00:00:00+00:00
[2024-09-08T01:43:27.973+0000] {processor.py:179} INFO - Processing /opt/airflow/dags/reddit_dag.py took 0.344 seconds
[2024-09-08T01:43:58.644+0000] {processor.py:157} INFO - Started process (PID=4681) to work on /opt/airflow/dags/reddit_dag.py
[2024-09-08T01:43:58.645+0000] {processor.py:829} INFO - Processing file /opt/airflow/dags/reddit_dag.py for tasks to queue
[2024-09-08T01:43:58.648+0000] {logging_mixin.py:151} INFO - [2024-09-08T01:43:58.648+0000] {dagbag.py:536} INFO - Filling up the DagBag from /opt/airflow/dags/reddit_dag.py
[2024-09-08T01:43:58.962+0000] {processor.py:839} INFO - DAG(s) dict_keys(['elt_reddit_pipeline']) retrieved from /opt/airflow/dags/reddit_dag.py
[2024-09-08T01:43:58.974+0000] {logging_mixin.py:151} INFO - [2024-09-08T01:43:58.974+0000] {dag.py:2941} INFO - Sync 1 DAGs
[2024-09-08T01:43:58.984+0000] {logging_mixin.py:151} INFO - [2024-09-08T01:43:58.984+0000] {dag.py:3722} INFO - Setting next_dagrun for elt_reddit_pipeline to 2024-09-08T00:00:00+00:00, run_after=2024-09-09T00:00:00+00:00
[2024-09-08T01:43:58.992+0000] {processor.py:179} INFO - Processing /opt/airflow/dags/reddit_dag.py took 0.353 seconds
[2024-09-08T01:44:29.146+0000] {processor.py:157} INFO - Started process (PID=4683) to work on /opt/airflow/dags/reddit_dag.py
[2024-09-08T01:44:29.148+0000] {processor.py:829} INFO - Processing file /opt/airflow/dags/reddit_dag.py for tasks to queue
[2024-09-08T01:44:29.151+0000] {logging_mixin.py:151} INFO - [2024-09-08T01:44:29.150+0000] {dagbag.py:536} INFO - Filling up the DagBag from /opt/airflow/dags/reddit_dag.py
[2024-09-08T01:44:29.469+0000] {processor.py:839} INFO - DAG(s) dict_keys(['elt_reddit_pipeline']) retrieved from /opt/airflow/dags/reddit_dag.py
[2024-09-08T01:44:29.480+0000] {logging_mixin.py:151} INFO - [2024-09-08T01:44:29.479+0000] {dag.py:2941} INFO - Sync 1 DAGs
[2024-09-08T01:44:29.489+0000] {logging_mixin.py:151} INFO - [2024-09-08T01:44:29.489+0000] {dag.py:3722} INFO - Setting next_dagrun for elt_reddit_pipeline to 2024-09-08T00:00:00+00:00, run_after=2024-09-09T00:00:00+00:00
[2024-09-08T01:44:29.497+0000] {processor.py:179} INFO - Processing /opt/airflow/dags/reddit_dag.py took 0.357 seconds
[2024-09-08T01:44:59.963+0000] {processor.py:157} INFO - Started process (PID=4685) to work on /opt/airflow/dags/reddit_dag.py
[2024-09-08T01:44:59.965+0000] {processor.py:829} INFO - Processing file /opt/airflow/dags/reddit_dag.py for tasks to queue
[2024-09-08T01:44:59.968+0000] {logging_mixin.py:151} INFO - [2024-09-08T01:44:59.967+0000] {dagbag.py:536} INFO - Filling up the DagBag from /opt/airflow/dags/reddit_dag.py
[2024-09-08T01:45:00.288+0000] {processor.py:839} INFO - DAG(s) dict_keys(['elt_reddit_pipeline']) retrieved from /opt/airflow/dags/reddit_dag.py
[2024-09-08T01:45:00.298+0000] {logging_mixin.py:151} INFO - [2024-09-08T01:45:00.298+0000] {dag.py:2941} INFO - Sync 1 DAGs
[2024-09-08T01:45:00.308+0000] {logging_mixin.py:151} INFO - [2024-09-08T01:45:00.307+0000] {dag.py:3722} INFO - Setting next_dagrun for elt_reddit_pipeline to 2024-09-08T00:00:00+00:00, run_after=2024-09-09T00:00:00+00:00
[2024-09-08T01:45:00.315+0000] {processor.py:179} INFO - Processing /opt/airflow/dags/reddit_dag.py took 0.357 seconds
[2024-09-08T01:45:30.501+0000] {processor.py:157} INFO - Started process (PID=4687) to work on /opt/airflow/dags/reddit_dag.py
[2024-09-08T01:45:30.503+0000] {processor.py:829} INFO - Processing file /opt/airflow/dags/reddit_dag.py for tasks to queue
[2024-09-08T01:45:30.506+0000] {logging_mixin.py:151} INFO - [2024-09-08T01:45:30.506+0000] {dagbag.py:536} INFO - Filling up the DagBag from /opt/airflow/dags/reddit_dag.py
[2024-09-08T01:45:30.820+0000] {processor.py:839} INFO - DAG(s) dict_keys(['elt_reddit_pipeline']) retrieved from /opt/airflow/dags/reddit_dag.py
[2024-09-08T01:45:30.831+0000] {logging_mixin.py:151} INFO - [2024-09-08T01:45:30.831+0000] {dag.py:2941} INFO - Sync 1 DAGs
[2024-09-08T01:45:30.841+0000] {logging_mixin.py:151} INFO - [2024-09-08T01:45:30.841+0000] {dag.py:3722} INFO - Setting next_dagrun for elt_reddit_pipeline to 2024-09-08T00:00:00+00:00, run_after=2024-09-09T00:00:00+00:00
[2024-09-08T01:45:30.849+0000] {processor.py:179} INFO - Processing /opt/airflow/dags/reddit_dag.py took 0.353 seconds
[2024-09-08T01:46:01.279+0000] {processor.py:157} INFO - Started process (PID=4689) to work on /opt/airflow/dags/reddit_dag.py
[2024-09-08T01:46:01.280+0000] {processor.py:829} INFO - Processing file /opt/airflow/dags/reddit_dag.py for tasks to queue
[2024-09-08T01:46:01.282+0000] {logging_mixin.py:151} INFO - [2024-09-08T01:46:01.282+0000] {dagbag.py:536} INFO - Filling up the DagBag from /opt/airflow/dags/reddit_dag.py
[2024-09-08T01:46:01.590+0000] {processor.py:839} INFO - DAG(s) dict_keys(['elt_reddit_pipeline']) retrieved from /opt/airflow/dags/reddit_dag.py
[2024-09-08T01:46:01.601+0000] {logging_mixin.py:151} INFO - [2024-09-08T01:46:01.600+0000] {dag.py:2941} INFO - Sync 1 DAGs
[2024-09-08T01:46:01.611+0000] {logging_mixin.py:151} INFO - [2024-09-08T01:46:01.611+0000] {dag.py:3722} INFO - Setting next_dagrun for elt_reddit_pipeline to 2024-09-08T00:00:00+00:00, run_after=2024-09-09T00:00:00+00:00
[2024-09-08T01:46:01.619+0000] {processor.py:179} INFO - Processing /opt/airflow/dags/reddit_dag.py took 0.343 seconds
[2024-09-08T01:46:31.747+0000] {processor.py:157} INFO - Started process (PID=4691) to work on /opt/airflow/dags/reddit_dag.py
[2024-09-08T01:46:31.749+0000] {processor.py:829} INFO - Processing file /opt/airflow/dags/reddit_dag.py for tasks to queue
[2024-09-08T01:46:31.753+0000] {logging_mixin.py:151} INFO - [2024-09-08T01:46:31.752+0000] {dagbag.py:536} INFO - Filling up the DagBag from /opt/airflow/dags/reddit_dag.py
[2024-09-08T01:46:32.068+0000] {processor.py:839} INFO - DAG(s) dict_keys(['elt_reddit_pipeline']) retrieved from /opt/airflow/dags/reddit_dag.py
[2024-09-08T01:46:32.080+0000] {logging_mixin.py:151} INFO - [2024-09-08T01:46:32.079+0000] {dag.py:2941} INFO - Sync 1 DAGs
[2024-09-08T01:46:32.090+0000] {logging_mixin.py:151} INFO - [2024-09-08T01:46:32.090+0000] {dag.py:3722} INFO - Setting next_dagrun for elt_reddit_pipeline to 2024-09-08T00:00:00+00:00, run_after=2024-09-09T00:00:00+00:00
[2024-09-08T01:46:32.097+0000] {processor.py:179} INFO - Processing /opt/airflow/dags/reddit_dag.py took 0.356 seconds
[2024-09-08T01:47:02.258+0000] {processor.py:157} INFO - Started process (PID=4693) to work on /opt/airflow/dags/reddit_dag.py
[2024-09-08T01:47:02.259+0000] {processor.py:829} INFO - Processing file /opt/airflow/dags/reddit_dag.py for tasks to queue
[2024-09-08T01:47:02.263+0000] {logging_mixin.py:151} INFO - [2024-09-08T01:47:02.263+0000] {dagbag.py:536} INFO - Filling up the DagBag from /opt/airflow/dags/reddit_dag.py
[2024-09-08T01:47:02.579+0000] {processor.py:839} INFO - DAG(s) dict_keys(['elt_reddit_pipeline']) retrieved from /opt/airflow/dags/reddit_dag.py
[2024-09-08T01:47:02.591+0000] {logging_mixin.py:151} INFO - [2024-09-08T01:47:02.591+0000] {dag.py:2941} INFO - Sync 1 DAGs
[2024-09-08T01:47:02.600+0000] {logging_mixin.py:151} INFO - [2024-09-08T01:47:02.600+0000] {dag.py:3722} INFO - Setting next_dagrun for elt_reddit_pipeline to 2024-09-08T00:00:00+00:00, run_after=2024-09-09T00:00:00+00:00
[2024-09-08T01:47:02.608+0000] {processor.py:179} INFO - Processing /opt/airflow/dags/reddit_dag.py took 0.356 seconds
[2024-09-08T01:47:33.141+0000] {processor.py:157} INFO - Started process (PID=4695) to work on /opt/airflow/dags/reddit_dag.py
[2024-09-08T01:47:33.142+0000] {processor.py:829} INFO - Processing file /opt/airflow/dags/reddit_dag.py for tasks to queue
[2024-09-08T01:47:33.146+0000] {logging_mixin.py:151} INFO - [2024-09-08T01:47:33.146+0000] {dagbag.py:536} INFO - Filling up the DagBag from /opt/airflow/dags/reddit_dag.py
[2024-09-08T01:47:33.461+0000] {processor.py:839} INFO - DAG(s) dict_keys(['elt_reddit_pipeline']) retrieved from /opt/airflow/dags/reddit_dag.py
[2024-09-08T01:47:33.473+0000] {logging_mixin.py:151} INFO - [2024-09-08T01:47:33.472+0000] {dag.py:2941} INFO - Sync 1 DAGs
[2024-09-08T01:47:33.482+0000] {logging_mixin.py:151} INFO - [2024-09-08T01:47:33.482+0000] {dag.py:3722} INFO - Setting next_dagrun for elt_reddit_pipeline to 2024-09-08T00:00:00+00:00, run_after=2024-09-09T00:00:00+00:00
[2024-09-08T01:47:33.490+0000] {processor.py:179} INFO - Processing /opt/airflow/dags/reddit_dag.py took 0.354 seconds
[2024-09-08T01:48:03.703+0000] {processor.py:157} INFO - Started process (PID=4697) to work on /opt/airflow/dags/reddit_dag.py
[2024-09-08T01:48:03.704+0000] {processor.py:829} INFO - Processing file /opt/airflow/dags/reddit_dag.py for tasks to queue
[2024-09-08T01:48:03.708+0000] {logging_mixin.py:151} INFO - [2024-09-08T01:48:03.708+0000] {dagbag.py:536} INFO - Filling up the DagBag from /opt/airflow/dags/reddit_dag.py
[2024-09-08T01:48:04.024+0000] {processor.py:839} INFO - DAG(s) dict_keys(['elt_reddit_pipeline']) retrieved from /opt/airflow/dags/reddit_dag.py
[2024-09-08T01:48:04.035+0000] {logging_mixin.py:151} INFO - [2024-09-08T01:48:04.034+0000] {dag.py:2941} INFO - Sync 1 DAGs
[2024-09-08T01:48:04.044+0000] {logging_mixin.py:151} INFO - [2024-09-08T01:48:04.044+0000] {dag.py:3722} INFO - Setting next_dagrun for elt_reddit_pipeline to 2024-09-08T00:00:00+00:00, run_after=2024-09-09T00:00:00+00:00
[2024-09-08T01:48:04.053+0000] {processor.py:179} INFO - Processing /opt/airflow/dags/reddit_dag.py took 0.356 seconds
[2024-09-08T01:48:34.399+0000] {processor.py:157} INFO - Started process (PID=4699) to work on /opt/airflow/dags/reddit_dag.py
[2024-09-08T01:48:34.401+0000] {processor.py:829} INFO - Processing file /opt/airflow/dags/reddit_dag.py for tasks to queue
[2024-09-08T01:48:34.403+0000] {logging_mixin.py:151} INFO - [2024-09-08T01:48:34.403+0000] {dagbag.py:536} INFO - Filling up the DagBag from /opt/airflow/dags/reddit_dag.py
[2024-09-08T01:48:34.734+0000] {processor.py:839} INFO - DAG(s) dict_keys(['elt_reddit_pipeline']) retrieved from /opt/airflow/dags/reddit_dag.py
[2024-09-08T01:48:34.745+0000] {logging_mixin.py:151} INFO - [2024-09-08T01:48:34.744+0000] {dag.py:2941} INFO - Sync 1 DAGs
[2024-09-08T01:48:34.755+0000] {logging_mixin.py:151} INFO - [2024-09-08T01:48:34.755+0000] {dag.py:3722} INFO - Setting next_dagrun for elt_reddit_pipeline to 2024-09-08T00:00:00+00:00, run_after=2024-09-09T00:00:00+00:00
[2024-09-08T01:48:34.763+0000] {processor.py:179} INFO - Processing /opt/airflow/dags/reddit_dag.py took 0.368 seconds
[2024-09-08T01:49:05.043+0000] {processor.py:157} INFO - Started process (PID=4701) to work on /opt/airflow/dags/reddit_dag.py
[2024-09-08T01:49:05.045+0000] {processor.py:829} INFO - Processing file /opt/airflow/dags/reddit_dag.py for tasks to queue
[2024-09-08T01:49:05.048+0000] {logging_mixin.py:151} INFO - [2024-09-08T01:49:05.047+0000] {dagbag.py:536} INFO - Filling up the DagBag from /opt/airflow/dags/reddit_dag.py
[2024-09-08T01:49:05.365+0000] {processor.py:839} INFO - DAG(s) dict_keys(['elt_reddit_pipeline']) retrieved from /opt/airflow/dags/reddit_dag.py
[2024-09-08T01:49:05.376+0000] {logging_mixin.py:151} INFO - [2024-09-08T01:49:05.375+0000] {dag.py:2941} INFO - Sync 1 DAGs
[2024-09-08T01:49:05.386+0000] {logging_mixin.py:151} INFO - [2024-09-08T01:49:05.386+0000] {dag.py:3722} INFO - Setting next_dagrun for elt_reddit_pipeline to 2024-09-08T00:00:00+00:00, run_after=2024-09-09T00:00:00+00:00
[2024-09-08T01:49:05.394+0000] {processor.py:179} INFO - Processing /opt/airflow/dags/reddit_dag.py took 0.357 seconds
[2024-09-08T01:49:35.687+0000] {processor.py:157} INFO - Started process (PID=4703) to work on /opt/airflow/dags/reddit_dag.py
[2024-09-08T01:49:35.688+0000] {processor.py:829} INFO - Processing file /opt/airflow/dags/reddit_dag.py for tasks to queue
[2024-09-08T01:49:35.691+0000] {logging_mixin.py:151} INFO - [2024-09-08T01:49:35.691+0000] {dagbag.py:536} INFO - Filling up the DagBag from /opt/airflow/dags/reddit_dag.py
[2024-09-08T01:49:36.009+0000] {processor.py:839} INFO - DAG(s) dict_keys(['elt_reddit_pipeline']) retrieved from /opt/airflow/dags/reddit_dag.py
[2024-09-08T01:49:36.020+0000] {logging_mixin.py:151} INFO - [2024-09-08T01:49:36.020+0000] {dag.py:2941} INFO - Sync 1 DAGs
[2024-09-08T01:49:36.029+0000] {logging_mixin.py:151} INFO - [2024-09-08T01:49:36.029+0000] {dag.py:3722} INFO - Setting next_dagrun for elt_reddit_pipeline to 2024-09-08T00:00:00+00:00, run_after=2024-09-09T00:00:00+00:00
[2024-09-08T01:49:36.038+0000] {processor.py:179} INFO - Processing /opt/airflow/dags/reddit_dag.py took 0.357 seconds
[2024-09-08T01:50:06.285+0000] {processor.py:157} INFO - Started process (PID=4705) to work on /opt/airflow/dags/reddit_dag.py
[2024-09-08T01:50:06.287+0000] {processor.py:829} INFO - Processing file /opt/airflow/dags/reddit_dag.py for tasks to queue
[2024-09-08T01:50:06.291+0000] {logging_mixin.py:151} INFO - [2024-09-08T01:50:06.291+0000] {dagbag.py:536} INFO - Filling up the DagBag from /opt/airflow/dags/reddit_dag.py
[2024-09-08T01:50:06.606+0000] {processor.py:839} INFO - DAG(s) dict_keys(['elt_reddit_pipeline']) retrieved from /opt/airflow/dags/reddit_dag.py
[2024-09-08T01:50:06.617+0000] {logging_mixin.py:151} INFO - [2024-09-08T01:50:06.616+0000] {dag.py:2941} INFO - Sync 1 DAGs
[2024-09-08T01:50:06.626+0000] {logging_mixin.py:151} INFO - [2024-09-08T01:50:06.626+0000] {dag.py:3722} INFO - Setting next_dagrun for elt_reddit_pipeline to 2024-09-08T00:00:00+00:00, run_after=2024-09-09T00:00:00+00:00
[2024-09-08T01:50:06.634+0000] {processor.py:179} INFO - Processing /opt/airflow/dags/reddit_dag.py took 0.354 seconds
[2024-09-08T01:50:37.151+0000] {processor.py:157} INFO - Started process (PID=4707) to work on /opt/airflow/dags/reddit_dag.py
[2024-09-08T01:50:37.153+0000] {processor.py:829} INFO - Processing file /opt/airflow/dags/reddit_dag.py for tasks to queue
[2024-09-08T01:50:37.157+0000] {logging_mixin.py:151} INFO - [2024-09-08T01:50:37.156+0000] {dagbag.py:536} INFO - Filling up the DagBag from /opt/airflow/dags/reddit_dag.py
[2024-09-08T01:50:37.472+0000] {processor.py:839} INFO - DAG(s) dict_keys(['elt_reddit_pipeline']) retrieved from /opt/airflow/dags/reddit_dag.py
[2024-09-08T01:50:37.483+0000] {logging_mixin.py:151} INFO - [2024-09-08T01:50:37.483+0000] {dag.py:2941} INFO - Sync 1 DAGs
[2024-09-08T01:50:37.493+0000] {logging_mixin.py:151} INFO - [2024-09-08T01:50:37.493+0000] {dag.py:3722} INFO - Setting next_dagrun for elt_reddit_pipeline to 2024-09-08T00:00:00+00:00, run_after=2024-09-09T00:00:00+00:00
[2024-09-08T01:50:37.501+0000] {processor.py:179} INFO - Processing /opt/airflow/dags/reddit_dag.py took 0.356 seconds
[2024-09-08T01:51:07.766+0000] {processor.py:157} INFO - Started process (PID=4709) to work on /opt/airflow/dags/reddit_dag.py
[2024-09-08T01:51:07.768+0000] {processor.py:829} INFO - Processing file /opt/airflow/dags/reddit_dag.py for tasks to queue
[2024-09-08T01:51:07.772+0000] {logging_mixin.py:151} INFO - [2024-09-08T01:51:07.772+0000] {dagbag.py:536} INFO - Filling up the DagBag from /opt/airflow/dags/reddit_dag.py
[2024-09-08T01:51:08.087+0000] {processor.py:839} INFO - DAG(s) dict_keys(['elt_reddit_pipeline']) retrieved from /opt/airflow/dags/reddit_dag.py
[2024-09-08T01:51:08.098+0000] {logging_mixin.py:151} INFO - [2024-09-08T01:51:08.097+0000] {dag.py:2941} INFO - Sync 1 DAGs
[2024-09-08T01:51:08.108+0000] {logging_mixin.py:151} INFO - [2024-09-08T01:51:08.108+0000] {dag.py:3722} INFO - Setting next_dagrun for elt_reddit_pipeline to 2024-09-08T00:00:00+00:00, run_after=2024-09-09T00:00:00+00:00
[2024-09-08T01:51:08.116+0000] {processor.py:179} INFO - Processing /opt/airflow/dags/reddit_dag.py took 0.356 seconds
[2024-09-08T01:51:38.460+0000] {processor.py:157} INFO - Started process (PID=4711) to work on /opt/airflow/dags/reddit_dag.py
[2024-09-08T01:51:38.462+0000] {processor.py:829} INFO - Processing file /opt/airflow/dags/reddit_dag.py for tasks to queue
[2024-09-08T01:51:38.465+0000] {logging_mixin.py:151} INFO - [2024-09-08T01:51:38.465+0000] {dagbag.py:536} INFO - Filling up the DagBag from /opt/airflow/dags/reddit_dag.py
[2024-09-08T01:51:38.784+0000] {processor.py:839} INFO - DAG(s) dict_keys(['elt_reddit_pipeline']) retrieved from /opt/airflow/dags/reddit_dag.py
[2024-09-08T01:51:38.795+0000] {logging_mixin.py:151} INFO - [2024-09-08T01:51:38.795+0000] {dag.py:2941} INFO - Sync 1 DAGs
[2024-09-08T01:51:38.805+0000] {logging_mixin.py:151} INFO - [2024-09-08T01:51:38.805+0000] {dag.py:3722} INFO - Setting next_dagrun for elt_reddit_pipeline to 2024-09-08T00:00:00+00:00, run_after=2024-09-09T00:00:00+00:00
[2024-09-08T01:51:38.813+0000] {processor.py:179} INFO - Processing /opt/airflow/dags/reddit_dag.py took 0.359 seconds
[2024-09-08T01:52:09.028+0000] {processor.py:157} INFO - Started process (PID=4713) to work on /opt/airflow/dags/reddit_dag.py
[2024-09-08T01:52:09.030+0000] {processor.py:829} INFO - Processing file /opt/airflow/dags/reddit_dag.py for tasks to queue
[2024-09-08T01:52:09.033+0000] {logging_mixin.py:151} INFO - [2024-09-08T01:52:09.032+0000] {dagbag.py:536} INFO - Filling up the DagBag from /opt/airflow/dags/reddit_dag.py
[2024-09-08T01:52:09.349+0000] {processor.py:839} INFO - DAG(s) dict_keys(['elt_reddit_pipeline']) retrieved from /opt/airflow/dags/reddit_dag.py
[2024-09-08T01:52:09.360+0000] {logging_mixin.py:151} INFO - [2024-09-08T01:52:09.359+0000] {dag.py:2941} INFO - Sync 1 DAGs
[2024-09-08T01:52:09.370+0000] {logging_mixin.py:151} INFO - [2024-09-08T01:52:09.370+0000] {dag.py:3722} INFO - Setting next_dagrun for elt_reddit_pipeline to 2024-09-08T00:00:00+00:00, run_after=2024-09-09T00:00:00+00:00
[2024-09-08T01:52:09.377+0000] {processor.py:179} INFO - Processing /opt/airflow/dags/reddit_dag.py took 0.355 seconds
[2024-09-08T01:52:39.774+0000] {processor.py:157} INFO - Started process (PID=4715) to work on /opt/airflow/dags/reddit_dag.py
[2024-09-08T01:52:39.776+0000] {processor.py:829} INFO - Processing file /opt/airflow/dags/reddit_dag.py for tasks to queue
[2024-09-08T01:52:39.779+0000] {logging_mixin.py:151} INFO - [2024-09-08T01:52:39.778+0000] {dagbag.py:536} INFO - Filling up the DagBag from /opt/airflow/dags/reddit_dag.py
[2024-09-08T01:52:40.093+0000] {processor.py:839} INFO - DAG(s) dict_keys(['elt_reddit_pipeline']) retrieved from /opt/airflow/dags/reddit_dag.py
[2024-09-08T01:52:40.104+0000] {logging_mixin.py:151} INFO - [2024-09-08T01:52:40.104+0000] {dag.py:2941} INFO - Sync 1 DAGs
[2024-09-08T01:52:40.113+0000] {logging_mixin.py:151} INFO - [2024-09-08T01:52:40.113+0000] {dag.py:3722} INFO - Setting next_dagrun for elt_reddit_pipeline to 2024-09-08T00:00:00+00:00, run_after=2024-09-09T00:00:00+00:00
[2024-09-08T01:52:40.121+0000] {processor.py:179} INFO - Processing /opt/airflow/dags/reddit_dag.py took 0.352 seconds
[2024-09-08T01:53:10.308+0000] {processor.py:157} INFO - Started process (PID=4717) to work on /opt/airflow/dags/reddit_dag.py
[2024-09-08T01:53:10.310+0000] {processor.py:829} INFO - Processing file /opt/airflow/dags/reddit_dag.py for tasks to queue
[2024-09-08T01:53:10.313+0000] {logging_mixin.py:151} INFO - [2024-09-08T01:53:10.312+0000] {dagbag.py:536} INFO - Filling up the DagBag from /opt/airflow/dags/reddit_dag.py
[2024-09-08T01:53:10.628+0000] {processor.py:839} INFO - DAG(s) dict_keys(['elt_reddit_pipeline']) retrieved from /opt/airflow/dags/reddit_dag.py
[2024-09-08T01:53:10.639+0000] {logging_mixin.py:151} INFO - [2024-09-08T01:53:10.639+0000] {dag.py:2941} INFO - Sync 1 DAGs
[2024-09-08T01:53:10.649+0000] {logging_mixin.py:151} INFO - [2024-09-08T01:53:10.649+0000] {dag.py:3722} INFO - Setting next_dagrun for elt_reddit_pipeline to 2024-09-08T00:00:00+00:00, run_after=2024-09-09T00:00:00+00:00
[2024-09-08T01:53:10.657+0000] {processor.py:179} INFO - Processing /opt/airflow/dags/reddit_dag.py took 0.355 seconds
[2024-09-08T01:53:40.845+0000] {processor.py:157} INFO - Started process (PID=4719) to work on /opt/airflow/dags/reddit_dag.py
[2024-09-08T01:53:40.847+0000] {processor.py:829} INFO - Processing file /opt/airflow/dags/reddit_dag.py for tasks to queue
[2024-09-08T01:53:40.850+0000] {logging_mixin.py:151} INFO - [2024-09-08T01:53:40.850+0000] {dagbag.py:536} INFO - Filling up the DagBag from /opt/airflow/dags/reddit_dag.py
[2024-09-08T01:53:41.168+0000] {processor.py:839} INFO - DAG(s) dict_keys(['elt_reddit_pipeline']) retrieved from /opt/airflow/dags/reddit_dag.py
[2024-09-08T01:53:41.179+0000] {logging_mixin.py:151} INFO - [2024-09-08T01:53:41.179+0000] {dag.py:2941} INFO - Sync 1 DAGs
[2024-09-08T01:53:41.188+0000] {logging_mixin.py:151} INFO - [2024-09-08T01:53:41.188+0000] {dag.py:3722} INFO - Setting next_dagrun for elt_reddit_pipeline to 2024-09-08T00:00:00+00:00, run_after=2024-09-09T00:00:00+00:00
[2024-09-08T01:53:41.197+0000] {processor.py:179} INFO - Processing /opt/airflow/dags/reddit_dag.py took 0.357 seconds
[2024-09-08T01:54:11.885+0000] {processor.py:157} INFO - Started process (PID=4721) to work on /opt/airflow/dags/reddit_dag.py
[2024-09-08T01:54:11.886+0000] {processor.py:829} INFO - Processing file /opt/airflow/dags/reddit_dag.py for tasks to queue
[2024-09-08T01:54:11.891+0000] {logging_mixin.py:151} INFO - [2024-09-08T01:54:11.890+0000] {dagbag.py:536} INFO - Filling up the DagBag from /opt/airflow/dags/reddit_dag.py
[2024-09-08T01:54:12.209+0000] {processor.py:839} INFO - DAG(s) dict_keys(['elt_reddit_pipeline']) retrieved from /opt/airflow/dags/reddit_dag.py
[2024-09-08T01:54:12.220+0000] {logging_mixin.py:151} INFO - [2024-09-08T01:54:12.220+0000] {dag.py:2941} INFO - Sync 1 DAGs
[2024-09-08T01:54:12.231+0000] {logging_mixin.py:151} INFO - [2024-09-08T01:54:12.230+0000] {dag.py:3722} INFO - Setting next_dagrun for elt_reddit_pipeline to 2024-09-08T00:00:00+00:00, run_after=2024-09-09T00:00:00+00:00
[2024-09-08T01:54:12.238+0000] {processor.py:179} INFO - Processing /opt/airflow/dags/reddit_dag.py took 0.359 seconds
[2024-09-08T01:54:42.394+0000] {processor.py:157} INFO - Started process (PID=4723) to work on /opt/airflow/dags/reddit_dag.py
[2024-09-08T01:54:42.396+0000] {processor.py:829} INFO - Processing file /opt/airflow/dags/reddit_dag.py for tasks to queue
[2024-09-08T01:54:42.399+0000] {logging_mixin.py:151} INFO - [2024-09-08T01:54:42.398+0000] {dagbag.py:536} INFO - Filling up the DagBag from /opt/airflow/dags/reddit_dag.py
[2024-09-08T01:54:42.724+0000] {processor.py:839} INFO - DAG(s) dict_keys(['elt_reddit_pipeline']) retrieved from /opt/airflow/dags/reddit_dag.py
[2024-09-08T01:54:42.735+0000] {logging_mixin.py:151} INFO - [2024-09-08T01:54:42.735+0000] {dag.py:2941} INFO - Sync 1 DAGs
[2024-09-08T01:54:42.745+0000] {logging_mixin.py:151} INFO - [2024-09-08T01:54:42.745+0000] {dag.py:3722} INFO - Setting next_dagrun for elt_reddit_pipeline to 2024-09-08T00:00:00+00:00, run_after=2024-09-09T00:00:00+00:00
[2024-09-08T01:54:42.753+0000] {processor.py:179} INFO - Processing /opt/airflow/dags/reddit_dag.py took 0.364 seconds
[2024-09-08T01:55:13.191+0000] {processor.py:157} INFO - Started process (PID=4725) to work on /opt/airflow/dags/reddit_dag.py
[2024-09-08T01:55:13.193+0000] {processor.py:829} INFO - Processing file /opt/airflow/dags/reddit_dag.py for tasks to queue
[2024-09-08T01:55:13.196+0000] {logging_mixin.py:151} INFO - [2024-09-08T01:55:13.196+0000] {dagbag.py:536} INFO - Filling up the DagBag from /opt/airflow/dags/reddit_dag.py
[2024-09-08T01:55:13.515+0000] {processor.py:839} INFO - DAG(s) dict_keys(['elt_reddit_pipeline']) retrieved from /opt/airflow/dags/reddit_dag.py
[2024-09-08T01:55:13.527+0000] {logging_mixin.py:151} INFO - [2024-09-08T01:55:13.526+0000] {dag.py:2941} INFO - Sync 1 DAGs
[2024-09-08T01:55:13.536+0000] {logging_mixin.py:151} INFO - [2024-09-08T01:55:13.536+0000] {dag.py:3722} INFO - Setting next_dagrun for elt_reddit_pipeline to 2024-09-08T00:00:00+00:00, run_after=2024-09-09T00:00:00+00:00
[2024-09-08T01:55:13.544+0000] {processor.py:179} INFO - Processing /opt/airflow/dags/reddit_dag.py took 0.358 seconds
[2024-09-08T01:55:43.654+0000] {processor.py:157} INFO - Started process (PID=4727) to work on /opt/airflow/dags/reddit_dag.py
[2024-09-08T01:55:43.656+0000] {processor.py:829} INFO - Processing file /opt/airflow/dags/reddit_dag.py for tasks to queue
[2024-09-08T01:55:43.659+0000] {logging_mixin.py:151} INFO - [2024-09-08T01:55:43.659+0000] {dagbag.py:536} INFO - Filling up the DagBag from /opt/airflow/dags/reddit_dag.py
[2024-09-08T01:55:43.972+0000] {processor.py:839} INFO - DAG(s) dict_keys(['elt_reddit_pipeline']) retrieved from /opt/airflow/dags/reddit_dag.py
[2024-09-08T01:55:43.983+0000] {logging_mixin.py:151} INFO - [2024-09-08T01:55:43.983+0000] {dag.py:2941} INFO - Sync 1 DAGs
[2024-09-08T01:55:43.993+0000] {logging_mixin.py:151} INFO - [2024-09-08T01:55:43.993+0000] {dag.py:3722} INFO - Setting next_dagrun for elt_reddit_pipeline to 2024-09-08T00:00:00+00:00, run_after=2024-09-09T00:00:00+00:00
[2024-09-08T01:55:44.002+0000] {processor.py:179} INFO - Processing /opt/airflow/dags/reddit_dag.py took 0.353 seconds
[2024-09-08T01:56:14.529+0000] {processor.py:157} INFO - Started process (PID=4729) to work on /opt/airflow/dags/reddit_dag.py
[2024-09-08T01:56:14.530+0000] {processor.py:829} INFO - Processing file /opt/airflow/dags/reddit_dag.py for tasks to queue
[2024-09-08T01:56:14.533+0000] {logging_mixin.py:151} INFO - [2024-09-08T01:56:14.533+0000] {dagbag.py:536} INFO - Filling up the DagBag from /opt/airflow/dags/reddit_dag.py
[2024-09-08T01:56:14.851+0000] {processor.py:839} INFO - DAG(s) dict_keys(['elt_reddit_pipeline']) retrieved from /opt/airflow/dags/reddit_dag.py
[2024-09-08T01:56:14.863+0000] {logging_mixin.py:151} INFO - [2024-09-08T01:56:14.863+0000] {dag.py:2941} INFO - Sync 1 DAGs
[2024-09-08T01:56:14.873+0000] {logging_mixin.py:151} INFO - [2024-09-08T01:56:14.872+0000] {dag.py:3722} INFO - Setting next_dagrun for elt_reddit_pipeline to 2024-09-08T00:00:00+00:00, run_after=2024-09-09T00:00:00+00:00
[2024-09-08T01:56:14.881+0000] {processor.py:179} INFO - Processing /opt/airflow/dags/reddit_dag.py took 0.357 seconds
[2024-09-08T01:56:44.987+0000] {processor.py:157} INFO - Started process (PID=4731) to work on /opt/airflow/dags/reddit_dag.py
[2024-09-08T01:56:44.989+0000] {processor.py:829} INFO - Processing file /opt/airflow/dags/reddit_dag.py for tasks to queue
[2024-09-08T01:56:44.991+0000] {logging_mixin.py:151} INFO - [2024-09-08T01:56:44.991+0000] {dagbag.py:536} INFO - Filling up the DagBag from /opt/airflow/dags/reddit_dag.py
[2024-09-08T01:56:45.310+0000] {processor.py:839} INFO - DAG(s) dict_keys(['elt_reddit_pipeline']) retrieved from /opt/airflow/dags/reddit_dag.py
[2024-09-08T01:56:45.321+0000] {logging_mixin.py:151} INFO - [2024-09-08T01:56:45.321+0000] {dag.py:2941} INFO - Sync 1 DAGs
[2024-09-08T01:56:45.331+0000] {logging_mixin.py:151} INFO - [2024-09-08T01:56:45.331+0000] {dag.py:3722} INFO - Setting next_dagrun for elt_reddit_pipeline to 2024-09-08T00:00:00+00:00, run_after=2024-09-09T00:00:00+00:00
[2024-09-08T01:56:45.339+0000] {processor.py:179} INFO - Processing /opt/airflow/dags/reddit_dag.py took 0.357 seconds
[2024-09-08T01:57:15.814+0000] {processor.py:157} INFO - Started process (PID=4733) to work on /opt/airflow/dags/reddit_dag.py
[2024-09-08T01:57:15.815+0000] {processor.py:829} INFO - Processing file /opt/airflow/dags/reddit_dag.py for tasks to queue
[2024-09-08T01:57:15.819+0000] {logging_mixin.py:151} INFO - [2024-09-08T01:57:15.818+0000] {dagbag.py:536} INFO - Filling up the DagBag from /opt/airflow/dags/reddit_dag.py
[2024-09-08T01:57:16.137+0000] {processor.py:839} INFO - DAG(s) dict_keys(['elt_reddit_pipeline']) retrieved from /opt/airflow/dags/reddit_dag.py
[2024-09-08T01:57:16.148+0000] {logging_mixin.py:151} INFO - [2024-09-08T01:57:16.148+0000] {dag.py:2941} INFO - Sync 1 DAGs
[2024-09-08T01:57:16.158+0000] {logging_mixin.py:151} INFO - [2024-09-08T01:57:16.158+0000] {dag.py:3722} INFO - Setting next_dagrun for elt_reddit_pipeline to 2024-09-08T00:00:00+00:00, run_after=2024-09-09T00:00:00+00:00
[2024-09-08T01:57:16.166+0000] {processor.py:179} INFO - Processing /opt/airflow/dags/reddit_dag.py took 0.357 seconds
[2024-09-08T01:57:46.364+0000] {processor.py:157} INFO - Started process (PID=4735) to work on /opt/airflow/dags/reddit_dag.py
[2024-09-08T01:57:46.366+0000] {processor.py:829} INFO - Processing file /opt/airflow/dags/reddit_dag.py for tasks to queue
[2024-09-08T01:57:46.370+0000] {logging_mixin.py:151} INFO - [2024-09-08T01:57:46.370+0000] {dagbag.py:536} INFO - Filling up the DagBag from /opt/airflow/dags/reddit_dag.py
[2024-09-08T01:57:46.691+0000] {processor.py:839} INFO - DAG(s) dict_keys(['elt_reddit_pipeline']) retrieved from /opt/airflow/dags/reddit_dag.py
[2024-09-08T01:57:46.701+0000] {logging_mixin.py:151} INFO - [2024-09-08T01:57:46.701+0000] {dag.py:2941} INFO - Sync 1 DAGs
[2024-09-08T01:57:46.711+0000] {logging_mixin.py:151} INFO - [2024-09-08T01:57:46.711+0000] {dag.py:3722} INFO - Setting next_dagrun for elt_reddit_pipeline to 2024-09-08T00:00:00+00:00, run_after=2024-09-09T00:00:00+00:00
[2024-09-08T01:57:46.719+0000] {processor.py:179} INFO - Processing /opt/airflow/dags/reddit_dag.py took 0.361 seconds
[2024-09-08T01:58:17.194+0000] {processor.py:157} INFO - Started process (PID=4737) to work on /opt/airflow/dags/reddit_dag.py
[2024-09-08T01:58:17.195+0000] {processor.py:829} INFO - Processing file /opt/airflow/dags/reddit_dag.py for tasks to queue
[2024-09-08T01:58:17.199+0000] {logging_mixin.py:151} INFO - [2024-09-08T01:58:17.199+0000] {dagbag.py:536} INFO - Filling up the DagBag from /opt/airflow/dags/reddit_dag.py
[2024-09-08T01:58:17.523+0000] {processor.py:839} INFO - DAG(s) dict_keys(['elt_reddit_pipeline']) retrieved from /opt/airflow/dags/reddit_dag.py
[2024-09-08T01:58:17.536+0000] {logging_mixin.py:151} INFO - [2024-09-08T01:58:17.535+0000] {dag.py:2941} INFO - Sync 1 DAGs
[2024-09-08T01:58:17.545+0000] {logging_mixin.py:151} INFO - [2024-09-08T01:58:17.545+0000] {dag.py:3722} INFO - Setting next_dagrun for elt_reddit_pipeline to 2024-09-08T00:00:00+00:00, run_after=2024-09-09T00:00:00+00:00
[2024-09-08T01:58:17.554+0000] {processor.py:179} INFO - Processing /opt/airflow/dags/reddit_dag.py took 0.365 seconds
[2024-09-08T01:58:47.726+0000] {processor.py:157} INFO - Started process (PID=4739) to work on /opt/airflow/dags/reddit_dag.py
[2024-09-08T01:58:47.727+0000] {processor.py:829} INFO - Processing file /opt/airflow/dags/reddit_dag.py for tasks to queue
[2024-09-08T01:58:47.731+0000] {logging_mixin.py:151} INFO - [2024-09-08T01:58:47.731+0000] {dagbag.py:536} INFO - Filling up the DagBag from /opt/airflow/dags/reddit_dag.py
[2024-09-08T01:58:48.040+0000] {processor.py:839} INFO - DAG(s) dict_keys(['elt_reddit_pipeline']) retrieved from /opt/airflow/dags/reddit_dag.py
[2024-09-08T01:58:48.050+0000] {logging_mixin.py:151} INFO - [2024-09-08T01:58:48.050+0000] {dag.py:2941} INFO - Sync 1 DAGs
[2024-09-08T01:58:48.060+0000] {logging_mixin.py:151} INFO - [2024-09-08T01:58:48.060+0000] {dag.py:3722} INFO - Setting next_dagrun for elt_reddit_pipeline to 2024-09-08T00:00:00+00:00, run_after=2024-09-09T00:00:00+00:00
[2024-09-08T01:58:48.068+0000] {processor.py:179} INFO - Processing /opt/airflow/dags/reddit_dag.py took 0.347 seconds
[2024-09-08T01:59:18.576+0000] {processor.py:157} INFO - Started process (PID=4741) to work on /opt/airflow/dags/reddit_dag.py
[2024-09-08T01:59:18.578+0000] {processor.py:829} INFO - Processing file /opt/airflow/dags/reddit_dag.py for tasks to queue
[2024-09-08T01:59:18.581+0000] {logging_mixin.py:151} INFO - [2024-09-08T01:59:18.581+0000] {dagbag.py:536} INFO - Filling up the DagBag from /opt/airflow/dags/reddit_dag.py
[2024-09-08T01:59:18.898+0000] {processor.py:839} INFO - DAG(s) dict_keys(['elt_reddit_pipeline']) retrieved from /opt/airflow/dags/reddit_dag.py
[2024-09-08T01:59:18.909+0000] {logging_mixin.py:151} INFO - [2024-09-08T01:59:18.909+0000] {dag.py:2941} INFO - Sync 1 DAGs
[2024-09-08T01:59:18.918+0000] {logging_mixin.py:151} INFO - [2024-09-08T01:59:18.918+0000] {dag.py:3722} INFO - Setting next_dagrun for elt_reddit_pipeline to 2024-09-08T00:00:00+00:00, run_after=2024-09-09T00:00:00+00:00
[2024-09-08T01:59:18.926+0000] {processor.py:179} INFO - Processing /opt/airflow/dags/reddit_dag.py took 0.356 seconds
[2024-09-08T01:59:49.421+0000] {processor.py:157} INFO - Started process (PID=4743) to work on /opt/airflow/dags/reddit_dag.py
[2024-09-08T01:59:49.422+0000] {processor.py:829} INFO - Processing file /opt/airflow/dags/reddit_dag.py for tasks to queue
[2024-09-08T01:59:49.424+0000] {logging_mixin.py:151} INFO - [2024-09-08T01:59:49.424+0000] {dagbag.py:536} INFO - Filling up the DagBag from /opt/airflow/dags/reddit_dag.py
[2024-09-08T01:59:49.760+0000] {processor.py:839} INFO - DAG(s) dict_keys(['elt_reddit_pipeline']) retrieved from /opt/airflow/dags/reddit_dag.py
[2024-09-08T01:59:49.771+0000] {logging_mixin.py:151} INFO - [2024-09-08T01:59:49.770+0000] {dag.py:2941} INFO - Sync 1 DAGs
[2024-09-08T01:59:49.781+0000] {logging_mixin.py:151} INFO - [2024-09-08T01:59:49.781+0000] {dag.py:3722} INFO - Setting next_dagrun for elt_reddit_pipeline to 2024-09-08T00:00:00+00:00, run_after=2024-09-09T00:00:00+00:00
[2024-09-08T01:59:49.789+0000] {processor.py:179} INFO - Processing /opt/airflow/dags/reddit_dag.py took 0.382 seconds
[2024-09-08T02:00:19.948+0000] {processor.py:157} INFO - Started process (PID=4745) to work on /opt/airflow/dags/reddit_dag.py
[2024-09-08T02:00:19.950+0000] {processor.py:829} INFO - Processing file /opt/airflow/dags/reddit_dag.py for tasks to queue
[2024-09-08T02:00:19.953+0000] {logging_mixin.py:151} INFO - [2024-09-08T02:00:19.953+0000] {dagbag.py:536} INFO - Filling up the DagBag from /opt/airflow/dags/reddit_dag.py
[2024-09-08T02:00:20.273+0000] {processor.py:839} INFO - DAG(s) dict_keys(['elt_reddit_pipeline']) retrieved from /opt/airflow/dags/reddit_dag.py
[2024-09-08T02:00:20.284+0000] {logging_mixin.py:151} INFO - [2024-09-08T02:00:20.284+0000] {dag.py:2941} INFO - Sync 1 DAGs
[2024-09-08T02:00:20.294+0000] {logging_mixin.py:151} INFO - [2024-09-08T02:00:20.294+0000] {dag.py:3722} INFO - Setting next_dagrun for elt_reddit_pipeline to 2024-09-08T00:00:00+00:00, run_after=2024-09-09T00:00:00+00:00
[2024-09-08T02:00:20.303+0000] {processor.py:179} INFO - Processing /opt/airflow/dags/reddit_dag.py took 0.361 seconds
[2024-09-08T02:00:50.811+0000] {processor.py:157} INFO - Started process (PID=4747) to work on /opt/airflow/dags/reddit_dag.py
[2024-09-08T02:00:50.812+0000] {processor.py:829} INFO - Processing file /opt/airflow/dags/reddit_dag.py for tasks to queue
[2024-09-08T02:00:50.815+0000] {logging_mixin.py:151} INFO - [2024-09-08T02:00:50.815+0000] {dagbag.py:536} INFO - Filling up the DagBag from /opt/airflow/dags/reddit_dag.py
[2024-09-08T02:00:51.133+0000] {processor.py:839} INFO - DAG(s) dict_keys(['elt_reddit_pipeline']) retrieved from /opt/airflow/dags/reddit_dag.py
[2024-09-08T02:00:51.145+0000] {logging_mixin.py:151} INFO - [2024-09-08T02:00:51.144+0000] {dag.py:2941} INFO - Sync 1 DAGs
[2024-09-08T02:00:51.154+0000] {logging_mixin.py:151} INFO - [2024-09-08T02:00:51.154+0000] {dag.py:3722} INFO - Setting next_dagrun for elt_reddit_pipeline to 2024-09-08T00:00:00+00:00, run_after=2024-09-09T00:00:00+00:00
[2024-09-08T02:00:51.162+0000] {processor.py:179} INFO - Processing /opt/airflow/dags/reddit_dag.py took 0.357 seconds
[2024-09-08T02:01:21.339+0000] {processor.py:157} INFO - Started process (PID=4749) to work on /opt/airflow/dags/reddit_dag.py
[2024-09-08T02:01:21.340+0000] {processor.py:829} INFO - Processing file /opt/airflow/dags/reddit_dag.py for tasks to queue
[2024-09-08T02:01:21.344+0000] {logging_mixin.py:151} INFO - [2024-09-08T02:01:21.344+0000] {dagbag.py:536} INFO - Filling up the DagBag from /opt/airflow/dags/reddit_dag.py
[2024-09-08T02:01:21.661+0000] {processor.py:839} INFO - DAG(s) dict_keys(['elt_reddit_pipeline']) retrieved from /opt/airflow/dags/reddit_dag.py
[2024-09-08T02:01:21.672+0000] {logging_mixin.py:151} INFO - [2024-09-08T02:01:21.672+0000] {dag.py:2941} INFO - Sync 1 DAGs
[2024-09-08T02:01:21.681+0000] {logging_mixin.py:151} INFO - [2024-09-08T02:01:21.681+0000] {dag.py:3722} INFO - Setting next_dagrun for elt_reddit_pipeline to 2024-09-08T00:00:00+00:00, run_after=2024-09-09T00:00:00+00:00
[2024-09-08T02:01:21.689+0000] {processor.py:179} INFO - Processing /opt/airflow/dags/reddit_dag.py took 0.356 seconds
[2024-09-08T02:01:52.161+0000] {processor.py:157} INFO - Started process (PID=4751) to work on /opt/airflow/dags/reddit_dag.py
[2024-09-08T02:01:52.163+0000] {processor.py:829} INFO - Processing file /opt/airflow/dags/reddit_dag.py for tasks to queue
[2024-09-08T02:01:52.167+0000] {logging_mixin.py:151} INFO - [2024-09-08T02:01:52.167+0000] {dagbag.py:536} INFO - Filling up the DagBag from /opt/airflow/dags/reddit_dag.py
[2024-09-08T02:01:52.487+0000] {processor.py:839} INFO - DAG(s) dict_keys(['elt_reddit_pipeline']) retrieved from /opt/airflow/dags/reddit_dag.py
[2024-09-08T02:01:52.497+0000] {logging_mixin.py:151} INFO - [2024-09-08T02:01:52.497+0000] {dag.py:2941} INFO - Sync 1 DAGs
[2024-09-08T02:01:52.507+0000] {logging_mixin.py:151} INFO - [2024-09-08T02:01:52.507+0000] {dag.py:3722} INFO - Setting next_dagrun for elt_reddit_pipeline to 2024-09-08T00:00:00+00:00, run_after=2024-09-09T00:00:00+00:00
[2024-09-08T02:01:52.515+0000] {processor.py:179} INFO - Processing /opt/airflow/dags/reddit_dag.py took 0.359 seconds
[2024-09-08T02:02:22.657+0000] {processor.py:157} INFO - Started process (PID=4753) to work on /opt/airflow/dags/reddit_dag.py
[2024-09-08T02:02:22.659+0000] {processor.py:829} INFO - Processing file /opt/airflow/dags/reddit_dag.py for tasks to queue
[2024-09-08T02:02:22.663+0000] {logging_mixin.py:151} INFO - [2024-09-08T02:02:22.662+0000] {dagbag.py:536} INFO - Filling up the DagBag from /opt/airflow/dags/reddit_dag.py
[2024-09-08T02:02:22.976+0000] {processor.py:839} INFO - DAG(s) dict_keys(['elt_reddit_pipeline']) retrieved from /opt/airflow/dags/reddit_dag.py
[2024-09-08T02:02:22.988+0000] {logging_mixin.py:151} INFO - [2024-09-08T02:02:22.987+0000] {dag.py:2941} INFO - Sync 1 DAGs
[2024-09-08T02:02:22.997+0000] {logging_mixin.py:151} INFO - [2024-09-08T02:02:22.997+0000] {dag.py:3722} INFO - Setting next_dagrun for elt_reddit_pipeline to 2024-09-08T00:00:00+00:00, run_after=2024-09-09T00:00:00+00:00
[2024-09-08T02:02:23.006+0000] {processor.py:179} INFO - Processing /opt/airflow/dags/reddit_dag.py took 0.354 seconds
[2024-09-08T02:02:53.503+0000] {processor.py:157} INFO - Started process (PID=4755) to work on /opt/airflow/dags/reddit_dag.py
[2024-09-08T02:02:53.505+0000] {processor.py:829} INFO - Processing file /opt/airflow/dags/reddit_dag.py for tasks to queue
[2024-09-08T02:02:53.509+0000] {logging_mixin.py:151} INFO - [2024-09-08T02:02:53.508+0000] {dagbag.py:536} INFO - Filling up the DagBag from /opt/airflow/dags/reddit_dag.py
[2024-09-08T02:02:53.825+0000] {processor.py:839} INFO - DAG(s) dict_keys(['elt_reddit_pipeline']) retrieved from /opt/airflow/dags/reddit_dag.py
[2024-09-08T02:02:53.835+0000] {logging_mixin.py:151} INFO - [2024-09-08T02:02:53.835+0000] {dag.py:2941} INFO - Sync 1 DAGs
[2024-09-08T02:02:53.846+0000] {logging_mixin.py:151} INFO - [2024-09-08T02:02:53.845+0000] {dag.py:3722} INFO - Setting next_dagrun for elt_reddit_pipeline to 2024-09-08T00:00:00+00:00, run_after=2024-09-09T00:00:00+00:00
[2024-09-08T02:02:53.854+0000] {processor.py:179} INFO - Processing /opt/airflow/dags/reddit_dag.py took 0.355 seconds
[2024-09-08T02:03:24.017+0000] {processor.py:157} INFO - Started process (PID=4757) to work on /opt/airflow/dags/reddit_dag.py
[2024-09-08T02:03:24.019+0000] {processor.py:829} INFO - Processing file /opt/airflow/dags/reddit_dag.py for tasks to queue
[2024-09-08T02:03:24.022+0000] {logging_mixin.py:151} INFO - [2024-09-08T02:03:24.021+0000] {dagbag.py:536} INFO - Filling up the DagBag from /opt/airflow/dags/reddit_dag.py
[2024-09-08T02:03:24.345+0000] {processor.py:839} INFO - DAG(s) dict_keys(['elt_reddit_pipeline']) retrieved from /opt/airflow/dags/reddit_dag.py
[2024-09-08T02:03:24.355+0000] {logging_mixin.py:151} INFO - [2024-09-08T02:03:24.355+0000] {dag.py:2941} INFO - Sync 1 DAGs
[2024-09-08T02:03:24.365+0000] {logging_mixin.py:151} INFO - [2024-09-08T02:03:24.365+0000] {dag.py:3722} INFO - Setting next_dagrun for elt_reddit_pipeline to 2024-09-08T00:00:00+00:00, run_after=2024-09-09T00:00:00+00:00
[2024-09-08T02:03:24.373+0000] {processor.py:179} INFO - Processing /opt/airflow/dags/reddit_dag.py took 0.362 seconds
[2024-09-08T02:03:54.800+0000] {processor.py:157} INFO - Started process (PID=4759) to work on /opt/airflow/dags/reddit_dag.py
[2024-09-08T02:03:54.802+0000] {processor.py:829} INFO - Processing file /opt/airflow/dags/reddit_dag.py for tasks to queue
[2024-09-08T02:03:54.805+0000] {logging_mixin.py:151} INFO - [2024-09-08T02:03:54.805+0000] {dagbag.py:536} INFO - Filling up the DagBag from /opt/airflow/dags/reddit_dag.py
[2024-09-08T02:03:55.131+0000] {processor.py:839} INFO - DAG(s) dict_keys(['elt_reddit_pipeline']) retrieved from /opt/airflow/dags/reddit_dag.py
[2024-09-08T02:03:55.146+0000] {logging_mixin.py:151} INFO - [2024-09-08T02:03:55.145+0000] {dag.py:2941} INFO - Sync 1 DAGs
[2024-09-08T02:03:55.160+0000] {logging_mixin.py:151} INFO - [2024-09-08T02:03:55.159+0000] {dag.py:3722} INFO - Setting next_dagrun for elt_reddit_pipeline to 2024-09-08T00:00:00+00:00, run_after=2024-09-09T00:00:00+00:00
[2024-09-08T02:03:55.170+0000] {processor.py:179} INFO - Processing /opt/airflow/dags/reddit_dag.py took 0.375 seconds
[2024-09-08T02:04:25.341+0000] {processor.py:157} INFO - Started process (PID=4761) to work on /opt/airflow/dags/reddit_dag.py
[2024-09-08T02:04:25.342+0000] {processor.py:829} INFO - Processing file /opt/airflow/dags/reddit_dag.py for tasks to queue
[2024-09-08T02:04:25.345+0000] {logging_mixin.py:151} INFO - [2024-09-08T02:04:25.345+0000] {dagbag.py:536} INFO - Filling up the DagBag from /opt/airflow/dags/reddit_dag.py
[2024-09-08T02:04:25.670+0000] {processor.py:839} INFO - DAG(s) dict_keys(['elt_reddit_pipeline']) retrieved from /opt/airflow/dags/reddit_dag.py
[2024-09-08T02:04:25.682+0000] {logging_mixin.py:151} INFO - [2024-09-08T02:04:25.681+0000] {dag.py:2941} INFO - Sync 1 DAGs
[2024-09-08T02:04:25.691+0000] {logging_mixin.py:151} INFO - [2024-09-08T02:04:25.691+0000] {dag.py:3722} INFO - Setting next_dagrun for elt_reddit_pipeline to 2024-09-08T00:00:00+00:00, run_after=2024-09-09T00:00:00+00:00
[2024-09-08T02:04:25.699+0000] {processor.py:179} INFO - Processing /opt/airflow/dags/reddit_dag.py took 0.364 seconds
[2024-09-08T02:04:56.194+0000] {processor.py:157} INFO - Started process (PID=4763) to work on /opt/airflow/dags/reddit_dag.py
[2024-09-08T02:04:56.195+0000] {processor.py:829} INFO - Processing file /opt/airflow/dags/reddit_dag.py for tasks to queue
[2024-09-08T02:04:56.199+0000] {logging_mixin.py:151} INFO - [2024-09-08T02:04:56.199+0000] {dagbag.py:536} INFO - Filling up the DagBag from /opt/airflow/dags/reddit_dag.py
[2024-09-08T02:04:56.517+0000] {processor.py:839} INFO - DAG(s) dict_keys(['elt_reddit_pipeline']) retrieved from /opt/airflow/dags/reddit_dag.py
[2024-09-08T02:04:56.529+0000] {logging_mixin.py:151} INFO - [2024-09-08T02:04:56.528+0000] {dag.py:2941} INFO - Sync 1 DAGs
[2024-09-08T02:04:56.538+0000] {logging_mixin.py:151} INFO - [2024-09-08T02:04:56.538+0000] {dag.py:3722} INFO - Setting next_dagrun for elt_reddit_pipeline to 2024-09-08T00:00:00+00:00, run_after=2024-09-09T00:00:00+00:00
[2024-09-08T02:04:56.546+0000] {processor.py:179} INFO - Processing /opt/airflow/dags/reddit_dag.py took 0.358 seconds
[2024-09-08T02:05:26.732+0000] {processor.py:157} INFO - Started process (PID=4765) to work on /opt/airflow/dags/reddit_dag.py
[2024-09-08T02:05:26.734+0000] {processor.py:829} INFO - Processing file /opt/airflow/dags/reddit_dag.py for tasks to queue
[2024-09-08T02:05:26.737+0000] {logging_mixin.py:151} INFO - [2024-09-08T02:05:26.737+0000] {dagbag.py:536} INFO - Filling up the DagBag from /opt/airflow/dags/reddit_dag.py
[2024-09-08T02:05:27.054+0000] {processor.py:839} INFO - DAG(s) dict_keys(['elt_reddit_pipeline']) retrieved from /opt/airflow/dags/reddit_dag.py
[2024-09-08T02:05:27.065+0000] {logging_mixin.py:151} INFO - [2024-09-08T02:05:27.064+0000] {dag.py:2941} INFO - Sync 1 DAGs
[2024-09-08T02:05:27.075+0000] {logging_mixin.py:151} INFO - [2024-09-08T02:05:27.075+0000] {dag.py:3722} INFO - Setting next_dagrun for elt_reddit_pipeline to 2024-09-08T00:00:00+00:00, run_after=2024-09-09T00:00:00+00:00
[2024-09-08T02:05:27.083+0000] {processor.py:179} INFO - Processing /opt/airflow/dags/reddit_dag.py took 0.357 seconds
[2024-09-08T02:05:57.555+0000] {processor.py:157} INFO - Started process (PID=4767) to work on /opt/airflow/dags/reddit_dag.py
[2024-09-08T02:05:57.557+0000] {processor.py:829} INFO - Processing file /opt/airflow/dags/reddit_dag.py for tasks to queue
[2024-09-08T02:05:57.560+0000] {logging_mixin.py:151} INFO - [2024-09-08T02:05:57.560+0000] {dagbag.py:536} INFO - Filling up the DagBag from /opt/airflow/dags/reddit_dag.py
[2024-09-08T02:05:57.872+0000] {processor.py:839} INFO - DAG(s) dict_keys(['elt_reddit_pipeline']) retrieved from /opt/airflow/dags/reddit_dag.py
[2024-09-08T02:05:57.883+0000] {logging_mixin.py:151} INFO - [2024-09-08T02:05:57.883+0000] {dag.py:2941} INFO - Sync 1 DAGs
[2024-09-08T02:05:57.893+0000] {logging_mixin.py:151} INFO - [2024-09-08T02:05:57.893+0000] {dag.py:3722} INFO - Setting next_dagrun for elt_reddit_pipeline to 2024-09-08T00:00:00+00:00, run_after=2024-09-09T00:00:00+00:00
[2024-09-08T02:05:57.901+0000] {processor.py:179} INFO - Processing /opt/airflow/dags/reddit_dag.py took 0.350 seconds
[2024-09-08T02:06:28.121+0000] {processor.py:157} INFO - Started process (PID=4769) to work on /opt/airflow/dags/reddit_dag.py
[2024-09-08T02:06:28.123+0000] {processor.py:829} INFO - Processing file /opt/airflow/dags/reddit_dag.py for tasks to queue
[2024-09-08T02:06:28.126+0000] {logging_mixin.py:151} INFO - [2024-09-08T02:06:28.126+0000] {dagbag.py:536} INFO - Filling up the DagBag from /opt/airflow/dags/reddit_dag.py
[2024-09-08T02:06:28.445+0000] {processor.py:839} INFO - DAG(s) dict_keys(['elt_reddit_pipeline']) retrieved from /opt/airflow/dags/reddit_dag.py
[2024-09-08T02:06:28.457+0000] {logging_mixin.py:151} INFO - [2024-09-08T02:06:28.456+0000] {dag.py:2941} INFO - Sync 1 DAGs
[2024-09-08T02:06:28.467+0000] {logging_mixin.py:151} INFO - [2024-09-08T02:06:28.467+0000] {dag.py:3722} INFO - Setting next_dagrun for elt_reddit_pipeline to 2024-09-08T00:00:00+00:00, run_after=2024-09-09T00:00:00+00:00
[2024-09-08T02:06:28.476+0000] {processor.py:179} INFO - Processing /opt/airflow/dags/reddit_dag.py took 0.360 seconds
[2024-09-08T02:06:58.890+0000] {processor.py:157} INFO - Started process (PID=4771) to work on /opt/airflow/dags/reddit_dag.py
[2024-09-08T02:06:58.891+0000] {processor.py:829} INFO - Processing file /opt/airflow/dags/reddit_dag.py for tasks to queue
[2024-09-08T02:06:58.894+0000] {logging_mixin.py:151} INFO - [2024-09-08T02:06:58.893+0000] {dagbag.py:536} INFO - Filling up the DagBag from /opt/airflow/dags/reddit_dag.py
[2024-09-08T02:06:59.200+0000] {processor.py:839} INFO - DAG(s) dict_keys(['elt_reddit_pipeline']) retrieved from /opt/airflow/dags/reddit_dag.py
[2024-09-08T02:06:59.212+0000] {logging_mixin.py:151} INFO - [2024-09-08T02:06:59.212+0000] {dag.py:2941} INFO - Sync 1 DAGs
[2024-09-08T02:06:59.222+0000] {logging_mixin.py:151} INFO - [2024-09-08T02:06:59.221+0000] {dag.py:3722} INFO - Setting next_dagrun for elt_reddit_pipeline to 2024-09-08T00:00:00+00:00, run_after=2024-09-09T00:00:00+00:00
[2024-09-08T02:06:59.229+0000] {processor.py:179} INFO - Processing /opt/airflow/dags/reddit_dag.py took 0.343 seconds
[2024-09-08T02:07:29.366+0000] {processor.py:157} INFO - Started process (PID=4773) to work on /opt/airflow/dags/reddit_dag.py
[2024-09-08T02:07:29.367+0000] {processor.py:829} INFO - Processing file /opt/airflow/dags/reddit_dag.py for tasks to queue
[2024-09-08T02:07:29.370+0000] {logging_mixin.py:151} INFO - [2024-09-08T02:07:29.370+0000] {dagbag.py:536} INFO - Filling up the DagBag from /opt/airflow/dags/reddit_dag.py
[2024-09-08T02:07:29.684+0000] {processor.py:839} INFO - DAG(s) dict_keys(['elt_reddit_pipeline']) retrieved from /opt/airflow/dags/reddit_dag.py
[2024-09-08T02:07:29.695+0000] {logging_mixin.py:151} INFO - [2024-09-08T02:07:29.694+0000] {dag.py:2941} INFO - Sync 1 DAGs
[2024-09-08T02:07:29.704+0000] {logging_mixin.py:151} INFO - [2024-09-08T02:07:29.704+0000] {dag.py:3722} INFO - Setting next_dagrun for elt_reddit_pipeline to 2024-09-08T00:00:00+00:00, run_after=2024-09-09T00:00:00+00:00
[2024-09-08T02:07:29.711+0000] {processor.py:179} INFO - Processing /opt/airflow/dags/reddit_dag.py took 0.351 seconds
[2024-09-08T02:08:00.176+0000] {processor.py:157} INFO - Started process (PID=4775) to work on /opt/airflow/dags/reddit_dag.py
[2024-09-08T02:08:00.177+0000] {processor.py:829} INFO - Processing file /opt/airflow/dags/reddit_dag.py for tasks to queue
[2024-09-08T02:08:00.180+0000] {logging_mixin.py:151} INFO - [2024-09-08T02:08:00.180+0000] {dagbag.py:536} INFO - Filling up the DagBag from /opt/airflow/dags/reddit_dag.py
[2024-09-08T02:08:00.495+0000] {processor.py:839} INFO - DAG(s) dict_keys(['elt_reddit_pipeline']) retrieved from /opt/airflow/dags/reddit_dag.py
[2024-09-08T02:08:00.506+0000] {logging_mixin.py:151} INFO - [2024-09-08T02:08:00.506+0000] {dag.py:2941} INFO - Sync 1 DAGs
[2024-09-08T02:08:00.516+0000] {logging_mixin.py:151} INFO - [2024-09-08T02:08:00.516+0000] {dag.py:3722} INFO - Setting next_dagrun for elt_reddit_pipeline to 2024-09-08T00:00:00+00:00, run_after=2024-09-09T00:00:00+00:00
[2024-09-08T02:08:00.525+0000] {processor.py:179} INFO - Processing /opt/airflow/dags/reddit_dag.py took 0.354 seconds
[2024-09-08T02:08:30.694+0000] {processor.py:157} INFO - Started process (PID=4777) to work on /opt/airflow/dags/reddit_dag.py
[2024-09-08T02:08:30.696+0000] {processor.py:829} INFO - Processing file /opt/airflow/dags/reddit_dag.py for tasks to queue
[2024-09-08T02:08:30.699+0000] {logging_mixin.py:151} INFO - [2024-09-08T02:08:30.698+0000] {dagbag.py:536} INFO - Filling up the DagBag from /opt/airflow/dags/reddit_dag.py
[2024-09-08T02:08:31.021+0000] {processor.py:839} INFO - DAG(s) dict_keys(['elt_reddit_pipeline']) retrieved from /opt/airflow/dags/reddit_dag.py
[2024-09-08T02:08:31.033+0000] {logging_mixin.py:151} INFO - [2024-09-08T02:08:31.032+0000] {dag.py:2941} INFO - Sync 1 DAGs
[2024-09-08T02:08:31.043+0000] {logging_mixin.py:151} INFO - [2024-09-08T02:08:31.043+0000] {dag.py:3722} INFO - Setting next_dagrun for elt_reddit_pipeline to 2024-09-08T00:00:00+00:00, run_after=2024-09-09T00:00:00+00:00
[2024-09-08T02:08:31.050+0000] {processor.py:179} INFO - Processing /opt/airflow/dags/reddit_dag.py took 0.362 seconds
[2024-09-08T02:09:01.655+0000] {processor.py:157} INFO - Started process (PID=4779) to work on /opt/airflow/dags/reddit_dag.py
[2024-09-08T02:09:01.657+0000] {processor.py:829} INFO - Processing file /opt/airflow/dags/reddit_dag.py for tasks to queue
[2024-09-08T02:09:01.661+0000] {logging_mixin.py:151} INFO - [2024-09-08T02:09:01.661+0000] {dagbag.py:536} INFO - Filling up the DagBag from /opt/airflow/dags/reddit_dag.py
[2024-09-08T02:09:01.977+0000] {processor.py:839} INFO - DAG(s) dict_keys(['elt_reddit_pipeline']) retrieved from /opt/airflow/dags/reddit_dag.py
[2024-09-08T02:09:01.988+0000] {logging_mixin.py:151} INFO - [2024-09-08T02:09:01.988+0000] {dag.py:2941} INFO - Sync 1 DAGs
[2024-09-08T02:09:01.998+0000] {logging_mixin.py:151} INFO - [2024-09-08T02:09:01.998+0000] {dag.py:3722} INFO - Setting next_dagrun for elt_reddit_pipeline to 2024-09-08T00:00:00+00:00, run_after=2024-09-09T00:00:00+00:00
[2024-09-08T02:09:02.006+0000] {processor.py:179} INFO - Processing /opt/airflow/dags/reddit_dag.py took 0.356 seconds
[2024-09-08T02:09:32.174+0000] {processor.py:157} INFO - Started process (PID=4781) to work on /opt/airflow/dags/reddit_dag.py
[2024-09-08T02:09:32.176+0000] {processor.py:829} INFO - Processing file /opt/airflow/dags/reddit_dag.py for tasks to queue
[2024-09-08T02:09:32.178+0000] {logging_mixin.py:151} INFO - [2024-09-08T02:09:32.178+0000] {dagbag.py:536} INFO - Filling up the DagBag from /opt/airflow/dags/reddit_dag.py
[2024-09-08T02:09:32.492+0000] {processor.py:839} INFO - DAG(s) dict_keys(['elt_reddit_pipeline']) retrieved from /opt/airflow/dags/reddit_dag.py
[2024-09-08T02:09:32.504+0000] {logging_mixin.py:151} INFO - [2024-09-08T02:09:32.504+0000] {dag.py:2941} INFO - Sync 1 DAGs
[2024-09-08T02:09:32.514+0000] {logging_mixin.py:151} INFO - [2024-09-08T02:09:32.514+0000] {dag.py:3722} INFO - Setting next_dagrun for elt_reddit_pipeline to 2024-09-08T00:00:00+00:00, run_after=2024-09-09T00:00:00+00:00
[2024-09-08T02:09:32.523+0000] {processor.py:179} INFO - Processing /opt/airflow/dags/reddit_dag.py took 0.356 seconds
[2024-09-08T02:10:03.036+0000] {processor.py:157} INFO - Started process (PID=4783) to work on /opt/airflow/dags/reddit_dag.py
[2024-09-08T02:10:03.038+0000] {processor.py:829} INFO - Processing file /opt/airflow/dags/reddit_dag.py for tasks to queue
[2024-09-08T02:10:03.041+0000] {logging_mixin.py:151} INFO - [2024-09-08T02:10:03.040+0000] {dagbag.py:536} INFO - Filling up the DagBag from /opt/airflow/dags/reddit_dag.py
[2024-09-08T02:10:03.364+0000] {processor.py:839} INFO - DAG(s) dict_keys(['elt_reddit_pipeline']) retrieved from /opt/airflow/dags/reddit_dag.py
[2024-09-08T02:10:03.375+0000] {logging_mixin.py:151} INFO - [2024-09-08T02:10:03.375+0000] {dag.py:2941} INFO - Sync 1 DAGs
[2024-09-08T02:10:03.385+0000] {logging_mixin.py:151} INFO - [2024-09-08T02:10:03.385+0000] {dag.py:3722} INFO - Setting next_dagrun for elt_reddit_pipeline to 2024-09-08T00:00:00+00:00, run_after=2024-09-09T00:00:00+00:00
[2024-09-08T02:10:03.392+0000] {processor.py:179} INFO - Processing /opt/airflow/dags/reddit_dag.py took 0.361 seconds
[2024-09-08T02:10:33.580+0000] {processor.py:157} INFO - Started process (PID=4785) to work on /opt/airflow/dags/reddit_dag.py
[2024-09-08T02:10:33.581+0000] {processor.py:829} INFO - Processing file /opt/airflow/dags/reddit_dag.py for tasks to queue
[2024-09-08T02:10:33.584+0000] {logging_mixin.py:151} INFO - [2024-09-08T02:10:33.584+0000] {dagbag.py:536} INFO - Filling up the DagBag from /opt/airflow/dags/reddit_dag.py
[2024-09-08T02:10:33.905+0000] {processor.py:839} INFO - DAG(s) dict_keys(['elt_reddit_pipeline']) retrieved from /opt/airflow/dags/reddit_dag.py
[2024-09-08T02:10:33.916+0000] {logging_mixin.py:151} INFO - [2024-09-08T02:10:33.915+0000] {dag.py:2941} INFO - Sync 1 DAGs
[2024-09-08T02:10:33.925+0000] {logging_mixin.py:151} INFO - [2024-09-08T02:10:33.925+0000] {dag.py:3722} INFO - Setting next_dagrun for elt_reddit_pipeline to 2024-09-08T00:00:00+00:00, run_after=2024-09-09T00:00:00+00:00
[2024-09-08T02:10:33.933+0000] {processor.py:179} INFO - Processing /opt/airflow/dags/reddit_dag.py took 0.359 seconds
[2024-09-08T02:11:04.326+0000] {processor.py:157} INFO - Started process (PID=4787) to work on /opt/airflow/dags/reddit_dag.py
[2024-09-08T02:11:04.327+0000] {processor.py:829} INFO - Processing file /opt/airflow/dags/reddit_dag.py for tasks to queue
[2024-09-08T02:11:04.330+0000] {logging_mixin.py:151} INFO - [2024-09-08T02:11:04.330+0000] {dagbag.py:536} INFO - Filling up the DagBag from /opt/airflow/dags/reddit_dag.py
[2024-09-08T02:11:04.652+0000] {processor.py:839} INFO - DAG(s) dict_keys(['elt_reddit_pipeline']) retrieved from /opt/airflow/dags/reddit_dag.py
[2024-09-08T02:11:04.663+0000] {logging_mixin.py:151} INFO - [2024-09-08T02:11:04.663+0000] {dag.py:2941} INFO - Sync 1 DAGs
[2024-09-08T02:11:04.673+0000] {logging_mixin.py:151} INFO - [2024-09-08T02:11:04.673+0000] {dag.py:3722} INFO - Setting next_dagrun for elt_reddit_pipeline to 2024-09-08T00:00:00+00:00, run_after=2024-09-09T00:00:00+00:00
[2024-09-08T02:11:04.682+0000] {processor.py:179} INFO - Processing /opt/airflow/dags/reddit_dag.py took 0.362 seconds
[2024-09-08T02:11:34.924+0000] {processor.py:157} INFO - Started process (PID=4789) to work on /opt/airflow/dags/reddit_dag.py
[2024-09-08T02:11:34.925+0000] {processor.py:829} INFO - Processing file /opt/airflow/dags/reddit_dag.py for tasks to queue
[2024-09-08T02:11:34.928+0000] {logging_mixin.py:151} INFO - [2024-09-08T02:11:34.928+0000] {dagbag.py:536} INFO - Filling up the DagBag from /opt/airflow/dags/reddit_dag.py
[2024-09-08T02:11:35.244+0000] {processor.py:839} INFO - DAG(s) dict_keys(['elt_reddit_pipeline']) retrieved from /opt/airflow/dags/reddit_dag.py
[2024-09-08T02:11:35.254+0000] {logging_mixin.py:151} INFO - [2024-09-08T02:11:35.254+0000] {dag.py:2941} INFO - Sync 1 DAGs
[2024-09-08T02:11:35.265+0000] {logging_mixin.py:151} INFO - [2024-09-08T02:11:35.265+0000] {dag.py:3722} INFO - Setting next_dagrun for elt_reddit_pipeline to 2024-09-08T00:00:00+00:00, run_after=2024-09-09T00:00:00+00:00
[2024-09-08T02:11:35.273+0000] {processor.py:179} INFO - Processing /opt/airflow/dags/reddit_dag.py took 0.354 seconds
[2024-09-08T02:12:05.707+0000] {processor.py:157} INFO - Started process (PID=4791) to work on /opt/airflow/dags/reddit_dag.py
[2024-09-08T02:12:05.709+0000] {processor.py:829} INFO - Processing file /opt/airflow/dags/reddit_dag.py for tasks to queue
[2024-09-08T02:12:05.711+0000] {logging_mixin.py:151} INFO - [2024-09-08T02:12:05.711+0000] {dagbag.py:536} INFO - Filling up the DagBag from /opt/airflow/dags/reddit_dag.py
[2024-09-08T02:12:06.032+0000] {processor.py:839} INFO - DAG(s) dict_keys(['elt_reddit_pipeline']) retrieved from /opt/airflow/dags/reddit_dag.py
[2024-09-08T02:12:06.044+0000] {logging_mixin.py:151} INFO - [2024-09-08T02:12:06.043+0000] {dag.py:2941} INFO - Sync 1 DAGs
[2024-09-08T02:12:06.054+0000] {logging_mixin.py:151} INFO - [2024-09-08T02:12:06.054+0000] {dag.py:3722} INFO - Setting next_dagrun for elt_reddit_pipeline to 2024-09-08T00:00:00+00:00, run_after=2024-09-09T00:00:00+00:00
[2024-09-08T02:12:06.062+0000] {processor.py:179} INFO - Processing /opt/airflow/dags/reddit_dag.py took 0.360 seconds
[2024-09-08T02:12:36.229+0000] {processor.py:157} INFO - Started process (PID=4793) to work on /opt/airflow/dags/reddit_dag.py
[2024-09-08T02:12:36.231+0000] {processor.py:829} INFO - Processing file /opt/airflow/dags/reddit_dag.py for tasks to queue
[2024-09-08T02:12:36.234+0000] {logging_mixin.py:151} INFO - [2024-09-08T02:12:36.234+0000] {dagbag.py:536} INFO - Filling up the DagBag from /opt/airflow/dags/reddit_dag.py
[2024-09-08T02:12:36.551+0000] {processor.py:839} INFO - DAG(s) dict_keys(['elt_reddit_pipeline']) retrieved from /opt/airflow/dags/reddit_dag.py
[2024-09-08T02:12:36.563+0000] {logging_mixin.py:151} INFO - [2024-09-08T02:12:36.562+0000] {dag.py:2941} INFO - Sync 1 DAGs
[2024-09-08T02:12:36.572+0000] {logging_mixin.py:151} INFO - [2024-09-08T02:12:36.572+0000] {dag.py:3722} INFO - Setting next_dagrun for elt_reddit_pipeline to 2024-09-08T00:00:00+00:00, run_after=2024-09-09T00:00:00+00:00
[2024-09-08T02:12:36.580+0000] {processor.py:179} INFO - Processing /opt/airflow/dags/reddit_dag.py took 0.356 seconds
[2024-09-08T02:13:07.043+0000] {processor.py:157} INFO - Started process (PID=4795) to work on /opt/airflow/dags/reddit_dag.py
[2024-09-08T02:13:07.045+0000] {processor.py:829} INFO - Processing file /opt/airflow/dags/reddit_dag.py for tasks to queue
[2024-09-08T02:13:07.048+0000] {logging_mixin.py:151} INFO - [2024-09-08T02:13:07.048+0000] {dagbag.py:536} INFO - Filling up the DagBag from /opt/airflow/dags/reddit_dag.py
[2024-09-08T02:13:07.365+0000] {processor.py:839} INFO - DAG(s) dict_keys(['elt_reddit_pipeline']) retrieved from /opt/airflow/dags/reddit_dag.py
[2024-09-08T02:13:07.376+0000] {logging_mixin.py:151} INFO - [2024-09-08T02:13:07.376+0000] {dag.py:2941} INFO - Sync 1 DAGs
[2024-09-08T02:13:07.386+0000] {logging_mixin.py:151} INFO - [2024-09-08T02:13:07.386+0000] {dag.py:3722} INFO - Setting next_dagrun for elt_reddit_pipeline to 2024-09-08T00:00:00+00:00, run_after=2024-09-09T00:00:00+00:00
[2024-09-08T02:13:07.394+0000] {processor.py:179} INFO - Processing /opt/airflow/dags/reddit_dag.py took 0.356 seconds
[2024-09-08T02:13:37.569+0000] {processor.py:157} INFO - Started process (PID=4797) to work on /opt/airflow/dags/reddit_dag.py
[2024-09-08T02:13:37.571+0000] {processor.py:829} INFO - Processing file /opt/airflow/dags/reddit_dag.py for tasks to queue
[2024-09-08T02:13:37.575+0000] {logging_mixin.py:151} INFO - [2024-09-08T02:13:37.574+0000] {dagbag.py:536} INFO - Filling up the DagBag from /opt/airflow/dags/reddit_dag.py
[2024-09-08T02:13:37.886+0000] {processor.py:839} INFO - DAG(s) dict_keys(['elt_reddit_pipeline']) retrieved from /opt/airflow/dags/reddit_dag.py
[2024-09-08T02:13:37.896+0000] {logging_mixin.py:151} INFO - [2024-09-08T02:13:37.896+0000] {dag.py:2941} INFO - Sync 1 DAGs
[2024-09-08T02:13:37.906+0000] {logging_mixin.py:151} INFO - [2024-09-08T02:13:37.906+0000] {dag.py:3722} INFO - Setting next_dagrun for elt_reddit_pipeline to 2024-09-08T00:00:00+00:00, run_after=2024-09-09T00:00:00+00:00
[2024-09-08T02:13:37.914+0000] {processor.py:179} INFO - Processing /opt/airflow/dags/reddit_dag.py took 0.350 seconds
[2024-09-08T02:14:08.382+0000] {processor.py:157} INFO - Started process (PID=4799) to work on /opt/airflow/dags/reddit_dag.py
[2024-09-08T02:14:08.384+0000] {processor.py:829} INFO - Processing file /opt/airflow/dags/reddit_dag.py for tasks to queue
[2024-09-08T02:14:08.387+0000] {logging_mixin.py:151} INFO - [2024-09-08T02:14:08.386+0000] {dagbag.py:536} INFO - Filling up the DagBag from /opt/airflow/dags/reddit_dag.py
[2024-09-08T02:14:08.705+0000] {processor.py:839} INFO - DAG(s) dict_keys(['elt_reddit_pipeline']) retrieved from /opt/airflow/dags/reddit_dag.py
[2024-09-08T02:14:08.715+0000] {logging_mixin.py:151} INFO - [2024-09-08T02:14:08.715+0000] {dag.py:2941} INFO - Sync 1 DAGs
[2024-09-08T02:14:08.726+0000] {logging_mixin.py:151} INFO - [2024-09-08T02:14:08.726+0000] {dag.py:3722} INFO - Setting next_dagrun for elt_reddit_pipeline to 2024-09-08T00:00:00+00:00, run_after=2024-09-09T00:00:00+00:00
[2024-09-08T02:14:08.734+0000] {processor.py:179} INFO - Processing /opt/airflow/dags/reddit_dag.py took 0.357 seconds
[2024-09-08T02:14:38.873+0000] {processor.py:157} INFO - Started process (PID=4801) to work on /opt/airflow/dags/reddit_dag.py
[2024-09-08T02:14:38.875+0000] {processor.py:829} INFO - Processing file /opt/airflow/dags/reddit_dag.py for tasks to queue
[2024-09-08T02:14:38.878+0000] {logging_mixin.py:151} INFO - [2024-09-08T02:14:38.877+0000] {dagbag.py:536} INFO - Filling up the DagBag from /opt/airflow/dags/reddit_dag.py
[2024-09-08T02:14:39.201+0000] {processor.py:839} INFO - DAG(s) dict_keys(['elt_reddit_pipeline']) retrieved from /opt/airflow/dags/reddit_dag.py
[2024-09-08T02:14:39.212+0000] {logging_mixin.py:151} INFO - [2024-09-08T02:14:39.212+0000] {dag.py:2941} INFO - Sync 1 DAGs
[2024-09-08T02:14:39.222+0000] {logging_mixin.py:151} INFO - [2024-09-08T02:14:39.222+0000] {dag.py:3722} INFO - Setting next_dagrun for elt_reddit_pipeline to 2024-09-08T00:00:00+00:00, run_after=2024-09-09T00:00:00+00:00
[2024-09-08T02:14:39.230+0000] {processor.py:179} INFO - Processing /opt/airflow/dags/reddit_dag.py took 0.363 seconds
[2024-09-08T02:15:09.769+0000] {processor.py:157} INFO - Started process (PID=4803) to work on /opt/airflow/dags/reddit_dag.py
[2024-09-08T02:15:09.770+0000] {processor.py:829} INFO - Processing file /opt/airflow/dags/reddit_dag.py for tasks to queue
[2024-09-08T02:15:09.773+0000] {logging_mixin.py:151} INFO - [2024-09-08T02:15:09.773+0000] {dagbag.py:536} INFO - Filling up the DagBag from /opt/airflow/dags/reddit_dag.py
[2024-09-08T02:15:10.093+0000] {processor.py:839} INFO - DAG(s) dict_keys(['elt_reddit_pipeline']) retrieved from /opt/airflow/dags/reddit_dag.py
[2024-09-08T02:15:10.104+0000] {logging_mixin.py:151} INFO - [2024-09-08T02:15:10.103+0000] {dag.py:2941} INFO - Sync 1 DAGs
[2024-09-08T02:15:10.115+0000] {logging_mixin.py:151} INFO - [2024-09-08T02:15:10.114+0000] {dag.py:3722} INFO - Setting next_dagrun for elt_reddit_pipeline to 2024-09-08T00:00:00+00:00, run_after=2024-09-09T00:00:00+00:00
[2024-09-08T02:15:10.122+0000] {processor.py:179} INFO - Processing /opt/airflow/dags/reddit_dag.py took 0.359 seconds
[2024-09-08T02:15:40.288+0000] {processor.py:157} INFO - Started process (PID=4805) to work on /opt/airflow/dags/reddit_dag.py
[2024-09-08T02:15:40.289+0000] {processor.py:829} INFO - Processing file /opt/airflow/dags/reddit_dag.py for tasks to queue
[2024-09-08T02:15:40.292+0000] {logging_mixin.py:151} INFO - [2024-09-08T02:15:40.292+0000] {dagbag.py:536} INFO - Filling up the DagBag from /opt/airflow/dags/reddit_dag.py
[2024-09-08T02:15:40.611+0000] {processor.py:839} INFO - DAG(s) dict_keys(['elt_reddit_pipeline']) retrieved from /opt/airflow/dags/reddit_dag.py
[2024-09-08T02:15:40.623+0000] {logging_mixin.py:151} INFO - [2024-09-08T02:15:40.623+0000] {dag.py:2941} INFO - Sync 1 DAGs
[2024-09-08T02:15:40.633+0000] {logging_mixin.py:151} INFO - [2024-09-08T02:15:40.632+0000] {dag.py:3722} INFO - Setting next_dagrun for elt_reddit_pipeline to 2024-09-08T00:00:00+00:00, run_after=2024-09-09T00:00:00+00:00
[2024-09-08T02:15:40.640+0000] {processor.py:179} INFO - Processing /opt/airflow/dags/reddit_dag.py took 0.359 seconds
[2024-09-08T02:16:11.036+0000] {processor.py:157} INFO - Started process (PID=4807) to work on /opt/airflow/dags/reddit_dag.py
[2024-09-08T02:16:11.038+0000] {processor.py:829} INFO - Processing file /opt/airflow/dags/reddit_dag.py for tasks to queue
[2024-09-08T02:16:11.041+0000] {logging_mixin.py:151} INFO - [2024-09-08T02:16:11.041+0000] {dagbag.py:536} INFO - Filling up the DagBag from /opt/airflow/dags/reddit_dag.py
[2024-09-08T02:16:11.356+0000] {processor.py:839} INFO - DAG(s) dict_keys(['elt_reddit_pipeline']) retrieved from /opt/airflow/dags/reddit_dag.py
[2024-09-08T02:16:11.367+0000] {logging_mixin.py:151} INFO - [2024-09-08T02:16:11.366+0000] {dag.py:2941} INFO - Sync 1 DAGs
[2024-09-08T02:16:11.376+0000] {logging_mixin.py:151} INFO - [2024-09-08T02:16:11.376+0000] {dag.py:3722} INFO - Setting next_dagrun for elt_reddit_pipeline to 2024-09-08T00:00:00+00:00, run_after=2024-09-09T00:00:00+00:00
[2024-09-08T02:16:11.384+0000] {processor.py:179} INFO - Processing /opt/airflow/dags/reddit_dag.py took 0.354 seconds
[2024-09-08T02:16:41.619+0000] {processor.py:157} INFO - Started process (PID=4809) to work on /opt/airflow/dags/reddit_dag.py
[2024-09-08T02:16:41.621+0000] {processor.py:829} INFO - Processing file /opt/airflow/dags/reddit_dag.py for tasks to queue
[2024-09-08T02:16:41.624+0000] {logging_mixin.py:151} INFO - [2024-09-08T02:16:41.624+0000] {dagbag.py:536} INFO - Filling up the DagBag from /opt/airflow/dags/reddit_dag.py
[2024-09-08T02:16:41.941+0000] {processor.py:839} INFO - DAG(s) dict_keys(['elt_reddit_pipeline']) retrieved from /opt/airflow/dags/reddit_dag.py
[2024-09-08T02:16:41.952+0000] {logging_mixin.py:151} INFO - [2024-09-08T02:16:41.951+0000] {dag.py:2941} INFO - Sync 1 DAGs
[2024-09-08T02:16:41.961+0000] {logging_mixin.py:151} INFO - [2024-09-08T02:16:41.961+0000] {dag.py:3722} INFO - Setting next_dagrun for elt_reddit_pipeline to 2024-09-08T00:00:00+00:00, run_after=2024-09-09T00:00:00+00:00
[2024-09-08T02:16:41.970+0000] {processor.py:179} INFO - Processing /opt/airflow/dags/reddit_dag.py took 0.357 seconds
[2024-09-08T02:17:12.268+0000] {processor.py:157} INFO - Started process (PID=4811) to work on /opt/airflow/dags/reddit_dag.py
[2024-09-08T02:17:12.270+0000] {processor.py:829} INFO - Processing file /opt/airflow/dags/reddit_dag.py for tasks to queue
[2024-09-08T02:17:12.274+0000] {logging_mixin.py:151} INFO - [2024-09-08T02:17:12.273+0000] {dagbag.py:536} INFO - Filling up the DagBag from /opt/airflow/dags/reddit_dag.py
[2024-09-08T02:17:12.593+0000] {processor.py:839} INFO - DAG(s) dict_keys(['elt_reddit_pipeline']) retrieved from /opt/airflow/dags/reddit_dag.py
[2024-09-08T02:17:12.604+0000] {logging_mixin.py:151} INFO - [2024-09-08T02:17:12.604+0000] {dag.py:2941} INFO - Sync 1 DAGs
[2024-09-08T02:17:12.615+0000] {logging_mixin.py:151} INFO - [2024-09-08T02:17:12.614+0000] {dag.py:3722} INFO - Setting next_dagrun for elt_reddit_pipeline to 2024-09-08T00:00:00+00:00, run_after=2024-09-09T00:00:00+00:00
[2024-09-08T02:17:12.622+0000] {processor.py:179} INFO - Processing /opt/airflow/dags/reddit_dag.py took 0.360 seconds
[2024-09-08T02:17:42.888+0000] {processor.py:157} INFO - Started process (PID=4813) to work on /opt/airflow/dags/reddit_dag.py
[2024-09-08T02:17:42.890+0000] {processor.py:829} INFO - Processing file /opt/airflow/dags/reddit_dag.py for tasks to queue
[2024-09-08T02:17:42.894+0000] {logging_mixin.py:151} INFO - [2024-09-08T02:17:42.894+0000] {dagbag.py:536} INFO - Filling up the DagBag from /opt/airflow/dags/reddit_dag.py
[2024-09-08T02:17:43.212+0000] {processor.py:839} INFO - DAG(s) dict_keys(['elt_reddit_pipeline']) retrieved from /opt/airflow/dags/reddit_dag.py
[2024-09-08T02:17:43.223+0000] {logging_mixin.py:151} INFO - [2024-09-08T02:17:43.222+0000] {dag.py:2941} INFO - Sync 1 DAGs
[2024-09-08T02:17:43.233+0000] {logging_mixin.py:151} INFO - [2024-09-08T02:17:43.233+0000] {dag.py:3722} INFO - Setting next_dagrun for elt_reddit_pipeline to 2024-09-08T00:00:00+00:00, run_after=2024-09-09T00:00:00+00:00
[2024-09-08T02:17:43.240+0000] {processor.py:179} INFO - Processing /opt/airflow/dags/reddit_dag.py took 0.357 seconds
[2024-09-08T02:18:13.506+0000] {processor.py:157} INFO - Started process (PID=4815) to work on /opt/airflow/dags/reddit_dag.py
[2024-09-08T02:18:13.508+0000] {processor.py:829} INFO - Processing file /opt/airflow/dags/reddit_dag.py for tasks to queue
[2024-09-08T02:18:13.512+0000] {logging_mixin.py:151} INFO - [2024-09-08T02:18:13.512+0000] {dagbag.py:536} INFO - Filling up the DagBag from /opt/airflow/dags/reddit_dag.py
[2024-09-08T02:18:13.826+0000] {processor.py:839} INFO - DAG(s) dict_keys(['elt_reddit_pipeline']) retrieved from /opt/airflow/dags/reddit_dag.py
[2024-09-08T02:18:13.838+0000] {logging_mixin.py:151} INFO - [2024-09-08T02:18:13.837+0000] {dag.py:2941} INFO - Sync 1 DAGs
[2024-09-08T02:18:13.847+0000] {logging_mixin.py:151} INFO - [2024-09-08T02:18:13.847+0000] {dag.py:3722} INFO - Setting next_dagrun for elt_reddit_pipeline to 2024-09-08T00:00:00+00:00, run_after=2024-09-09T00:00:00+00:00
[2024-09-08T02:18:13.855+0000] {processor.py:179} INFO - Processing /opt/airflow/dags/reddit_dag.py took 0.354 seconds
[2024-09-08T02:18:44.330+0000] {processor.py:157} INFO - Started process (PID=4817) to work on /opt/airflow/dags/reddit_dag.py
[2024-09-08T02:18:44.332+0000] {processor.py:829} INFO - Processing file /opt/airflow/dags/reddit_dag.py for tasks to queue
[2024-09-08T02:18:44.335+0000] {logging_mixin.py:151} INFO - [2024-09-08T02:18:44.334+0000] {dagbag.py:536} INFO - Filling up the DagBag from /opt/airflow/dags/reddit_dag.py
[2024-09-08T02:18:44.649+0000] {processor.py:839} INFO - DAG(s) dict_keys(['elt_reddit_pipeline']) retrieved from /opt/airflow/dags/reddit_dag.py
[2024-09-08T02:18:44.660+0000] {logging_mixin.py:151} INFO - [2024-09-08T02:18:44.660+0000] {dag.py:2941} INFO - Sync 1 DAGs
[2024-09-08T02:18:44.671+0000] {logging_mixin.py:151} INFO - [2024-09-08T02:18:44.671+0000] {dag.py:3722} INFO - Setting next_dagrun for elt_reddit_pipeline to 2024-09-08T00:00:00+00:00, run_after=2024-09-09T00:00:00+00:00
[2024-09-08T02:18:44.679+0000] {processor.py:179} INFO - Processing /opt/airflow/dags/reddit_dag.py took 0.354 seconds
[2024-09-08T02:19:14.910+0000] {processor.py:157} INFO - Started process (PID=4819) to work on /opt/airflow/dags/reddit_dag.py
[2024-09-08T02:19:14.912+0000] {processor.py:829} INFO - Processing file /opt/airflow/dags/reddit_dag.py for tasks to queue
[2024-09-08T02:19:14.915+0000] {logging_mixin.py:151} INFO - [2024-09-08T02:19:14.914+0000] {dagbag.py:536} INFO - Filling up the DagBag from /opt/airflow/dags/reddit_dag.py
[2024-09-08T02:19:15.238+0000] {processor.py:839} INFO - DAG(s) dict_keys(['elt_reddit_pipeline']) retrieved from /opt/airflow/dags/reddit_dag.py
[2024-09-08T02:19:15.249+0000] {logging_mixin.py:151} INFO - [2024-09-08T02:19:15.249+0000] {dag.py:2941} INFO - Sync 1 DAGs
[2024-09-08T02:19:15.258+0000] {logging_mixin.py:151} INFO - [2024-09-08T02:19:15.258+0000] {dag.py:3722} INFO - Setting next_dagrun for elt_reddit_pipeline to 2024-09-08T00:00:00+00:00, run_after=2024-09-09T00:00:00+00:00
[2024-09-08T02:19:15.266+0000] {processor.py:179} INFO - Processing /opt/airflow/dags/reddit_dag.py took 0.362 seconds
[2024-09-08T02:19:45.576+0000] {processor.py:157} INFO - Started process (PID=4821) to work on /opt/airflow/dags/reddit_dag.py
[2024-09-08T02:19:45.578+0000] {processor.py:829} INFO - Processing file /opt/airflow/dags/reddit_dag.py for tasks to queue
[2024-09-08T02:19:45.582+0000] {logging_mixin.py:151} INFO - [2024-09-08T02:19:45.582+0000] {dagbag.py:536} INFO - Filling up the DagBag from /opt/airflow/dags/reddit_dag.py
[2024-09-08T02:19:45.897+0000] {processor.py:839} INFO - DAG(s) dict_keys(['elt_reddit_pipeline']) retrieved from /opt/airflow/dags/reddit_dag.py
[2024-09-08T02:19:45.908+0000] {logging_mixin.py:151} INFO - [2024-09-08T02:19:45.908+0000] {dag.py:2941} INFO - Sync 1 DAGs
[2024-09-08T02:19:45.918+0000] {logging_mixin.py:151} INFO - [2024-09-08T02:19:45.918+0000] {dag.py:3722} INFO - Setting next_dagrun for elt_reddit_pipeline to 2024-09-08T00:00:00+00:00, run_after=2024-09-09T00:00:00+00:00
[2024-09-08T02:19:45.926+0000] {processor.py:179} INFO - Processing /opt/airflow/dags/reddit_dag.py took 0.355 seconds
[2024-09-08T02:20:16.185+0000] {processor.py:157} INFO - Started process (PID=4823) to work on /opt/airflow/dags/reddit_dag.py
[2024-09-08T02:20:16.187+0000] {processor.py:829} INFO - Processing file /opt/airflow/dags/reddit_dag.py for tasks to queue
[2024-09-08T02:20:16.191+0000] {logging_mixin.py:151} INFO - [2024-09-08T02:20:16.190+0000] {dagbag.py:536} INFO - Filling up the DagBag from /opt/airflow/dags/reddit_dag.py
[2024-09-08T02:20:16.514+0000] {processor.py:839} INFO - DAG(s) dict_keys(['elt_reddit_pipeline']) retrieved from /opt/airflow/dags/reddit_dag.py
[2024-09-08T02:20:16.525+0000] {logging_mixin.py:151} INFO - [2024-09-08T02:20:16.525+0000] {dag.py:2941} INFO - Sync 1 DAGs
[2024-09-08T02:20:16.536+0000] {logging_mixin.py:151} INFO - [2024-09-08T02:20:16.536+0000] {dag.py:3722} INFO - Setting next_dagrun for elt_reddit_pipeline to 2024-09-08T00:00:00+00:00, run_after=2024-09-09T00:00:00+00:00
[2024-09-08T02:20:16.544+0000] {processor.py:179} INFO - Processing /opt/airflow/dags/reddit_dag.py took 0.364 seconds
[2024-09-08T02:20:46.852+0000] {processor.py:157} INFO - Started process (PID=4825) to work on /opt/airflow/dags/reddit_dag.py
[2024-09-08T02:20:46.854+0000] {processor.py:829} INFO - Processing file /opt/airflow/dags/reddit_dag.py for tasks to queue
[2024-09-08T02:20:46.858+0000] {logging_mixin.py:151} INFO - [2024-09-08T02:20:46.857+0000] {dagbag.py:536} INFO - Filling up the DagBag from /opt/airflow/dags/reddit_dag.py
[2024-09-08T02:20:47.170+0000] {processor.py:839} INFO - DAG(s) dict_keys(['elt_reddit_pipeline']) retrieved from /opt/airflow/dags/reddit_dag.py
[2024-09-08T02:20:47.181+0000] {logging_mixin.py:151} INFO - [2024-09-08T02:20:47.181+0000] {dag.py:2941} INFO - Sync 1 DAGs
[2024-09-08T02:20:47.192+0000] {logging_mixin.py:151} INFO - [2024-09-08T02:20:47.192+0000] {dag.py:3722} INFO - Setting next_dagrun for elt_reddit_pipeline to 2024-09-08T00:00:00+00:00, run_after=2024-09-09T00:00:00+00:00
[2024-09-08T02:20:47.200+0000] {processor.py:179} INFO - Processing /opt/airflow/dags/reddit_dag.py took 0.353 seconds
[2024-09-08T02:21:17.469+0000] {processor.py:157} INFO - Started process (PID=4827) to work on /opt/airflow/dags/reddit_dag.py
[2024-09-08T02:21:17.470+0000] {processor.py:829} INFO - Processing file /opt/airflow/dags/reddit_dag.py for tasks to queue
[2024-09-08T02:21:17.473+0000] {logging_mixin.py:151} INFO - [2024-09-08T02:21:17.473+0000] {dagbag.py:536} INFO - Filling up the DagBag from /opt/airflow/dags/reddit_dag.py
[2024-09-08T02:21:17.789+0000] {processor.py:839} INFO - DAG(s) dict_keys(['elt_reddit_pipeline']) retrieved from /opt/airflow/dags/reddit_dag.py
[2024-09-08T02:21:17.801+0000] {logging_mixin.py:151} INFO - [2024-09-08T02:21:17.800+0000] {dag.py:2941} INFO - Sync 1 DAGs
[2024-09-08T02:21:17.810+0000] {logging_mixin.py:151} INFO - [2024-09-08T02:21:17.810+0000] {dag.py:3722} INFO - Setting next_dagrun for elt_reddit_pipeline to 2024-09-08T00:00:00+00:00, run_after=2024-09-09T00:00:00+00:00
[2024-09-08T02:21:17.818+0000] {processor.py:179} INFO - Processing /opt/airflow/dags/reddit_dag.py took 0.357 seconds
[2024-09-08T02:21:48.249+0000] {processor.py:157} INFO - Started process (PID=4829) to work on /opt/airflow/dags/reddit_dag.py
[2024-09-08T02:21:48.250+0000] {processor.py:829} INFO - Processing file /opt/airflow/dags/reddit_dag.py for tasks to queue
[2024-09-08T02:21:48.253+0000] {logging_mixin.py:151} INFO - [2024-09-08T02:21:48.253+0000] {dagbag.py:536} INFO - Filling up the DagBag from /opt/airflow/dags/reddit_dag.py
[2024-09-08T02:21:48.561+0000] {processor.py:839} INFO - DAG(s) dict_keys(['elt_reddit_pipeline']) retrieved from /opt/airflow/dags/reddit_dag.py
[2024-09-08T02:21:48.572+0000] {logging_mixin.py:151} INFO - [2024-09-08T02:21:48.572+0000] {dag.py:2941} INFO - Sync 1 DAGs
[2024-09-08T02:21:48.581+0000] {logging_mixin.py:151} INFO - [2024-09-08T02:21:48.581+0000] {dag.py:3722} INFO - Setting next_dagrun for elt_reddit_pipeline to 2024-09-08T00:00:00+00:00, run_after=2024-09-09T00:00:00+00:00
[2024-09-08T02:21:48.589+0000] {processor.py:179} INFO - Processing /opt/airflow/dags/reddit_dag.py took 0.344 seconds
[2024-09-08T02:22:18.852+0000] {processor.py:157} INFO - Started process (PID=4831) to work on /opt/airflow/dags/reddit_dag.py
[2024-09-08T02:22:18.854+0000] {processor.py:829} INFO - Processing file /opt/airflow/dags/reddit_dag.py for tasks to queue
[2024-09-08T02:22:18.857+0000] {logging_mixin.py:151} INFO - [2024-09-08T02:22:18.857+0000] {dagbag.py:536} INFO - Filling up the DagBag from /opt/airflow/dags/reddit_dag.py
[2024-09-08T02:22:19.172+0000] {processor.py:839} INFO - DAG(s) dict_keys(['elt_reddit_pipeline']) retrieved from /opt/airflow/dags/reddit_dag.py
[2024-09-08T02:22:19.183+0000] {logging_mixin.py:151} INFO - [2024-09-08T02:22:19.183+0000] {dag.py:2941} INFO - Sync 1 DAGs
[2024-09-08T02:22:19.193+0000] {logging_mixin.py:151} INFO - [2024-09-08T02:22:19.193+0000] {dag.py:3722} INFO - Setting next_dagrun for elt_reddit_pipeline to 2024-09-08T00:00:00+00:00, run_after=2024-09-09T00:00:00+00:00
[2024-09-08T02:22:19.201+0000] {processor.py:179} INFO - Processing /opt/airflow/dags/reddit_dag.py took 0.355 seconds
[2024-09-08T02:22:49.515+0000] {processor.py:157} INFO - Started process (PID=4833) to work on /opt/airflow/dags/reddit_dag.py
[2024-09-08T02:22:49.516+0000] {processor.py:829} INFO - Processing file /opt/airflow/dags/reddit_dag.py for tasks to queue
[2024-09-08T02:22:49.517+0000] {logging_mixin.py:151} INFO - [2024-09-08T02:22:49.517+0000] {dagbag.py:536} INFO - Filling up the DagBag from /opt/airflow/dags/reddit_dag.py
[2024-09-08T02:22:49.838+0000] {processor.py:839} INFO - DAG(s) dict_keys(['elt_reddit_pipeline']) retrieved from /opt/airflow/dags/reddit_dag.py
[2024-09-08T02:22:49.849+0000] {logging_mixin.py:151} INFO - [2024-09-08T02:22:49.848+0000] {dag.py:2941} INFO - Sync 1 DAGs
[2024-09-08T02:22:49.859+0000] {logging_mixin.py:151} INFO - [2024-09-08T02:22:49.859+0000] {dag.py:3722} INFO - Setting next_dagrun for elt_reddit_pipeline to 2024-09-08T00:00:00+00:00, run_after=2024-09-09T00:00:00+00:00
[2024-09-08T02:22:49.867+0000] {processor.py:179} INFO - Processing /opt/airflow/dags/reddit_dag.py took 0.358 seconds
[2024-09-08T02:23:20.142+0000] {processor.py:157} INFO - Started process (PID=4835) to work on /opt/airflow/dags/reddit_dag.py
[2024-09-08T02:23:20.143+0000] {processor.py:829} INFO - Processing file /opt/airflow/dags/reddit_dag.py for tasks to queue
[2024-09-08T02:23:20.146+0000] {logging_mixin.py:151} INFO - [2024-09-08T02:23:20.146+0000] {dagbag.py:536} INFO - Filling up the DagBag from /opt/airflow/dags/reddit_dag.py
[2024-09-08T02:23:20.470+0000] {processor.py:839} INFO - DAG(s) dict_keys(['elt_reddit_pipeline']) retrieved from /opt/airflow/dags/reddit_dag.py
[2024-09-08T02:23:20.481+0000] {logging_mixin.py:151} INFO - [2024-09-08T02:23:20.481+0000] {dag.py:2941} INFO - Sync 1 DAGs
[2024-09-08T02:23:20.491+0000] {logging_mixin.py:151} INFO - [2024-09-08T02:23:20.491+0000] {dag.py:3722} INFO - Setting next_dagrun for elt_reddit_pipeline to 2024-09-08T00:00:00+00:00, run_after=2024-09-09T00:00:00+00:00
[2024-09-08T02:23:20.499+0000] {processor.py:179} INFO - Processing /opt/airflow/dags/reddit_dag.py took 0.364 seconds
[2024-09-08T02:23:50.767+0000] {processor.py:157} INFO - Started process (PID=4837) to work on /opt/airflow/dags/reddit_dag.py
[2024-09-08T02:23:50.768+0000] {processor.py:829} INFO - Processing file /opt/airflow/dags/reddit_dag.py for tasks to queue
[2024-09-08T02:23:50.770+0000] {logging_mixin.py:151} INFO - [2024-09-08T02:23:50.770+0000] {dagbag.py:536} INFO - Filling up the DagBag from /opt/airflow/dags/reddit_dag.py
[2024-09-08T02:23:51.083+0000] {processor.py:839} INFO - DAG(s) dict_keys(['elt_reddit_pipeline']) retrieved from /opt/airflow/dags/reddit_dag.py
[2024-09-08T02:23:51.095+0000] {logging_mixin.py:151} INFO - [2024-09-08T02:23:51.094+0000] {dag.py:2941} INFO - Sync 1 DAGs
[2024-09-08T02:23:51.105+0000] {logging_mixin.py:151} INFO - [2024-09-08T02:23:51.105+0000] {dag.py:3722} INFO - Setting next_dagrun for elt_reddit_pipeline to 2024-09-08T00:00:00+00:00, run_after=2024-09-09T00:00:00+00:00
[2024-09-08T02:23:51.113+0000] {processor.py:179} INFO - Processing /opt/airflow/dags/reddit_dag.py took 0.353 seconds
[2024-09-08T02:24:21.484+0000] {processor.py:157} INFO - Started process (PID=4839) to work on /opt/airflow/dags/reddit_dag.py
[2024-09-08T02:24:21.485+0000] {processor.py:829} INFO - Processing file /opt/airflow/dags/reddit_dag.py for tasks to queue
[2024-09-08T02:24:21.489+0000] {logging_mixin.py:151} INFO - [2024-09-08T02:24:21.489+0000] {dagbag.py:536} INFO - Filling up the DagBag from /opt/airflow/dags/reddit_dag.py
[2024-09-08T02:24:21.811+0000] {processor.py:839} INFO - DAG(s) dict_keys(['elt_reddit_pipeline']) retrieved from /opt/airflow/dags/reddit_dag.py
[2024-09-08T02:24:21.823+0000] {logging_mixin.py:151} INFO - [2024-09-08T02:24:21.822+0000] {dag.py:2941} INFO - Sync 1 DAGs
[2024-09-08T02:24:21.832+0000] {logging_mixin.py:151} INFO - [2024-09-08T02:24:21.832+0000] {dag.py:3722} INFO - Setting next_dagrun for elt_reddit_pipeline to 2024-09-08T00:00:00+00:00, run_after=2024-09-09T00:00:00+00:00
[2024-09-08T02:24:21.840+0000] {processor.py:179} INFO - Processing /opt/airflow/dags/reddit_dag.py took 0.362 seconds
[2024-09-08T02:24:52.025+0000] {processor.py:157} INFO - Started process (PID=4841) to work on /opt/airflow/dags/reddit_dag.py
[2024-09-08T02:24:52.027+0000] {processor.py:829} INFO - Processing file /opt/airflow/dags/reddit_dag.py for tasks to queue
[2024-09-08T02:24:52.030+0000] {logging_mixin.py:151} INFO - [2024-09-08T02:24:52.030+0000] {dagbag.py:536} INFO - Filling up the DagBag from /opt/airflow/dags/reddit_dag.py
[2024-09-08T02:24:52.345+0000] {processor.py:839} INFO - DAG(s) dict_keys(['elt_reddit_pipeline']) retrieved from /opt/airflow/dags/reddit_dag.py
[2024-09-08T02:24:52.356+0000] {logging_mixin.py:151} INFO - [2024-09-08T02:24:52.356+0000] {dag.py:2941} INFO - Sync 1 DAGs
[2024-09-08T02:24:52.366+0000] {logging_mixin.py:151} INFO - [2024-09-08T02:24:52.366+0000] {dag.py:3722} INFO - Setting next_dagrun for elt_reddit_pipeline to 2024-09-08T00:00:00+00:00, run_after=2024-09-09T00:00:00+00:00
[2024-09-08T02:24:52.373+0000] {processor.py:179} INFO - Processing /opt/airflow/dags/reddit_dag.py took 0.353 seconds
[2024-09-08T02:25:22.876+0000] {processor.py:157} INFO - Started process (PID=4843) to work on /opt/airflow/dags/reddit_dag.py
[2024-09-08T02:25:22.877+0000] {processor.py:829} INFO - Processing file /opt/airflow/dags/reddit_dag.py for tasks to queue
[2024-09-08T02:25:22.879+0000] {logging_mixin.py:151} INFO - [2024-09-08T02:25:22.879+0000] {dagbag.py:536} INFO - Filling up the DagBag from /opt/airflow/dags/reddit_dag.py
[2024-09-08T02:25:23.196+0000] {processor.py:839} INFO - DAG(s) dict_keys(['elt_reddit_pipeline']) retrieved from /opt/airflow/dags/reddit_dag.py
[2024-09-08T02:25:23.207+0000] {logging_mixin.py:151} INFO - [2024-09-08T02:25:23.206+0000] {dag.py:2941} INFO - Sync 1 DAGs
[2024-09-08T02:25:23.217+0000] {logging_mixin.py:151} INFO - [2024-09-08T02:25:23.217+0000] {dag.py:3722} INFO - Setting next_dagrun for elt_reddit_pipeline to 2024-09-08T00:00:00+00:00, run_after=2024-09-09T00:00:00+00:00
[2024-09-08T02:25:23.224+0000] {processor.py:179} INFO - Processing /opt/airflow/dags/reddit_dag.py took 0.354 seconds
[2024-09-08T02:25:53.470+0000] {processor.py:157} INFO - Started process (PID=4845) to work on /opt/airflow/dags/reddit_dag.py
[2024-09-08T02:25:53.472+0000] {processor.py:829} INFO - Processing file /opt/airflow/dags/reddit_dag.py for tasks to queue
[2024-09-08T02:25:53.474+0000] {logging_mixin.py:151} INFO - [2024-09-08T02:25:53.474+0000] {dagbag.py:536} INFO - Filling up the DagBag from /opt/airflow/dags/reddit_dag.py
[2024-09-08T02:25:53.812+0000] {processor.py:839} INFO - DAG(s) dict_keys(['elt_reddit_pipeline']) retrieved from /opt/airflow/dags/reddit_dag.py
[2024-09-08T02:25:53.826+0000] {logging_mixin.py:151} INFO - [2024-09-08T02:25:53.826+0000] {dag.py:2941} INFO - Sync 1 DAGs
[2024-09-08T02:25:53.837+0000] {logging_mixin.py:151} INFO - [2024-09-08T02:25:53.837+0000] {dag.py:3722} INFO - Setting next_dagrun for elt_reddit_pipeline to 2024-09-08T00:00:00+00:00, run_after=2024-09-09T00:00:00+00:00
[2024-09-08T02:25:53.847+0000] {processor.py:179} INFO - Processing /opt/airflow/dags/reddit_dag.py took 0.383 seconds
[2024-09-08T02:26:24.248+0000] {processor.py:157} INFO - Started process (PID=4847) to work on /opt/airflow/dags/reddit_dag.py
[2024-09-08T02:26:24.249+0000] {processor.py:829} INFO - Processing file /opt/airflow/dags/reddit_dag.py for tasks to queue
[2024-09-08T02:26:24.252+0000] {logging_mixin.py:151} INFO - [2024-09-08T02:26:24.252+0000] {dagbag.py:536} INFO - Filling up the DagBag from /opt/airflow/dags/reddit_dag.py
[2024-09-08T02:26:24.569+0000] {processor.py:839} INFO - DAG(s) dict_keys(['elt_reddit_pipeline']) retrieved from /opt/airflow/dags/reddit_dag.py
[2024-09-08T02:26:24.586+0000] {logging_mixin.py:151} INFO - [2024-09-08T02:26:24.586+0000] {dag.py:2941} INFO - Sync 1 DAGs
[2024-09-08T02:26:24.599+0000] {logging_mixin.py:151} INFO - [2024-09-08T02:26:24.599+0000] {dag.py:3722} INFO - Setting next_dagrun for elt_reddit_pipeline to 2024-09-08T00:00:00+00:00, run_after=2024-09-09T00:00:00+00:00
[2024-09-08T02:26:24.608+0000] {processor.py:179} INFO - Processing /opt/airflow/dags/reddit_dag.py took 0.365 seconds
[2024-09-08T02:26:54.763+0000] {processor.py:157} INFO - Started process (PID=4849) to work on /opt/airflow/dags/reddit_dag.py
[2024-09-08T02:26:54.765+0000] {processor.py:829} INFO - Processing file /opt/airflow/dags/reddit_dag.py for tasks to queue
[2024-09-08T02:26:54.768+0000] {logging_mixin.py:151} INFO - [2024-09-08T02:26:54.767+0000] {dagbag.py:536} INFO - Filling up the DagBag from /opt/airflow/dags/reddit_dag.py
[2024-09-08T02:26:55.085+0000] {processor.py:839} INFO - DAG(s) dict_keys(['elt_reddit_pipeline']) retrieved from /opt/airflow/dags/reddit_dag.py
[2024-09-08T02:26:55.097+0000] {logging_mixin.py:151} INFO - [2024-09-08T02:26:55.097+0000] {dag.py:2941} INFO - Sync 1 DAGs
[2024-09-08T02:26:55.106+0000] {logging_mixin.py:151} INFO - [2024-09-08T02:26:55.106+0000] {dag.py:3722} INFO - Setting next_dagrun for elt_reddit_pipeline to 2024-09-08T00:00:00+00:00, run_after=2024-09-09T00:00:00+00:00
[2024-09-08T02:26:55.114+0000] {processor.py:179} INFO - Processing /opt/airflow/dags/reddit_dag.py took 0.357 seconds
[2024-09-08T02:27:25.560+0000] {processor.py:157} INFO - Started process (PID=4851) to work on /opt/airflow/dags/reddit_dag.py
[2024-09-08T02:27:25.562+0000] {processor.py:829} INFO - Processing file /opt/airflow/dags/reddit_dag.py for tasks to queue
[2024-09-08T02:27:25.566+0000] {logging_mixin.py:151} INFO - [2024-09-08T02:27:25.566+0000] {dagbag.py:536} INFO - Filling up the DagBag from /opt/airflow/dags/reddit_dag.py
[2024-09-08T02:27:25.880+0000] {processor.py:839} INFO - DAG(s) dict_keys(['elt_reddit_pipeline']) retrieved from /opt/airflow/dags/reddit_dag.py
[2024-09-08T02:27:25.891+0000] {logging_mixin.py:151} INFO - [2024-09-08T02:27:25.891+0000] {dag.py:2941} INFO - Sync 1 DAGs
[2024-09-08T02:27:25.901+0000] {logging_mixin.py:151} INFO - [2024-09-08T02:27:25.900+0000] {dag.py:3722} INFO - Setting next_dagrun for elt_reddit_pipeline to 2024-09-08T00:00:00+00:00, run_after=2024-09-09T00:00:00+00:00
[2024-09-08T02:27:25.908+0000] {processor.py:179} INFO - Processing /opt/airflow/dags/reddit_dag.py took 0.353 seconds
[2024-09-08T02:27:56.080+0000] {processor.py:157} INFO - Started process (PID=4853) to work on /opt/airflow/dags/reddit_dag.py
[2024-09-08T02:27:56.082+0000] {processor.py:829} INFO - Processing file /opt/airflow/dags/reddit_dag.py for tasks to queue
[2024-09-08T02:27:56.086+0000] {logging_mixin.py:151} INFO - [2024-09-08T02:27:56.086+0000] {dagbag.py:536} INFO - Filling up the DagBag from /opt/airflow/dags/reddit_dag.py
[2024-09-08T02:27:56.409+0000] {processor.py:839} INFO - DAG(s) dict_keys(['elt_reddit_pipeline']) retrieved from /opt/airflow/dags/reddit_dag.py
[2024-09-08T02:27:56.419+0000] {logging_mixin.py:151} INFO - [2024-09-08T02:27:56.419+0000] {dag.py:2941} INFO - Sync 1 DAGs
[2024-09-08T02:27:56.429+0000] {logging_mixin.py:151} INFO - [2024-09-08T02:27:56.428+0000] {dag.py:3722} INFO - Setting next_dagrun for elt_reddit_pipeline to 2024-09-08T00:00:00+00:00, run_after=2024-09-09T00:00:00+00:00
[2024-09-08T02:27:56.436+0000] {processor.py:179} INFO - Processing /opt/airflow/dags/reddit_dag.py took 0.362 seconds
[2024-09-08T02:28:26.563+0000] {processor.py:157} INFO - Started process (PID=4855) to work on /opt/airflow/dags/reddit_dag.py
[2024-09-08T02:28:26.565+0000] {processor.py:829} INFO - Processing file /opt/airflow/dags/reddit_dag.py for tasks to queue
[2024-09-08T02:28:26.569+0000] {logging_mixin.py:151} INFO - [2024-09-08T02:28:26.569+0000] {dagbag.py:536} INFO - Filling up the DagBag from /opt/airflow/dags/reddit_dag.py
[2024-09-08T02:28:26.885+0000] {processor.py:839} INFO - DAG(s) dict_keys(['elt_reddit_pipeline']) retrieved from /opt/airflow/dags/reddit_dag.py
[2024-09-08T02:28:26.896+0000] {logging_mixin.py:151} INFO - [2024-09-08T02:28:26.896+0000] {dag.py:2941} INFO - Sync 1 DAGs
[2024-09-08T02:28:26.907+0000] {logging_mixin.py:151} INFO - [2024-09-08T02:28:26.907+0000] {dag.py:3722} INFO - Setting next_dagrun for elt_reddit_pipeline to 2024-09-08T00:00:00+00:00, run_after=2024-09-09T00:00:00+00:00
[2024-09-08T02:28:26.915+0000] {processor.py:179} INFO - Processing /opt/airflow/dags/reddit_dag.py took 0.357 seconds
[2024-09-08T02:28:57.600+0000] {processor.py:157} INFO - Started process (PID=4857) to work on /opt/airflow/dags/reddit_dag.py
[2024-09-08T02:28:57.602+0000] {processor.py:829} INFO - Processing file /opt/airflow/dags/reddit_dag.py for tasks to queue
[2024-09-08T02:28:57.606+0000] {logging_mixin.py:151} INFO - [2024-09-08T02:28:57.606+0000] {dagbag.py:536} INFO - Filling up the DagBag from /opt/airflow/dags/reddit_dag.py
[2024-09-08T02:28:57.918+0000] {processor.py:839} INFO - DAG(s) dict_keys(['elt_reddit_pipeline']) retrieved from /opt/airflow/dags/reddit_dag.py
[2024-09-08T02:28:57.929+0000] {logging_mixin.py:151} INFO - [2024-09-08T02:28:57.929+0000] {dag.py:2941} INFO - Sync 1 DAGs
[2024-09-08T02:28:57.939+0000] {logging_mixin.py:151} INFO - [2024-09-08T02:28:57.939+0000] {dag.py:3722} INFO - Setting next_dagrun for elt_reddit_pipeline to 2024-09-08T00:00:00+00:00, run_after=2024-09-09T00:00:00+00:00
[2024-09-08T02:28:57.948+0000] {processor.py:179} INFO - Processing /opt/airflow/dags/reddit_dag.py took 0.352 seconds
[2024-09-08T02:29:28.141+0000] {processor.py:157} INFO - Started process (PID=4859) to work on /opt/airflow/dags/reddit_dag.py
[2024-09-08T02:29:28.142+0000] {processor.py:829} INFO - Processing file /opt/airflow/dags/reddit_dag.py for tasks to queue
[2024-09-08T02:29:28.145+0000] {logging_mixin.py:151} INFO - [2024-09-08T02:29:28.145+0000] {dagbag.py:536} INFO - Filling up the DagBag from /opt/airflow/dags/reddit_dag.py
[2024-09-08T02:29:28.459+0000] {processor.py:839} INFO - DAG(s) dict_keys(['elt_reddit_pipeline']) retrieved from /opt/airflow/dags/reddit_dag.py
[2024-09-08T02:29:28.470+0000] {logging_mixin.py:151} INFO - [2024-09-08T02:29:28.469+0000] {dag.py:2941} INFO - Sync 1 DAGs
[2024-09-08T02:29:28.480+0000] {logging_mixin.py:151} INFO - [2024-09-08T02:29:28.479+0000] {dag.py:3722} INFO - Setting next_dagrun for elt_reddit_pipeline to 2024-09-08T00:00:00+00:00, run_after=2024-09-09T00:00:00+00:00
[2024-09-08T02:29:28.487+0000] {processor.py:179} INFO - Processing /opt/airflow/dags/reddit_dag.py took 0.352 seconds
[2024-09-08T02:29:58.912+0000] {processor.py:157} INFO - Started process (PID=4861) to work on /opt/airflow/dags/reddit_dag.py
[2024-09-08T02:29:58.913+0000] {processor.py:829} INFO - Processing file /opt/airflow/dags/reddit_dag.py for tasks to queue
[2024-09-08T02:29:58.916+0000] {logging_mixin.py:151} INFO - [2024-09-08T02:29:58.916+0000] {dagbag.py:536} INFO - Filling up the DagBag from /opt/airflow/dags/reddit_dag.py
[2024-09-08T02:29:59.230+0000] {processor.py:839} INFO - DAG(s) dict_keys(['elt_reddit_pipeline']) retrieved from /opt/airflow/dags/reddit_dag.py
[2024-09-08T02:29:59.241+0000] {logging_mixin.py:151} INFO - [2024-09-08T02:29:59.240+0000] {dag.py:2941} INFO - Sync 1 DAGs
[2024-09-08T02:29:59.250+0000] {logging_mixin.py:151} INFO - [2024-09-08T02:29:59.250+0000] {dag.py:3722} INFO - Setting next_dagrun for elt_reddit_pipeline to 2024-09-08T00:00:00+00:00, run_after=2024-09-09T00:00:00+00:00
[2024-09-08T02:29:59.258+0000] {processor.py:179} INFO - Processing /opt/airflow/dags/reddit_dag.py took 0.351 seconds
[2024-09-08T02:30:29.473+0000] {processor.py:157} INFO - Started process (PID=4863) to work on /opt/airflow/dags/reddit_dag.py
[2024-09-08T02:30:29.475+0000] {processor.py:829} INFO - Processing file /opt/airflow/dags/reddit_dag.py for tasks to queue
[2024-09-08T02:30:29.478+0000] {logging_mixin.py:151} INFO - [2024-09-08T02:30:29.477+0000] {dagbag.py:536} INFO - Filling up the DagBag from /opt/airflow/dags/reddit_dag.py
[2024-09-08T02:30:29.792+0000] {processor.py:839} INFO - DAG(s) dict_keys(['elt_reddit_pipeline']) retrieved from /opt/airflow/dags/reddit_dag.py
[2024-09-08T02:30:29.803+0000] {logging_mixin.py:151} INFO - [2024-09-08T02:30:29.803+0000] {dag.py:2941} INFO - Sync 1 DAGs
[2024-09-08T02:30:29.812+0000] {logging_mixin.py:151} INFO - [2024-09-08T02:30:29.812+0000] {dag.py:3722} INFO - Setting next_dagrun for elt_reddit_pipeline to 2024-09-08T00:00:00+00:00, run_after=2024-09-09T00:00:00+00:00
[2024-09-08T02:30:29.820+0000] {processor.py:179} INFO - Processing /opt/airflow/dags/reddit_dag.py took 0.353 seconds
[2024-09-08T02:31:00.192+0000] {processor.py:157} INFO - Started process (PID=4865) to work on /opt/airflow/dags/reddit_dag.py
[2024-09-08T02:31:00.193+0000] {processor.py:829} INFO - Processing file /opt/airflow/dags/reddit_dag.py for tasks to queue
[2024-09-08T02:31:00.197+0000] {logging_mixin.py:151} INFO - [2024-09-08T02:31:00.197+0000] {dagbag.py:536} INFO - Filling up the DagBag from /opt/airflow/dags/reddit_dag.py
[2024-09-08T02:31:00.516+0000] {processor.py:839} INFO - DAG(s) dict_keys(['elt_reddit_pipeline']) retrieved from /opt/airflow/dags/reddit_dag.py
[2024-09-08T02:31:00.526+0000] {logging_mixin.py:151} INFO - [2024-09-08T02:31:00.526+0000] {dag.py:2941} INFO - Sync 1 DAGs
[2024-09-08T02:31:00.536+0000] {logging_mixin.py:151} INFO - [2024-09-08T02:31:00.536+0000] {dag.py:3722} INFO - Setting next_dagrun for elt_reddit_pipeline to 2024-09-08T00:00:00+00:00, run_after=2024-09-09T00:00:00+00:00
[2024-09-08T02:31:00.544+0000] {processor.py:179} INFO - Processing /opt/airflow/dags/reddit_dag.py took 0.359 seconds
[2024-09-08T02:31:30.926+0000] {processor.py:157} INFO - Started process (PID=4867) to work on /opt/airflow/dags/reddit_dag.py
[2024-09-08T02:31:30.928+0000] {processor.py:829} INFO - Processing file /opt/airflow/dags/reddit_dag.py for tasks to queue
[2024-09-08T02:31:30.932+0000] {logging_mixin.py:151} INFO - [2024-09-08T02:31:30.931+0000] {dagbag.py:536} INFO - Filling up the DagBag from /opt/airflow/dags/reddit_dag.py
[2024-09-08T02:31:31.253+0000] {processor.py:839} INFO - DAG(s) dict_keys(['elt_reddit_pipeline']) retrieved from /opt/airflow/dags/reddit_dag.py
[2024-09-08T02:31:31.264+0000] {logging_mixin.py:151} INFO - [2024-09-08T02:31:31.263+0000] {dag.py:2941} INFO - Sync 1 DAGs
[2024-09-08T02:31:31.274+0000] {logging_mixin.py:151} INFO - [2024-09-08T02:31:31.274+0000] {dag.py:3722} INFO - Setting next_dagrun for elt_reddit_pipeline to 2024-09-08T00:00:00+00:00, run_after=2024-09-09T00:00:00+00:00
[2024-09-08T02:31:31.282+0000] {processor.py:179} INFO - Processing /opt/airflow/dags/reddit_dag.py took 0.362 seconds
[2024-09-08T02:32:01.626+0000] {processor.py:157} INFO - Started process (PID=4869) to work on /opt/airflow/dags/reddit_dag.py
[2024-09-08T02:32:01.627+0000] {processor.py:829} INFO - Processing file /opt/airflow/dags/reddit_dag.py for tasks to queue
[2024-09-08T02:32:01.632+0000] {logging_mixin.py:151} INFO - [2024-09-08T02:32:01.631+0000] {dagbag.py:536} INFO - Filling up the DagBag from /opt/airflow/dags/reddit_dag.py
[2024-09-08T02:32:01.950+0000] {processor.py:839} INFO - DAG(s) dict_keys(['elt_reddit_pipeline']) retrieved from /opt/airflow/dags/reddit_dag.py
[2024-09-08T02:32:01.961+0000] {logging_mixin.py:151} INFO - [2024-09-08T02:32:01.960+0000] {dag.py:2941} INFO - Sync 1 DAGs
[2024-09-08T02:32:01.971+0000] {logging_mixin.py:151} INFO - [2024-09-08T02:32:01.971+0000] {dag.py:3722} INFO - Setting next_dagrun for elt_reddit_pipeline to 2024-09-08T00:00:00+00:00, run_after=2024-09-09T00:00:00+00:00
[2024-09-08T02:32:01.979+0000] {processor.py:179} INFO - Processing /opt/airflow/dags/reddit_dag.py took 0.359 seconds
[2024-09-08T02:32:32.192+0000] {processor.py:157} INFO - Started process (PID=4871) to work on /opt/airflow/dags/reddit_dag.py
[2024-09-08T02:32:32.194+0000] {processor.py:829} INFO - Processing file /opt/airflow/dags/reddit_dag.py for tasks to queue
[2024-09-08T02:32:32.198+0000] {logging_mixin.py:151} INFO - [2024-09-08T02:32:32.198+0000] {dagbag.py:536} INFO - Filling up the DagBag from /opt/airflow/dags/reddit_dag.py
[2024-09-08T02:32:32.517+0000] {processor.py:839} INFO - DAG(s) dict_keys(['elt_reddit_pipeline']) retrieved from /opt/airflow/dags/reddit_dag.py
[2024-09-08T02:32:32.529+0000] {logging_mixin.py:151} INFO - [2024-09-08T02:32:32.529+0000] {dag.py:2941} INFO - Sync 1 DAGs
[2024-09-08T02:32:32.538+0000] {logging_mixin.py:151} INFO - [2024-09-08T02:32:32.538+0000] {dag.py:3722} INFO - Setting next_dagrun for elt_reddit_pipeline to 2024-09-08T00:00:00+00:00, run_after=2024-09-09T00:00:00+00:00
[2024-09-08T02:32:32.547+0000] {processor.py:179} INFO - Processing /opt/airflow/dags/reddit_dag.py took 0.360 seconds
[2024-09-08T02:33:02.943+0000] {processor.py:157} INFO - Started process (PID=4873) to work on /opt/airflow/dags/reddit_dag.py
[2024-09-08T02:33:02.944+0000] {processor.py:829} INFO - Processing file /opt/airflow/dags/reddit_dag.py for tasks to queue
[2024-09-08T02:33:02.947+0000] {logging_mixin.py:151} INFO - [2024-09-08T02:33:02.947+0000] {dagbag.py:536} INFO - Filling up the DagBag from /opt/airflow/dags/reddit_dag.py
[2024-09-08T02:33:03.266+0000] {processor.py:839} INFO - DAG(s) dict_keys(['elt_reddit_pipeline']) retrieved from /opt/airflow/dags/reddit_dag.py
[2024-09-08T02:33:03.278+0000] {logging_mixin.py:151} INFO - [2024-09-08T02:33:03.277+0000] {dag.py:2941} INFO - Sync 1 DAGs
[2024-09-08T02:33:03.287+0000] {logging_mixin.py:151} INFO - [2024-09-08T02:33:03.287+0000] {dag.py:3722} INFO - Setting next_dagrun for elt_reddit_pipeline to 2024-09-08T00:00:00+00:00, run_after=2024-09-09T00:00:00+00:00
[2024-09-08T02:33:03.295+0000] {processor.py:179} INFO - Processing /opt/airflow/dags/reddit_dag.py took 0.358 seconds
[2024-09-08T02:33:33.476+0000] {processor.py:157} INFO - Started process (PID=4875) to work on /opt/airflow/dags/reddit_dag.py
[2024-09-08T02:33:33.477+0000] {processor.py:829} INFO - Processing file /opt/airflow/dags/reddit_dag.py for tasks to queue
[2024-09-08T02:33:33.481+0000] {logging_mixin.py:151} INFO - [2024-09-08T02:33:33.480+0000] {dagbag.py:536} INFO - Filling up the DagBag from /opt/airflow/dags/reddit_dag.py
[2024-09-08T02:33:33.805+0000] {processor.py:839} INFO - DAG(s) dict_keys(['elt_reddit_pipeline']) retrieved from /opt/airflow/dags/reddit_dag.py
[2024-09-08T02:33:33.817+0000] {logging_mixin.py:151} INFO - [2024-09-08T02:33:33.816+0000] {dag.py:2941} INFO - Sync 1 DAGs
[2024-09-08T02:33:33.826+0000] {logging_mixin.py:151} INFO - [2024-09-08T02:33:33.826+0000] {dag.py:3722} INFO - Setting next_dagrun for elt_reddit_pipeline to 2024-09-08T00:00:00+00:00, run_after=2024-09-09T00:00:00+00:00
[2024-09-08T02:33:33.834+0000] {processor.py:179} INFO - Processing /opt/airflow/dags/reddit_dag.py took 0.365 seconds
[2024-09-08T02:34:04.231+0000] {processor.py:157} INFO - Started process (PID=4877) to work on /opt/airflow/dags/reddit_dag.py
[2024-09-08T02:34:04.232+0000] {processor.py:829} INFO - Processing file /opt/airflow/dags/reddit_dag.py for tasks to queue
[2024-09-08T02:34:04.235+0000] {logging_mixin.py:151} INFO - [2024-09-08T02:34:04.235+0000] {dagbag.py:536} INFO - Filling up the DagBag from /opt/airflow/dags/reddit_dag.py
[2024-09-08T02:34:04.554+0000] {processor.py:839} INFO - DAG(s) dict_keys(['elt_reddit_pipeline']) retrieved from /opt/airflow/dags/reddit_dag.py
[2024-09-08T02:34:04.565+0000] {logging_mixin.py:151} INFO - [2024-09-08T02:34:04.565+0000] {dag.py:2941} INFO - Sync 1 DAGs
[2024-09-08T02:34:04.575+0000] {logging_mixin.py:151} INFO - [2024-09-08T02:34:04.575+0000] {dag.py:3722} INFO - Setting next_dagrun for elt_reddit_pipeline to 2024-09-08T00:00:00+00:00, run_after=2024-09-09T00:00:00+00:00
[2024-09-08T02:34:04.583+0000] {processor.py:179} INFO - Processing /opt/airflow/dags/reddit_dag.py took 0.357 seconds
[2024-09-08T02:34:34.911+0000] {processor.py:157} INFO - Started process (PID=4879) to work on /opt/airflow/dags/reddit_dag.py
[2024-09-08T02:34:34.912+0000] {processor.py:829} INFO - Processing file /opt/airflow/dags/reddit_dag.py for tasks to queue
[2024-09-08T02:34:34.916+0000] {logging_mixin.py:151} INFO - [2024-09-08T02:34:34.916+0000] {dagbag.py:536} INFO - Filling up the DagBag from /opt/airflow/dags/reddit_dag.py
[2024-09-08T02:34:35.233+0000] {processor.py:839} INFO - DAG(s) dict_keys(['elt_reddit_pipeline']) retrieved from /opt/airflow/dags/reddit_dag.py
[2024-09-08T02:34:35.244+0000] {logging_mixin.py:151} INFO - [2024-09-08T02:34:35.244+0000] {dag.py:2941} INFO - Sync 1 DAGs
[2024-09-08T02:34:35.254+0000] {logging_mixin.py:151} INFO - [2024-09-08T02:34:35.254+0000] {dag.py:3722} INFO - Setting next_dagrun for elt_reddit_pipeline to 2024-09-08T00:00:00+00:00, run_after=2024-09-09T00:00:00+00:00
[2024-09-08T02:34:35.262+0000] {processor.py:179} INFO - Processing /opt/airflow/dags/reddit_dag.py took 0.357 seconds
[2024-09-08T02:35:05.780+0000] {processor.py:157} INFO - Started process (PID=4881) to work on /opt/airflow/dags/reddit_dag.py
[2024-09-08T02:35:05.781+0000] {processor.py:829} INFO - Processing file /opt/airflow/dags/reddit_dag.py for tasks to queue
[2024-09-08T02:35:05.785+0000] {logging_mixin.py:151} INFO - [2024-09-08T02:35:05.785+0000] {dagbag.py:536} INFO - Filling up the DagBag from /opt/airflow/dags/reddit_dag.py
[2024-09-08T02:35:06.114+0000] {processor.py:839} INFO - DAG(s) dict_keys(['elt_reddit_pipeline']) retrieved from /opt/airflow/dags/reddit_dag.py
[2024-09-08T02:35:06.125+0000] {logging_mixin.py:151} INFO - [2024-09-08T02:35:06.124+0000] {dag.py:2941} INFO - Sync 1 DAGs
[2024-09-08T02:35:06.135+0000] {logging_mixin.py:151} INFO - [2024-09-08T02:35:06.135+0000] {dag.py:3722} INFO - Setting next_dagrun for elt_reddit_pipeline to 2024-09-08T00:00:00+00:00, run_after=2024-09-09T00:00:00+00:00
[2024-09-08T02:35:06.142+0000] {processor.py:179} INFO - Processing /opt/airflow/dags/reddit_dag.py took 0.367 seconds
[2024-09-08T02:35:36.317+0000] {processor.py:157} INFO - Started process (PID=4883) to work on /opt/airflow/dags/reddit_dag.py
[2024-09-08T02:35:36.318+0000] {processor.py:829} INFO - Processing file /opt/airflow/dags/reddit_dag.py for tasks to queue
[2024-09-08T02:35:36.322+0000] {logging_mixin.py:151} INFO - [2024-09-08T02:35:36.322+0000] {dagbag.py:536} INFO - Filling up the DagBag from /opt/airflow/dags/reddit_dag.py
[2024-09-08T02:35:36.637+0000] {processor.py:839} INFO - DAG(s) dict_keys(['elt_reddit_pipeline']) retrieved from /opt/airflow/dags/reddit_dag.py
[2024-09-08T02:35:36.649+0000] {logging_mixin.py:151} INFO - [2024-09-08T02:35:36.648+0000] {dag.py:2941} INFO - Sync 1 DAGs
[2024-09-08T02:35:36.658+0000] {logging_mixin.py:151} INFO - [2024-09-08T02:35:36.658+0000] {dag.py:3722} INFO - Setting next_dagrun for elt_reddit_pipeline to 2024-09-08T00:00:00+00:00, run_after=2024-09-09T00:00:00+00:00
[2024-09-08T02:35:36.666+0000] {processor.py:179} INFO - Processing /opt/airflow/dags/reddit_dag.py took 0.356 seconds
[2024-09-08T02:36:07.091+0000] {processor.py:157} INFO - Started process (PID=4885) to work on /opt/airflow/dags/reddit_dag.py
[2024-09-08T02:36:07.093+0000] {processor.py:829} INFO - Processing file /opt/airflow/dags/reddit_dag.py for tasks to queue
[2024-09-08T02:36:07.097+0000] {logging_mixin.py:151} INFO - [2024-09-08T02:36:07.097+0000] {dagbag.py:536} INFO - Filling up the DagBag from /opt/airflow/dags/reddit_dag.py
[2024-09-08T02:36:07.415+0000] {processor.py:839} INFO - DAG(s) dict_keys(['elt_reddit_pipeline']) retrieved from /opt/airflow/dags/reddit_dag.py
[2024-09-08T02:36:07.426+0000] {logging_mixin.py:151} INFO - [2024-09-08T02:36:07.426+0000] {dag.py:2941} INFO - Sync 1 DAGs
[2024-09-08T02:36:07.435+0000] {logging_mixin.py:151} INFO - [2024-09-08T02:36:07.435+0000] {dag.py:3722} INFO - Setting next_dagrun for elt_reddit_pipeline to 2024-09-08T00:00:00+00:00, run_after=2024-09-09T00:00:00+00:00
[2024-09-08T02:36:07.443+0000] {processor.py:179} INFO - Processing /opt/airflow/dags/reddit_dag.py took 0.357 seconds
[2024-09-08T02:36:37.659+0000] {processor.py:157} INFO - Started process (PID=4887) to work on /opt/airflow/dags/reddit_dag.py
[2024-09-08T02:36:37.660+0000] {processor.py:829} INFO - Processing file /opt/airflow/dags/reddit_dag.py for tasks to queue
[2024-09-08T02:36:37.662+0000] {logging_mixin.py:151} INFO - [2024-09-08T02:36:37.662+0000] {dagbag.py:536} INFO - Filling up the DagBag from /opt/airflow/dags/reddit_dag.py
[2024-09-08T02:36:37.981+0000] {processor.py:839} INFO - DAG(s) dict_keys(['elt_reddit_pipeline']) retrieved from /opt/airflow/dags/reddit_dag.py
[2024-09-08T02:36:37.992+0000] {logging_mixin.py:151} INFO - [2024-09-08T02:36:37.991+0000] {dag.py:2941} INFO - Sync 1 DAGs
[2024-09-08T02:36:38.001+0000] {logging_mixin.py:151} INFO - [2024-09-08T02:36:38.001+0000] {dag.py:3722} INFO - Setting next_dagrun for elt_reddit_pipeline to 2024-09-08T00:00:00+00:00, run_after=2024-09-09T00:00:00+00:00
[2024-09-08T02:36:38.009+0000] {processor.py:179} INFO - Processing /opt/airflow/dags/reddit_dag.py took 0.355 seconds
[2024-09-08T02:37:08.498+0000] {processor.py:157} INFO - Started process (PID=4889) to work on /opt/airflow/dags/reddit_dag.py
[2024-09-08T02:37:08.499+0000] {processor.py:829} INFO - Processing file /opt/airflow/dags/reddit_dag.py for tasks to queue
[2024-09-08T02:37:08.502+0000] {logging_mixin.py:151} INFO - [2024-09-08T02:37:08.502+0000] {dagbag.py:536} INFO - Filling up the DagBag from /opt/airflow/dags/reddit_dag.py
[2024-09-08T02:37:08.824+0000] {processor.py:839} INFO - DAG(s) dict_keys(['elt_reddit_pipeline']) retrieved from /opt/airflow/dags/reddit_dag.py
[2024-09-08T02:37:08.835+0000] {logging_mixin.py:151} INFO - [2024-09-08T02:37:08.835+0000] {dag.py:2941} INFO - Sync 1 DAGs
[2024-09-08T02:37:08.845+0000] {logging_mixin.py:151} INFO - [2024-09-08T02:37:08.845+0000] {dag.py:3722} INFO - Setting next_dagrun for elt_reddit_pipeline to 2024-09-08T00:00:00+00:00, run_after=2024-09-09T00:00:00+00:00
[2024-09-08T02:37:08.853+0000] {processor.py:179} INFO - Processing /opt/airflow/dags/reddit_dag.py took 0.360 seconds
[2024-09-08T02:37:38.934+0000] {processor.py:157} INFO - Started process (PID=4891) to work on /opt/airflow/dags/reddit_dag.py
[2024-09-08T02:37:38.936+0000] {processor.py:829} INFO - Processing file /opt/airflow/dags/reddit_dag.py for tasks to queue
[2024-09-08T02:37:38.939+0000] {logging_mixin.py:151} INFO - [2024-09-08T02:37:38.939+0000] {dagbag.py:536} INFO - Filling up the DagBag from /opt/airflow/dags/reddit_dag.py
[2024-09-08T02:37:39.260+0000] {processor.py:839} INFO - DAG(s) dict_keys(['elt_reddit_pipeline']) retrieved from /opt/airflow/dags/reddit_dag.py
[2024-09-08T02:37:39.271+0000] {logging_mixin.py:151} INFO - [2024-09-08T02:37:39.271+0000] {dag.py:2941} INFO - Sync 1 DAGs
[2024-09-08T02:37:39.282+0000] {logging_mixin.py:151} INFO - [2024-09-08T02:37:39.282+0000] {dag.py:3722} INFO - Setting next_dagrun for elt_reddit_pipeline to 2024-09-08T00:00:00+00:00, run_after=2024-09-09T00:00:00+00:00
[2024-09-08T02:37:39.289+0000] {processor.py:179} INFO - Processing /opt/airflow/dags/reddit_dag.py took 0.360 seconds
[2024-09-08T02:38:09.393+0000] {processor.py:157} INFO - Started process (PID=4893) to work on /opt/airflow/dags/reddit_dag.py
[2024-09-08T02:38:09.394+0000] {processor.py:829} INFO - Processing file /opt/airflow/dags/reddit_dag.py for tasks to queue
[2024-09-08T02:38:09.396+0000] {logging_mixin.py:151} INFO - [2024-09-08T02:38:09.395+0000] {dagbag.py:536} INFO - Filling up the DagBag from /opt/airflow/dags/reddit_dag.py
[2024-09-08T02:38:09.705+0000] {processor.py:839} INFO - DAG(s) dict_keys(['elt_reddit_pipeline']) retrieved from /opt/airflow/dags/reddit_dag.py
[2024-09-08T02:38:09.717+0000] {logging_mixin.py:151} INFO - [2024-09-08T02:38:09.716+0000] {dag.py:2941} INFO - Sync 1 DAGs
[2024-09-08T02:38:09.726+0000] {logging_mixin.py:151} INFO - [2024-09-08T02:38:09.726+0000] {dag.py:3722} INFO - Setting next_dagrun for elt_reddit_pipeline to 2024-09-08T00:00:00+00:00, run_after=2024-09-09T00:00:00+00:00
[2024-09-08T02:38:09.733+0000] {processor.py:179} INFO - Processing /opt/airflow/dags/reddit_dag.py took 0.344 seconds
[2024-09-08T02:38:39.923+0000] {processor.py:157} INFO - Started process (PID=4895) to work on /opt/airflow/dags/reddit_dag.py
[2024-09-08T02:38:39.924+0000] {processor.py:829} INFO - Processing file /opt/airflow/dags/reddit_dag.py for tasks to queue
[2024-09-08T02:38:39.927+0000] {logging_mixin.py:151} INFO - [2024-09-08T02:38:39.927+0000] {dagbag.py:536} INFO - Filling up the DagBag from /opt/airflow/dags/reddit_dag.py
[2024-09-08T02:38:40.241+0000] {processor.py:839} INFO - DAG(s) dict_keys(['elt_reddit_pipeline']) retrieved from /opt/airflow/dags/reddit_dag.py
[2024-09-08T02:38:40.253+0000] {logging_mixin.py:151} INFO - [2024-09-08T02:38:40.253+0000] {dag.py:2941} INFO - Sync 1 DAGs
[2024-09-08T02:38:40.263+0000] {logging_mixin.py:151} INFO - [2024-09-08T02:38:40.262+0000] {dag.py:3722} INFO - Setting next_dagrun for elt_reddit_pipeline to 2024-09-08T00:00:00+00:00, run_after=2024-09-09T00:00:00+00:00
[2024-09-08T02:38:40.271+0000] {processor.py:179} INFO - Processing /opt/airflow/dags/reddit_dag.py took 0.353 seconds
[2024-09-08T02:39:10.846+0000] {processor.py:157} INFO - Started process (PID=4897) to work on /opt/airflow/dags/reddit_dag.py
[2024-09-08T02:39:10.848+0000] {processor.py:829} INFO - Processing file /opt/airflow/dags/reddit_dag.py for tasks to queue
[2024-09-08T02:39:10.851+0000] {logging_mixin.py:151} INFO - [2024-09-08T02:39:10.851+0000] {dagbag.py:536} INFO - Filling up the DagBag from /opt/airflow/dags/reddit_dag.py
[2024-09-08T02:39:11.172+0000] {processor.py:839} INFO - DAG(s) dict_keys(['elt_reddit_pipeline']) retrieved from /opt/airflow/dags/reddit_dag.py
[2024-09-08T02:39:11.183+0000] {logging_mixin.py:151} INFO - [2024-09-08T02:39:11.183+0000] {dag.py:2941} INFO - Sync 1 DAGs
[2024-09-08T02:39:11.193+0000] {logging_mixin.py:151} INFO - [2024-09-08T02:39:11.192+0000] {dag.py:3722} INFO - Setting next_dagrun for elt_reddit_pipeline to 2024-09-08T00:00:00+00:00, run_after=2024-09-09T00:00:00+00:00
[2024-09-08T02:39:11.200+0000] {processor.py:179} INFO - Processing /opt/airflow/dags/reddit_dag.py took 0.359 seconds
[2024-09-08T02:39:41.396+0000] {processor.py:157} INFO - Started process (PID=4899) to work on /opt/airflow/dags/reddit_dag.py
[2024-09-08T02:39:41.397+0000] {processor.py:829} INFO - Processing file /opt/airflow/dags/reddit_dag.py for tasks to queue
[2024-09-08T02:39:41.401+0000] {logging_mixin.py:151} INFO - [2024-09-08T02:39:41.401+0000] {dagbag.py:536} INFO - Filling up the DagBag from /opt/airflow/dags/reddit_dag.py
[2024-09-08T02:39:41.719+0000] {processor.py:839} INFO - DAG(s) dict_keys(['elt_reddit_pipeline']) retrieved from /opt/airflow/dags/reddit_dag.py
[2024-09-08T02:39:41.730+0000] {logging_mixin.py:151} INFO - [2024-09-08T02:39:41.729+0000] {dag.py:2941} INFO - Sync 1 DAGs
[2024-09-08T02:39:41.740+0000] {logging_mixin.py:151} INFO - [2024-09-08T02:39:41.740+0000] {dag.py:3722} INFO - Setting next_dagrun for elt_reddit_pipeline to 2024-09-08T00:00:00+00:00, run_after=2024-09-09T00:00:00+00:00
[2024-09-08T02:39:41.749+0000] {processor.py:179} INFO - Processing /opt/airflow/dags/reddit_dag.py took 0.358 seconds
[2024-09-08T02:40:12.198+0000] {processor.py:157} INFO - Started process (PID=4901) to work on /opt/airflow/dags/reddit_dag.py
[2024-09-08T02:40:12.199+0000] {processor.py:829} INFO - Processing file /opt/airflow/dags/reddit_dag.py for tasks to queue
[2024-09-08T02:40:12.202+0000] {logging_mixin.py:151} INFO - [2024-09-08T02:40:12.202+0000] {dagbag.py:536} INFO - Filling up the DagBag from /opt/airflow/dags/reddit_dag.py
[2024-09-08T02:40:12.517+0000] {processor.py:839} INFO - DAG(s) dict_keys(['elt_reddit_pipeline']) retrieved from /opt/airflow/dags/reddit_dag.py
[2024-09-08T02:40:12.528+0000] {logging_mixin.py:151} INFO - [2024-09-08T02:40:12.528+0000] {dag.py:2941} INFO - Sync 1 DAGs
[2024-09-08T02:40:12.538+0000] {logging_mixin.py:151} INFO - [2024-09-08T02:40:12.538+0000] {dag.py:3722} INFO - Setting next_dagrun for elt_reddit_pipeline to 2024-09-08T00:00:00+00:00, run_after=2024-09-09T00:00:00+00:00
[2024-09-08T02:40:12.546+0000] {processor.py:179} INFO - Processing /opt/airflow/dags/reddit_dag.py took 0.353 seconds
[2024-09-08T02:40:42.707+0000] {processor.py:157} INFO - Started process (PID=4903) to work on /opt/airflow/dags/reddit_dag.py
[2024-09-08T02:40:42.709+0000] {processor.py:829} INFO - Processing file /opt/airflow/dags/reddit_dag.py for tasks to queue
[2024-09-08T02:40:42.712+0000] {logging_mixin.py:151} INFO - [2024-09-08T02:40:42.711+0000] {dagbag.py:536} INFO - Filling up the DagBag from /opt/airflow/dags/reddit_dag.py
[2024-09-08T02:40:43.026+0000] {processor.py:839} INFO - DAG(s) dict_keys(['elt_reddit_pipeline']) retrieved from /opt/airflow/dags/reddit_dag.py
[2024-09-08T02:40:43.037+0000] {logging_mixin.py:151} INFO - [2024-09-08T02:40:43.037+0000] {dag.py:2941} INFO - Sync 1 DAGs
[2024-09-08T02:40:43.047+0000] {logging_mixin.py:151} INFO - [2024-09-08T02:40:43.047+0000] {dag.py:3722} INFO - Setting next_dagrun for elt_reddit_pipeline to 2024-09-08T00:00:00+00:00, run_after=2024-09-09T00:00:00+00:00
[2024-09-08T02:40:43.055+0000] {processor.py:179} INFO - Processing /opt/airflow/dags/reddit_dag.py took 0.353 seconds
[2024-09-08T02:41:13.537+0000] {processor.py:157} INFO - Started process (PID=4905) to work on /opt/airflow/dags/reddit_dag.py
[2024-09-08T02:41:13.539+0000] {processor.py:829} INFO - Processing file /opt/airflow/dags/reddit_dag.py for tasks to queue
[2024-09-08T02:41:13.542+0000] {logging_mixin.py:151} INFO - [2024-09-08T02:41:13.542+0000] {dagbag.py:536} INFO - Filling up the DagBag from /opt/airflow/dags/reddit_dag.py
[2024-09-08T02:41:13.860+0000] {processor.py:839} INFO - DAG(s) dict_keys(['elt_reddit_pipeline']) retrieved from /opt/airflow/dags/reddit_dag.py
[2024-09-08T02:41:13.872+0000] {logging_mixin.py:151} INFO - [2024-09-08T02:41:13.871+0000] {dag.py:2941} INFO - Sync 1 DAGs
[2024-09-08T02:41:13.881+0000] {logging_mixin.py:151} INFO - [2024-09-08T02:41:13.881+0000] {dag.py:3722} INFO - Setting next_dagrun for elt_reddit_pipeline to 2024-09-08T00:00:00+00:00, run_after=2024-09-09T00:00:00+00:00
[2024-09-08T02:41:13.889+0000] {processor.py:179} INFO - Processing /opt/airflow/dags/reddit_dag.py took 0.356 seconds
[2024-09-08T02:41:44.054+0000] {processor.py:157} INFO - Started process (PID=4907) to work on /opt/airflow/dags/reddit_dag.py
[2024-09-08T02:41:44.055+0000] {processor.py:829} INFO - Processing file /opt/airflow/dags/reddit_dag.py for tasks to queue
[2024-09-08T02:41:44.058+0000] {logging_mixin.py:151} INFO - [2024-09-08T02:41:44.058+0000] {dagbag.py:536} INFO - Filling up the DagBag from /opt/airflow/dags/reddit_dag.py
[2024-09-08T02:41:44.378+0000] {processor.py:839} INFO - DAG(s) dict_keys(['elt_reddit_pipeline']) retrieved from /opt/airflow/dags/reddit_dag.py
[2024-09-08T02:41:44.389+0000] {logging_mixin.py:151} INFO - [2024-09-08T02:41:44.389+0000] {dag.py:2941} INFO - Sync 1 DAGs
[2024-09-08T02:41:44.398+0000] {logging_mixin.py:151} INFO - [2024-09-08T02:41:44.398+0000] {dag.py:3722} INFO - Setting next_dagrun for elt_reddit_pipeline to 2024-09-08T00:00:00+00:00, run_after=2024-09-09T00:00:00+00:00
[2024-09-08T02:41:44.406+0000] {processor.py:179} INFO - Processing /opt/airflow/dags/reddit_dag.py took 0.358 seconds
[2024-09-08T02:42:14.932+0000] {processor.py:157} INFO - Started process (PID=4909) to work on /opt/airflow/dags/reddit_dag.py
[2024-09-08T02:42:14.934+0000] {processor.py:829} INFO - Processing file /opt/airflow/dags/reddit_dag.py for tasks to queue
[2024-09-08T02:42:14.936+0000] {logging_mixin.py:151} INFO - [2024-09-08T02:42:14.936+0000] {dagbag.py:536} INFO - Filling up the DagBag from /opt/airflow/dags/reddit_dag.py
[2024-09-08T02:42:15.250+0000] {processor.py:839} INFO - DAG(s) dict_keys(['elt_reddit_pipeline']) retrieved from /opt/airflow/dags/reddit_dag.py
[2024-09-08T02:42:15.261+0000] {logging_mixin.py:151} INFO - [2024-09-08T02:42:15.260+0000] {dag.py:2941} INFO - Sync 1 DAGs
[2024-09-08T02:42:15.270+0000] {logging_mixin.py:151} INFO - [2024-09-08T02:42:15.270+0000] {dag.py:3722} INFO - Setting next_dagrun for elt_reddit_pipeline to 2024-09-08T00:00:00+00:00, run_after=2024-09-09T00:00:00+00:00
[2024-09-08T02:42:15.278+0000] {processor.py:179} INFO - Processing /opt/airflow/dags/reddit_dag.py took 0.351 seconds
[2024-09-08T02:42:45.472+0000] {processor.py:157} INFO - Started process (PID=4911) to work on /opt/airflow/dags/reddit_dag.py
[2024-09-08T02:42:45.473+0000] {processor.py:829} INFO - Processing file /opt/airflow/dags/reddit_dag.py for tasks to queue
[2024-09-08T02:42:45.476+0000] {logging_mixin.py:151} INFO - [2024-09-08T02:42:45.476+0000] {dagbag.py:536} INFO - Filling up the DagBag from /opt/airflow/dags/reddit_dag.py
[2024-09-08T02:42:45.796+0000] {processor.py:839} INFO - DAG(s) dict_keys(['elt_reddit_pipeline']) retrieved from /opt/airflow/dags/reddit_dag.py
[2024-09-08T02:42:45.807+0000] {logging_mixin.py:151} INFO - [2024-09-08T02:42:45.806+0000] {dag.py:2941} INFO - Sync 1 DAGs
[2024-09-08T02:42:45.817+0000] {logging_mixin.py:151} INFO - [2024-09-08T02:42:45.817+0000] {dag.py:3722} INFO - Setting next_dagrun for elt_reddit_pipeline to 2024-09-08T00:00:00+00:00, run_after=2024-09-09T00:00:00+00:00
[2024-09-08T02:42:45.824+0000] {processor.py:179} INFO - Processing /opt/airflow/dags/reddit_dag.py took 0.357 seconds
[2024-09-08T02:43:16.244+0000] {processor.py:157} INFO - Started process (PID=4913) to work on /opt/airflow/dags/reddit_dag.py
[2024-09-08T02:43:16.245+0000] {processor.py:829} INFO - Processing file /opt/airflow/dags/reddit_dag.py for tasks to queue
[2024-09-08T02:43:16.248+0000] {logging_mixin.py:151} INFO - [2024-09-08T02:43:16.248+0000] {dagbag.py:536} INFO - Filling up the DagBag from /opt/airflow/dags/reddit_dag.py
[2024-09-08T02:43:16.562+0000] {processor.py:839} INFO - DAG(s) dict_keys(['elt_reddit_pipeline']) retrieved from /opt/airflow/dags/reddit_dag.py
[2024-09-08T02:43:16.573+0000] {logging_mixin.py:151} INFO - [2024-09-08T02:43:16.572+0000] {dag.py:2941} INFO - Sync 1 DAGs
[2024-09-08T02:43:16.583+0000] {logging_mixin.py:151} INFO - [2024-09-08T02:43:16.583+0000] {dag.py:3722} INFO - Setting next_dagrun for elt_reddit_pipeline to 2024-09-08T00:00:00+00:00, run_after=2024-09-09T00:00:00+00:00
[2024-09-08T02:43:16.591+0000] {processor.py:179} INFO - Processing /opt/airflow/dags/reddit_dag.py took 0.352 seconds
[2024-09-08T02:43:46.754+0000] {processor.py:157} INFO - Started process (PID=4915) to work on /opt/airflow/dags/reddit_dag.py
[2024-09-08T02:43:46.755+0000] {processor.py:829} INFO - Processing file /opt/airflow/dags/reddit_dag.py for tasks to queue
[2024-09-08T02:43:46.759+0000] {logging_mixin.py:151} INFO - [2024-09-08T02:43:46.759+0000] {dagbag.py:536} INFO - Filling up the DagBag from /opt/airflow/dags/reddit_dag.py
[2024-09-08T02:43:47.080+0000] {processor.py:839} INFO - DAG(s) dict_keys(['elt_reddit_pipeline']) retrieved from /opt/airflow/dags/reddit_dag.py
[2024-09-08T02:43:47.090+0000] {logging_mixin.py:151} INFO - [2024-09-08T02:43:47.090+0000] {dag.py:2941} INFO - Sync 1 DAGs
[2024-09-08T02:43:47.102+0000] {logging_mixin.py:151} INFO - [2024-09-08T02:43:47.101+0000] {dag.py:3722} INFO - Setting next_dagrun for elt_reddit_pipeline to 2024-09-08T00:00:00+00:00, run_after=2024-09-09T00:00:00+00:00
[2024-09-08T02:43:47.109+0000] {processor.py:179} INFO - Processing /opt/airflow/dags/reddit_dag.py took 0.361 seconds
[2024-09-08T02:44:17.561+0000] {processor.py:157} INFO - Started process (PID=4917) to work on /opt/airflow/dags/reddit_dag.py
[2024-09-08T02:44:17.563+0000] {processor.py:829} INFO - Processing file /opt/airflow/dags/reddit_dag.py for tasks to queue
[2024-09-08T02:44:17.567+0000] {logging_mixin.py:151} INFO - [2024-09-08T02:44:17.567+0000] {dagbag.py:536} INFO - Filling up the DagBag from /opt/airflow/dags/reddit_dag.py
[2024-09-08T02:44:17.887+0000] {processor.py:839} INFO - DAG(s) dict_keys(['elt_reddit_pipeline']) retrieved from /opt/airflow/dags/reddit_dag.py
[2024-09-08T02:44:17.898+0000] {logging_mixin.py:151} INFO - [2024-09-08T02:44:17.898+0000] {dag.py:2941} INFO - Sync 1 DAGs
[2024-09-08T02:44:17.908+0000] {logging_mixin.py:151} INFO - [2024-09-08T02:44:17.908+0000] {dag.py:3722} INFO - Setting next_dagrun for elt_reddit_pipeline to 2024-09-08T00:00:00+00:00, run_after=2024-09-09T00:00:00+00:00
[2024-09-08T02:44:17.915+0000] {processor.py:179} INFO - Processing /opt/airflow/dags/reddit_dag.py took 0.359 seconds
[2024-09-08T02:44:48.070+0000] {processor.py:157} INFO - Started process (PID=4919) to work on /opt/airflow/dags/reddit_dag.py
[2024-09-08T02:44:48.071+0000] {processor.py:829} INFO - Processing file /opt/airflow/dags/reddit_dag.py for tasks to queue
[2024-09-08T02:44:48.074+0000] {logging_mixin.py:151} INFO - [2024-09-08T02:44:48.074+0000] {dagbag.py:536} INFO - Filling up the DagBag from /opt/airflow/dags/reddit_dag.py
[2024-09-08T02:44:48.391+0000] {processor.py:839} INFO - DAG(s) dict_keys(['elt_reddit_pipeline']) retrieved from /opt/airflow/dags/reddit_dag.py
[2024-09-08T02:44:48.402+0000] {logging_mixin.py:151} INFO - [2024-09-08T02:44:48.402+0000] {dag.py:2941} INFO - Sync 1 DAGs
[2024-09-08T02:44:48.412+0000] {logging_mixin.py:151} INFO - [2024-09-08T02:44:48.412+0000] {dag.py:3722} INFO - Setting next_dagrun for elt_reddit_pipeline to 2024-09-08T00:00:00+00:00, run_after=2024-09-09T00:00:00+00:00
[2024-09-08T02:44:48.420+0000] {processor.py:179} INFO - Processing /opt/airflow/dags/reddit_dag.py took 0.356 seconds
[2024-09-08T02:45:18.971+0000] {processor.py:157} INFO - Started process (PID=4921) to work on /opt/airflow/dags/reddit_dag.py
[2024-09-08T02:45:18.972+0000] {processor.py:829} INFO - Processing file /opt/airflow/dags/reddit_dag.py for tasks to queue
[2024-09-08T02:45:18.976+0000] {logging_mixin.py:151} INFO - [2024-09-08T02:45:18.975+0000] {dagbag.py:536} INFO - Filling up the DagBag from /opt/airflow/dags/reddit_dag.py
[2024-09-08T02:45:19.292+0000] {processor.py:839} INFO - DAG(s) dict_keys(['elt_reddit_pipeline']) retrieved from /opt/airflow/dags/reddit_dag.py
[2024-09-08T02:45:19.303+0000] {logging_mixin.py:151} INFO - [2024-09-08T02:45:19.303+0000] {dag.py:2941} INFO - Sync 1 DAGs
[2024-09-08T02:45:19.313+0000] {logging_mixin.py:151} INFO - [2024-09-08T02:45:19.313+0000] {dag.py:3722} INFO - Setting next_dagrun for elt_reddit_pipeline to 2024-09-08T00:00:00+00:00, run_after=2024-09-09T00:00:00+00:00
[2024-09-08T02:45:19.321+0000] {processor.py:179} INFO - Processing /opt/airflow/dags/reddit_dag.py took 0.356 seconds
[2024-09-08T02:45:49.527+0000] {processor.py:157} INFO - Started process (PID=4923) to work on /opt/airflow/dags/reddit_dag.py
[2024-09-08T02:45:49.528+0000] {processor.py:829} INFO - Processing file /opt/airflow/dags/reddit_dag.py for tasks to queue
[2024-09-08T02:45:49.530+0000] {logging_mixin.py:151} INFO - [2024-09-08T02:45:49.530+0000] {dagbag.py:536} INFO - Filling up the DagBag from /opt/airflow/dags/reddit_dag.py
[2024-09-08T02:45:49.852+0000] {processor.py:839} INFO - DAG(s) dict_keys(['elt_reddit_pipeline']) retrieved from /opt/airflow/dags/reddit_dag.py
[2024-09-08T02:45:49.863+0000] {logging_mixin.py:151} INFO - [2024-09-08T02:45:49.863+0000] {dag.py:2941} INFO - Sync 1 DAGs
[2024-09-08T02:45:49.874+0000] {logging_mixin.py:151} INFO - [2024-09-08T02:45:49.874+0000] {dag.py:3722} INFO - Setting next_dagrun for elt_reddit_pipeline to 2024-09-08T00:00:00+00:00, run_after=2024-09-09T00:00:00+00:00
[2024-09-08T02:45:49.882+0000] {processor.py:179} INFO - Processing /opt/airflow/dags/reddit_dag.py took 0.357 seconds
[2024-09-08T02:46:20.299+0000] {processor.py:157} INFO - Started process (PID=4925) to work on /opt/airflow/dags/reddit_dag.py
[2024-09-08T02:46:20.300+0000] {processor.py:829} INFO - Processing file /opt/airflow/dags/reddit_dag.py for tasks to queue
[2024-09-08T02:46:20.303+0000] {logging_mixin.py:151} INFO - [2024-09-08T02:46:20.303+0000] {dagbag.py:536} INFO - Filling up the DagBag from /opt/airflow/dags/reddit_dag.py
[2024-09-08T02:46:20.620+0000] {processor.py:839} INFO - DAG(s) dict_keys(['elt_reddit_pipeline']) retrieved from /opt/airflow/dags/reddit_dag.py
[2024-09-08T02:46:20.631+0000] {logging_mixin.py:151} INFO - [2024-09-08T02:46:20.631+0000] {dag.py:2941} INFO - Sync 1 DAGs
[2024-09-08T02:46:20.641+0000] {logging_mixin.py:151} INFO - [2024-09-08T02:46:20.641+0000] {dag.py:3722} INFO - Setting next_dagrun for elt_reddit_pipeline to 2024-09-08T00:00:00+00:00, run_after=2024-09-09T00:00:00+00:00
[2024-09-08T02:46:20.649+0000] {processor.py:179} INFO - Processing /opt/airflow/dags/reddit_dag.py took 0.356 seconds
[2024-09-08T02:46:50.833+0000] {processor.py:157} INFO - Started process (PID=4927) to work on /opt/airflow/dags/reddit_dag.py
[2024-09-08T02:46:50.834+0000] {processor.py:829} INFO - Processing file /opt/airflow/dags/reddit_dag.py for tasks to queue
[2024-09-08T02:46:50.837+0000] {logging_mixin.py:151} INFO - [2024-09-08T02:46:50.837+0000] {dagbag.py:536} INFO - Filling up the DagBag from /opt/airflow/dags/reddit_dag.py
[2024-09-08T02:46:51.155+0000] {processor.py:839} INFO - DAG(s) dict_keys(['elt_reddit_pipeline']) retrieved from /opt/airflow/dags/reddit_dag.py
[2024-09-08T02:46:51.166+0000] {logging_mixin.py:151} INFO - [2024-09-08T02:46:51.165+0000] {dag.py:2941} INFO - Sync 1 DAGs
[2024-09-08T02:46:51.175+0000] {logging_mixin.py:151} INFO - [2024-09-08T02:46:51.175+0000] {dag.py:3722} INFO - Setting next_dagrun for elt_reddit_pipeline to 2024-09-08T00:00:00+00:00, run_after=2024-09-09T00:00:00+00:00
[2024-09-08T02:46:51.183+0000] {processor.py:179} INFO - Processing /opt/airflow/dags/reddit_dag.py took 0.356 seconds
[2024-09-08T02:47:21.648+0000] {processor.py:157} INFO - Started process (PID=4929) to work on /opt/airflow/dags/reddit_dag.py
[2024-09-08T02:47:21.649+0000] {processor.py:829} INFO - Processing file /opt/airflow/dags/reddit_dag.py for tasks to queue
[2024-09-08T02:47:21.652+0000] {logging_mixin.py:151} INFO - [2024-09-08T02:47:21.652+0000] {dagbag.py:536} INFO - Filling up the DagBag from /opt/airflow/dags/reddit_dag.py
[2024-09-08T02:47:21.966+0000] {processor.py:839} INFO - DAG(s) dict_keys(['elt_reddit_pipeline']) retrieved from /opt/airflow/dags/reddit_dag.py
[2024-09-08T02:47:21.977+0000] {logging_mixin.py:151} INFO - [2024-09-08T02:47:21.977+0000] {dag.py:2941} INFO - Sync 1 DAGs
[2024-09-08T02:47:21.986+0000] {logging_mixin.py:151} INFO - [2024-09-08T02:47:21.986+0000] {dag.py:3722} INFO - Setting next_dagrun for elt_reddit_pipeline to 2024-09-08T00:00:00+00:00, run_after=2024-09-09T00:00:00+00:00
[2024-09-08T02:47:21.994+0000] {processor.py:179} INFO - Processing /opt/airflow/dags/reddit_dag.py took 0.351 seconds
[2024-09-08T02:47:52.187+0000] {processor.py:157} INFO - Started process (PID=4931) to work on /opt/airflow/dags/reddit_dag.py
[2024-09-08T02:47:52.188+0000] {processor.py:829} INFO - Processing file /opt/airflow/dags/reddit_dag.py for tasks to queue
[2024-09-08T02:47:52.192+0000] {logging_mixin.py:151} INFO - [2024-09-08T02:47:52.192+0000] {dagbag.py:536} INFO - Filling up the DagBag from /opt/airflow/dags/reddit_dag.py
[2024-09-08T02:47:52.510+0000] {processor.py:839} INFO - DAG(s) dict_keys(['elt_reddit_pipeline']) retrieved from /opt/airflow/dags/reddit_dag.py
[2024-09-08T02:47:52.521+0000] {logging_mixin.py:151} INFO - [2024-09-08T02:47:52.520+0000] {dag.py:2941} INFO - Sync 1 DAGs
[2024-09-08T02:47:52.530+0000] {logging_mixin.py:151} INFO - [2024-09-08T02:47:52.530+0000] {dag.py:3722} INFO - Setting next_dagrun for elt_reddit_pipeline to 2024-09-08T00:00:00+00:00, run_after=2024-09-09T00:00:00+00:00
[2024-09-08T02:47:52.538+0000] {processor.py:179} INFO - Processing /opt/airflow/dags/reddit_dag.py took 0.358 seconds
[2024-09-08T02:48:22.745+0000] {processor.py:157} INFO - Started process (PID=4933) to work on /opt/airflow/dags/reddit_dag.py
[2024-09-08T02:48:22.746+0000] {processor.py:829} INFO - Processing file /opt/airflow/dags/reddit_dag.py for tasks to queue
[2024-09-08T02:48:22.749+0000] {logging_mixin.py:151} INFO - [2024-09-08T02:48:22.749+0000] {dagbag.py:536} INFO - Filling up the DagBag from /opt/airflow/dags/reddit_dag.py
[2024-09-08T02:48:23.074+0000] {processor.py:839} INFO - DAG(s) dict_keys(['elt_reddit_pipeline']) retrieved from /opt/airflow/dags/reddit_dag.py
[2024-09-08T02:48:23.085+0000] {logging_mixin.py:151} INFO - [2024-09-08T02:48:23.085+0000] {dag.py:2941} INFO - Sync 1 DAGs
[2024-09-08T02:48:23.094+0000] {logging_mixin.py:151} INFO - [2024-09-08T02:48:23.094+0000] {dag.py:3722} INFO - Setting next_dagrun for elt_reddit_pipeline to 2024-09-08T00:00:00+00:00, run_after=2024-09-09T00:00:00+00:00
[2024-09-08T02:48:23.103+0000] {processor.py:179} INFO - Processing /opt/airflow/dags/reddit_dag.py took 0.364 seconds
[2024-09-08T02:48:53.613+0000] {processor.py:157} INFO - Started process (PID=4935) to work on /opt/airflow/dags/reddit_dag.py
[2024-09-08T02:48:53.615+0000] {processor.py:829} INFO - Processing file /opt/airflow/dags/reddit_dag.py for tasks to queue
[2024-09-08T02:48:53.619+0000] {logging_mixin.py:151} INFO - [2024-09-08T02:48:53.618+0000] {dagbag.py:536} INFO - Filling up the DagBag from /opt/airflow/dags/reddit_dag.py
[2024-09-08T02:48:53.933+0000] {processor.py:839} INFO - DAG(s) dict_keys(['elt_reddit_pipeline']) retrieved from /opt/airflow/dags/reddit_dag.py
[2024-09-08T02:48:53.944+0000] {logging_mixin.py:151} INFO - [2024-09-08T02:48:53.944+0000] {dag.py:2941} INFO - Sync 1 DAGs
[2024-09-08T02:48:53.954+0000] {logging_mixin.py:151} INFO - [2024-09-08T02:48:53.954+0000] {dag.py:3722} INFO - Setting next_dagrun for elt_reddit_pipeline to 2024-09-08T00:00:00+00:00, run_after=2024-09-09T00:00:00+00:00
[2024-09-08T02:48:53.962+0000] {processor.py:179} INFO - Processing /opt/airflow/dags/reddit_dag.py took 0.354 seconds
[2024-09-08T02:49:24.162+0000] {processor.py:157} INFO - Started process (PID=4937) to work on /opt/airflow/dags/reddit_dag.py
[2024-09-08T02:49:24.163+0000] {processor.py:829} INFO - Processing file /opt/airflow/dags/reddit_dag.py for tasks to queue
[2024-09-08T02:49:24.166+0000] {logging_mixin.py:151} INFO - [2024-09-08T02:49:24.166+0000] {dagbag.py:536} INFO - Filling up the DagBag from /opt/airflow/dags/reddit_dag.py
[2024-09-08T02:49:24.487+0000] {processor.py:839} INFO - DAG(s) dict_keys(['elt_reddit_pipeline']) retrieved from /opt/airflow/dags/reddit_dag.py
[2024-09-08T02:49:24.499+0000] {logging_mixin.py:151} INFO - [2024-09-08T02:49:24.498+0000] {dag.py:2941} INFO - Sync 1 DAGs
[2024-09-08T02:49:24.509+0000] {logging_mixin.py:151} INFO - [2024-09-08T02:49:24.508+0000] {dag.py:3722} INFO - Setting next_dagrun for elt_reddit_pipeline to 2024-09-08T00:00:00+00:00, run_after=2024-09-09T00:00:00+00:00
[2024-09-08T02:49:24.516+0000] {processor.py:179} INFO - Processing /opt/airflow/dags/reddit_dag.py took 0.360 seconds
[2024-09-08T02:49:54.958+0000] {processor.py:157} INFO - Started process (PID=4939) to work on /opt/airflow/dags/reddit_dag.py
[2024-09-08T02:49:54.959+0000] {processor.py:829} INFO - Processing file /opt/airflow/dags/reddit_dag.py for tasks to queue
[2024-09-08T02:49:54.962+0000] {logging_mixin.py:151} INFO - [2024-09-08T02:49:54.962+0000] {dagbag.py:536} INFO - Filling up the DagBag from /opt/airflow/dags/reddit_dag.py
[2024-09-08T02:49:55.280+0000] {processor.py:839} INFO - DAG(s) dict_keys(['elt_reddit_pipeline']) retrieved from /opt/airflow/dags/reddit_dag.py
[2024-09-08T02:49:55.292+0000] {logging_mixin.py:151} INFO - [2024-09-08T02:49:55.291+0000] {dag.py:2941} INFO - Sync 1 DAGs
[2024-09-08T02:49:55.301+0000] {logging_mixin.py:151} INFO - [2024-09-08T02:49:55.301+0000] {dag.py:3722} INFO - Setting next_dagrun for elt_reddit_pipeline to 2024-09-08T00:00:00+00:00, run_after=2024-09-09T00:00:00+00:00
[2024-09-08T02:49:55.309+0000] {processor.py:179} INFO - Processing /opt/airflow/dags/reddit_dag.py took 0.357 seconds
[2024-09-08T02:50:25.462+0000] {processor.py:157} INFO - Started process (PID=4941) to work on /opt/airflow/dags/reddit_dag.py
[2024-09-08T02:50:25.463+0000] {processor.py:829} INFO - Processing file /opt/airflow/dags/reddit_dag.py for tasks to queue
[2024-09-08T02:50:25.466+0000] {logging_mixin.py:151} INFO - [2024-09-08T02:50:25.466+0000] {dagbag.py:536} INFO - Filling up the DagBag from /opt/airflow/dags/reddit_dag.py
[2024-09-08T02:50:25.788+0000] {processor.py:839} INFO - DAG(s) dict_keys(['elt_reddit_pipeline']) retrieved from /opt/airflow/dags/reddit_dag.py
[2024-09-08T02:50:25.799+0000] {logging_mixin.py:151} INFO - [2024-09-08T02:50:25.799+0000] {dag.py:2941} INFO - Sync 1 DAGs
[2024-09-08T02:50:25.808+0000] {logging_mixin.py:151} INFO - [2024-09-08T02:50:25.808+0000] {dag.py:3722} INFO - Setting next_dagrun for elt_reddit_pipeline to 2024-09-08T00:00:00+00:00, run_after=2024-09-09T00:00:00+00:00
[2024-09-08T02:50:25.816+0000] {processor.py:179} INFO - Processing /opt/airflow/dags/reddit_dag.py took 0.360 seconds
[2024-09-08T02:50:56.327+0000] {processor.py:157} INFO - Started process (PID=4943) to work on /opt/airflow/dags/reddit_dag.py
[2024-09-08T02:50:56.328+0000] {processor.py:829} INFO - Processing file /opt/airflow/dags/reddit_dag.py for tasks to queue
[2024-09-08T02:50:56.331+0000] {logging_mixin.py:151} INFO - [2024-09-08T02:50:56.331+0000] {dagbag.py:536} INFO - Filling up the DagBag from /opt/airflow/dags/reddit_dag.py
[2024-09-08T02:50:56.653+0000] {processor.py:839} INFO - DAG(s) dict_keys(['elt_reddit_pipeline']) retrieved from /opt/airflow/dags/reddit_dag.py
[2024-09-08T02:50:56.664+0000] {logging_mixin.py:151} INFO - [2024-09-08T02:50:56.663+0000] {dag.py:2941} INFO - Sync 1 DAGs
[2024-09-08T02:50:56.673+0000] {logging_mixin.py:151} INFO - [2024-09-08T02:50:56.673+0000] {dag.py:3722} INFO - Setting next_dagrun for elt_reddit_pipeline to 2024-09-08T00:00:00+00:00, run_after=2024-09-09T00:00:00+00:00
[2024-09-08T02:50:56.681+0000] {processor.py:179} INFO - Processing /opt/airflow/dags/reddit_dag.py took 0.360 seconds
[2024-09-08T02:51:26.863+0000] {processor.py:157} INFO - Started process (PID=4945) to work on /opt/airflow/dags/reddit_dag.py
[2024-09-08T02:51:26.864+0000] {processor.py:829} INFO - Processing file /opt/airflow/dags/reddit_dag.py for tasks to queue
[2024-09-08T02:51:26.868+0000] {logging_mixin.py:151} INFO - [2024-09-08T02:51:26.868+0000] {dagbag.py:536} INFO - Filling up the DagBag from /opt/airflow/dags/reddit_dag.py
[2024-09-08T02:51:27.188+0000] {processor.py:839} INFO - DAG(s) dict_keys(['elt_reddit_pipeline']) retrieved from /opt/airflow/dags/reddit_dag.py
[2024-09-08T02:51:27.199+0000] {logging_mixin.py:151} INFO - [2024-09-08T02:51:27.199+0000] {dag.py:2941} INFO - Sync 1 DAGs
[2024-09-08T02:51:27.210+0000] {logging_mixin.py:151} INFO - [2024-09-08T02:51:27.210+0000] {dag.py:3722} INFO - Setting next_dagrun for elt_reddit_pipeline to 2024-09-08T00:00:00+00:00, run_after=2024-09-09T00:00:00+00:00
[2024-09-08T02:51:27.217+0000] {processor.py:179} INFO - Processing /opt/airflow/dags/reddit_dag.py took 0.360 seconds
[2024-09-08T02:51:57.712+0000] {processor.py:157} INFO - Started process (PID=4947) to work on /opt/airflow/dags/reddit_dag.py
[2024-09-08T02:51:57.714+0000] {processor.py:829} INFO - Processing file /opt/airflow/dags/reddit_dag.py for tasks to queue
[2024-09-08T02:51:57.716+0000] {logging_mixin.py:151} INFO - [2024-09-08T02:51:57.716+0000] {dagbag.py:536} INFO - Filling up the DagBag from /opt/airflow/dags/reddit_dag.py
[2024-09-08T02:51:58.023+0000] {processor.py:839} INFO - DAG(s) dict_keys(['elt_reddit_pipeline']) retrieved from /opt/airflow/dags/reddit_dag.py
[2024-09-08T02:51:58.033+0000] {logging_mixin.py:151} INFO - [2024-09-08T02:51:58.033+0000] {dag.py:2941} INFO - Sync 1 DAGs
[2024-09-08T02:51:58.043+0000] {logging_mixin.py:151} INFO - [2024-09-08T02:51:58.043+0000] {dag.py:3722} INFO - Setting next_dagrun for elt_reddit_pipeline to 2024-09-08T00:00:00+00:00, run_after=2024-09-09T00:00:00+00:00
[2024-09-08T02:51:58.051+0000] {processor.py:179} INFO - Processing /opt/airflow/dags/reddit_dag.py took 0.344 seconds
[2024-09-08T02:52:28.202+0000] {processor.py:157} INFO - Started process (PID=4949) to work on /opt/airflow/dags/reddit_dag.py
[2024-09-08T02:52:28.204+0000] {processor.py:829} INFO - Processing file /opt/airflow/dags/reddit_dag.py for tasks to queue
[2024-09-08T02:52:28.208+0000] {logging_mixin.py:151} INFO - [2024-09-08T02:52:28.207+0000] {dagbag.py:536} INFO - Filling up the DagBag from /opt/airflow/dags/reddit_dag.py
[2024-09-08T02:52:28.526+0000] {processor.py:839} INFO - DAG(s) dict_keys(['elt_reddit_pipeline']) retrieved from /opt/airflow/dags/reddit_dag.py
[2024-09-08T02:52:28.537+0000] {logging_mixin.py:151} INFO - [2024-09-08T02:52:28.537+0000] {dag.py:2941} INFO - Sync 1 DAGs
[2024-09-08T02:52:28.547+0000] {logging_mixin.py:151} INFO - [2024-09-08T02:52:28.547+0000] {dag.py:3722} INFO - Setting next_dagrun for elt_reddit_pipeline to 2024-09-08T00:00:00+00:00, run_after=2024-09-09T00:00:00+00:00
[2024-09-08T02:52:28.555+0000] {processor.py:179} INFO - Processing /opt/airflow/dags/reddit_dag.py took 0.358 seconds
[2024-09-08T02:52:59.061+0000] {processor.py:157} INFO - Started process (PID=4951) to work on /opt/airflow/dags/reddit_dag.py
[2024-09-08T02:52:59.063+0000] {processor.py:829} INFO - Processing file /opt/airflow/dags/reddit_dag.py for tasks to queue
[2024-09-08T02:52:59.067+0000] {logging_mixin.py:151} INFO - [2024-09-08T02:52:59.066+0000] {dagbag.py:536} INFO - Filling up the DagBag from /opt/airflow/dags/reddit_dag.py
[2024-09-08T02:52:59.382+0000] {processor.py:839} INFO - DAG(s) dict_keys(['elt_reddit_pipeline']) retrieved from /opt/airflow/dags/reddit_dag.py
[2024-09-08T02:52:59.394+0000] {logging_mixin.py:151} INFO - [2024-09-08T02:52:59.393+0000] {dag.py:2941} INFO - Sync 1 DAGs
[2024-09-08T02:52:59.403+0000] {logging_mixin.py:151} INFO - [2024-09-08T02:52:59.403+0000] {dag.py:3722} INFO - Setting next_dagrun for elt_reddit_pipeline to 2024-09-08T00:00:00+00:00, run_after=2024-09-09T00:00:00+00:00
[2024-09-08T02:52:59.410+0000] {processor.py:179} INFO - Processing /opt/airflow/dags/reddit_dag.py took 0.354 seconds
[2024-09-08T02:53:29.597+0000] {processor.py:157} INFO - Started process (PID=4953) to work on /opt/airflow/dags/reddit_dag.py
[2024-09-08T02:53:29.598+0000] {processor.py:829} INFO - Processing file /opt/airflow/dags/reddit_dag.py for tasks to queue
[2024-09-08T02:53:29.601+0000] {logging_mixin.py:151} INFO - [2024-09-08T02:53:29.601+0000] {dagbag.py:536} INFO - Filling up the DagBag from /opt/airflow/dags/reddit_dag.py
[2024-09-08T02:53:29.919+0000] {processor.py:839} INFO - DAG(s) dict_keys(['elt_reddit_pipeline']) retrieved from /opt/airflow/dags/reddit_dag.py
[2024-09-08T02:53:29.930+0000] {logging_mixin.py:151} INFO - [2024-09-08T02:53:29.930+0000] {dag.py:2941} INFO - Sync 1 DAGs
[2024-09-08T02:53:29.940+0000] {logging_mixin.py:151} INFO - [2024-09-08T02:53:29.940+0000] {dag.py:3722} INFO - Setting next_dagrun for elt_reddit_pipeline to 2024-09-08T00:00:00+00:00, run_after=2024-09-09T00:00:00+00:00
[2024-09-08T02:53:29.948+0000] {processor.py:179} INFO - Processing /opt/airflow/dags/reddit_dag.py took 0.357 seconds
[2024-09-08T02:54:00.338+0000] {processor.py:157} INFO - Started process (PID=4955) to work on /opt/airflow/dags/reddit_dag.py
[2024-09-08T02:54:00.339+0000] {processor.py:829} INFO - Processing file /opt/airflow/dags/reddit_dag.py for tasks to queue
[2024-09-08T02:54:00.342+0000] {logging_mixin.py:151} INFO - [2024-09-08T02:54:00.342+0000] {dagbag.py:536} INFO - Filling up the DagBag from /opt/airflow/dags/reddit_dag.py
[2024-09-08T02:54:00.656+0000] {processor.py:839} INFO - DAG(s) dict_keys(['elt_reddit_pipeline']) retrieved from /opt/airflow/dags/reddit_dag.py
[2024-09-08T02:54:00.667+0000] {logging_mixin.py:151} INFO - [2024-09-08T02:54:00.667+0000] {dag.py:2941} INFO - Sync 1 DAGs
[2024-09-08T02:54:00.676+0000] {logging_mixin.py:151} INFO - [2024-09-08T02:54:00.676+0000] {dag.py:3722} INFO - Setting next_dagrun for elt_reddit_pipeline to 2024-09-08T00:00:00+00:00, run_after=2024-09-09T00:00:00+00:00
[2024-09-08T02:54:00.685+0000] {processor.py:179} INFO - Processing /opt/airflow/dags/reddit_dag.py took 0.352 seconds
[2024-09-08T02:54:30.891+0000] {processor.py:157} INFO - Started process (PID=4957) to work on /opt/airflow/dags/reddit_dag.py
[2024-09-08T02:54:30.893+0000] {processor.py:829} INFO - Processing file /opt/airflow/dags/reddit_dag.py for tasks to queue
[2024-09-08T02:54:30.896+0000] {logging_mixin.py:151} INFO - [2024-09-08T02:54:30.896+0000] {dagbag.py:536} INFO - Filling up the DagBag from /opt/airflow/dags/reddit_dag.py
[2024-09-08T02:54:31.210+0000] {processor.py:839} INFO - DAG(s) dict_keys(['elt_reddit_pipeline']) retrieved from /opt/airflow/dags/reddit_dag.py
[2024-09-08T02:54:31.221+0000] {logging_mixin.py:151} INFO - [2024-09-08T02:54:31.221+0000] {dag.py:2941} INFO - Sync 1 DAGs
[2024-09-08T02:54:31.232+0000] {logging_mixin.py:151} INFO - [2024-09-08T02:54:31.232+0000] {dag.py:3722} INFO - Setting next_dagrun for elt_reddit_pipeline to 2024-09-08T00:00:00+00:00, run_after=2024-09-09T00:00:00+00:00
[2024-09-08T02:54:31.244+0000] {processor.py:179} INFO - Processing /opt/airflow/dags/reddit_dag.py took 0.358 seconds
[2024-09-08T02:55:01.763+0000] {processor.py:157} INFO - Started process (PID=4959) to work on /opt/airflow/dags/reddit_dag.py
[2024-09-08T02:55:01.765+0000] {processor.py:829} INFO - Processing file /opt/airflow/dags/reddit_dag.py for tasks to queue
[2024-09-08T02:55:01.769+0000] {logging_mixin.py:151} INFO - [2024-09-08T02:55:01.768+0000] {dagbag.py:536} INFO - Filling up the DagBag from /opt/airflow/dags/reddit_dag.py
[2024-09-08T02:55:02.083+0000] {processor.py:839} INFO - DAG(s) dict_keys(['elt_reddit_pipeline']) retrieved from /opt/airflow/dags/reddit_dag.py
[2024-09-08T02:55:02.094+0000] {logging_mixin.py:151} INFO - [2024-09-08T02:55:02.093+0000] {dag.py:2941} INFO - Sync 1 DAGs
[2024-09-08T02:55:02.104+0000] {logging_mixin.py:151} INFO - [2024-09-08T02:55:02.104+0000] {dag.py:3722} INFO - Setting next_dagrun for elt_reddit_pipeline to 2024-09-08T00:00:00+00:00, run_after=2024-09-09T00:00:00+00:00
[2024-09-08T02:55:02.111+0000] {processor.py:179} INFO - Processing /opt/airflow/dags/reddit_dag.py took 0.353 seconds
[2024-09-08T02:55:32.312+0000] {processor.py:157} INFO - Started process (PID=4961) to work on /opt/airflow/dags/reddit_dag.py
[2024-09-08T02:55:32.313+0000] {processor.py:829} INFO - Processing file /opt/airflow/dags/reddit_dag.py for tasks to queue
[2024-09-08T02:55:32.317+0000] {logging_mixin.py:151} INFO - [2024-09-08T02:55:32.317+0000] {dagbag.py:536} INFO - Filling up the DagBag from /opt/airflow/dags/reddit_dag.py
[2024-09-08T02:55:32.634+0000] {processor.py:839} INFO - DAG(s) dict_keys(['elt_reddit_pipeline']) retrieved from /opt/airflow/dags/reddit_dag.py
[2024-09-08T02:55:32.647+0000] {logging_mixin.py:151} INFO - [2024-09-08T02:55:32.646+0000] {dag.py:2941} INFO - Sync 1 DAGs
[2024-09-08T02:55:32.657+0000] {logging_mixin.py:151} INFO - [2024-09-08T02:55:32.657+0000] {dag.py:3722} INFO - Setting next_dagrun for elt_reddit_pipeline to 2024-09-08T00:00:00+00:00, run_after=2024-09-09T00:00:00+00:00
[2024-09-08T02:55:32.665+0000] {processor.py:179} INFO - Processing /opt/airflow/dags/reddit_dag.py took 0.359 seconds
[2024-09-08T02:56:03.026+0000] {processor.py:157} INFO - Started process (PID=4963) to work on /opt/airflow/dags/reddit_dag.py
[2024-09-08T02:56:03.027+0000] {processor.py:829} INFO - Processing file /opt/airflow/dags/reddit_dag.py for tasks to queue
[2024-09-08T02:56:03.031+0000] {logging_mixin.py:151} INFO - [2024-09-08T02:56:03.031+0000] {dagbag.py:536} INFO - Filling up the DagBag from /opt/airflow/dags/reddit_dag.py
[2024-09-08T02:56:03.350+0000] {processor.py:839} INFO - DAG(s) dict_keys(['elt_reddit_pipeline']) retrieved from /opt/airflow/dags/reddit_dag.py
[2024-09-08T02:56:03.361+0000] {logging_mixin.py:151} INFO - [2024-09-08T02:56:03.361+0000] {dag.py:2941} INFO - Sync 1 DAGs
[2024-09-08T02:56:03.371+0000] {logging_mixin.py:151} INFO - [2024-09-08T02:56:03.371+0000] {dag.py:3722} INFO - Setting next_dagrun for elt_reddit_pipeline to 2024-09-08T00:00:00+00:00, run_after=2024-09-09T00:00:00+00:00
[2024-09-08T02:56:03.379+0000] {processor.py:179} INFO - Processing /opt/airflow/dags/reddit_dag.py took 0.359 seconds
[2024-09-08T02:56:33.627+0000] {processor.py:157} INFO - Started process (PID=4965) to work on /opt/airflow/dags/reddit_dag.py
[2024-09-08T02:56:33.628+0000] {processor.py:829} INFO - Processing file /opt/airflow/dags/reddit_dag.py for tasks to queue
[2024-09-08T02:56:33.631+0000] {logging_mixin.py:151} INFO - [2024-09-08T02:56:33.631+0000] {dagbag.py:536} INFO - Filling up the DagBag from /opt/airflow/dags/reddit_dag.py
[2024-09-08T02:56:33.947+0000] {processor.py:839} INFO - DAG(s) dict_keys(['elt_reddit_pipeline']) retrieved from /opt/airflow/dags/reddit_dag.py
[2024-09-08T02:56:33.958+0000] {logging_mixin.py:151} INFO - [2024-09-08T02:56:33.958+0000] {dag.py:2941} INFO - Sync 1 DAGs
[2024-09-08T02:56:33.967+0000] {logging_mixin.py:151} INFO - [2024-09-08T02:56:33.967+0000] {dag.py:3722} INFO - Setting next_dagrun for elt_reddit_pipeline to 2024-09-08T00:00:00+00:00, run_after=2024-09-09T00:00:00+00:00
[2024-09-08T02:56:33.975+0000] {processor.py:179} INFO - Processing /opt/airflow/dags/reddit_dag.py took 0.353 seconds
[2024-09-08T02:57:04.339+0000] {processor.py:157} INFO - Started process (PID=4967) to work on /opt/airflow/dags/reddit_dag.py
[2024-09-08T02:57:04.341+0000] {processor.py:829} INFO - Processing file /opt/airflow/dags/reddit_dag.py for tasks to queue
[2024-09-08T02:57:04.343+0000] {logging_mixin.py:151} INFO - [2024-09-08T02:57:04.343+0000] {dagbag.py:536} INFO - Filling up the DagBag from /opt/airflow/dags/reddit_dag.py
[2024-09-08T02:57:04.664+0000] {processor.py:839} INFO - DAG(s) dict_keys(['elt_reddit_pipeline']) retrieved from /opt/airflow/dags/reddit_dag.py
[2024-09-08T02:57:04.676+0000] {logging_mixin.py:151} INFO - [2024-09-08T02:57:04.675+0000] {dag.py:2941} INFO - Sync 1 DAGs
[2024-09-08T02:57:04.686+0000] {logging_mixin.py:151} INFO - [2024-09-08T02:57:04.685+0000] {dag.py:3722} INFO - Setting next_dagrun for elt_reddit_pipeline to 2024-09-08T00:00:00+00:00, run_after=2024-09-09T00:00:00+00:00
[2024-09-08T02:57:04.694+0000] {processor.py:179} INFO - Processing /opt/airflow/dags/reddit_dag.py took 0.360 seconds
[2024-09-08T02:57:34.850+0000] {processor.py:157} INFO - Started process (PID=4969) to work on /opt/airflow/dags/reddit_dag.py
[2024-09-08T02:57:34.851+0000] {processor.py:829} INFO - Processing file /opt/airflow/dags/reddit_dag.py for tasks to queue
[2024-09-08T02:57:34.854+0000] {logging_mixin.py:151} INFO - [2024-09-08T02:57:34.854+0000] {dagbag.py:536} INFO - Filling up the DagBag from /opt/airflow/dags/reddit_dag.py
[2024-09-08T02:57:35.175+0000] {processor.py:839} INFO - DAG(s) dict_keys(['elt_reddit_pipeline']) retrieved from /opt/airflow/dags/reddit_dag.py
[2024-09-08T02:57:35.186+0000] {logging_mixin.py:151} INFO - [2024-09-08T02:57:35.185+0000] {dag.py:2941} INFO - Sync 1 DAGs
[2024-09-08T02:57:35.196+0000] {logging_mixin.py:151} INFO - [2024-09-08T02:57:35.196+0000] {dag.py:3722} INFO - Setting next_dagrun for elt_reddit_pipeline to 2024-09-08T00:00:00+00:00, run_after=2024-09-09T00:00:00+00:00
[2024-09-08T02:57:35.204+0000] {processor.py:179} INFO - Processing /opt/airflow/dags/reddit_dag.py took 0.357 seconds
[2024-09-08T02:58:05.859+0000] {processor.py:157} INFO - Started process (PID=4971) to work on /opt/airflow/dags/reddit_dag.py
[2024-09-08T02:58:05.861+0000] {processor.py:829} INFO - Processing file /opt/airflow/dags/reddit_dag.py for tasks to queue
[2024-09-08T02:58:05.864+0000] {logging_mixin.py:151} INFO - [2024-09-08T02:58:05.863+0000] {dagbag.py:536} INFO - Filling up the DagBag from /opt/airflow/dags/reddit_dag.py
[2024-09-08T02:58:06.179+0000] {processor.py:839} INFO - DAG(s) dict_keys(['elt_reddit_pipeline']) retrieved from /opt/airflow/dags/reddit_dag.py
[2024-09-08T02:58:06.190+0000] {logging_mixin.py:151} INFO - [2024-09-08T02:58:06.189+0000] {dag.py:2941} INFO - Sync 1 DAGs
[2024-09-08T02:58:06.200+0000] {logging_mixin.py:151} INFO - [2024-09-08T02:58:06.200+0000] {dag.py:3722} INFO - Setting next_dagrun for elt_reddit_pipeline to 2024-09-08T00:00:00+00:00, run_after=2024-09-09T00:00:00+00:00
[2024-09-08T02:58:06.208+0000] {processor.py:179} INFO - Processing /opt/airflow/dags/reddit_dag.py took 0.354 seconds
[2024-09-08T02:58:36.397+0000] {processor.py:157} INFO - Started process (PID=4973) to work on /opt/airflow/dags/reddit_dag.py
[2024-09-08T02:58:36.398+0000] {processor.py:829} INFO - Processing file /opt/airflow/dags/reddit_dag.py for tasks to queue
[2024-09-08T02:58:36.402+0000] {logging_mixin.py:151} INFO - [2024-09-08T02:58:36.401+0000] {dagbag.py:536} INFO - Filling up the DagBag from /opt/airflow/dags/reddit_dag.py
[2024-09-08T02:58:36.723+0000] {processor.py:839} INFO - DAG(s) dict_keys(['elt_reddit_pipeline']) retrieved from /opt/airflow/dags/reddit_dag.py
[2024-09-08T02:58:36.734+0000] {logging_mixin.py:151} INFO - [2024-09-08T02:58:36.734+0000] {dag.py:2941} INFO - Sync 1 DAGs
[2024-09-08T02:58:36.743+0000] {logging_mixin.py:151} INFO - [2024-09-08T02:58:36.743+0000] {dag.py:3722} INFO - Setting next_dagrun for elt_reddit_pipeline to 2024-09-08T00:00:00+00:00, run_after=2024-09-09T00:00:00+00:00
[2024-09-08T02:58:36.752+0000] {processor.py:179} INFO - Processing /opt/airflow/dags/reddit_dag.py took 0.361 seconds
[2024-09-08T02:59:07.099+0000] {processor.py:157} INFO - Started process (PID=4975) to work on /opt/airflow/dags/reddit_dag.py
[2024-09-08T02:59:07.101+0000] {processor.py:829} INFO - Processing file /opt/airflow/dags/reddit_dag.py for tasks to queue
[2024-09-08T02:59:07.105+0000] {logging_mixin.py:151} INFO - [2024-09-08T02:59:07.105+0000] {dagbag.py:536} INFO - Filling up the DagBag from /opt/airflow/dags/reddit_dag.py
[2024-09-08T02:59:07.421+0000] {processor.py:839} INFO - DAG(s) dict_keys(['elt_reddit_pipeline']) retrieved from /opt/airflow/dags/reddit_dag.py
[2024-09-08T02:59:07.431+0000] {logging_mixin.py:151} INFO - [2024-09-08T02:59:07.431+0000] {dag.py:2941} INFO - Sync 1 DAGs
[2024-09-08T02:59:07.440+0000] {logging_mixin.py:151} INFO - [2024-09-08T02:59:07.440+0000] {dag.py:3722} INFO - Setting next_dagrun for elt_reddit_pipeline to 2024-09-08T00:00:00+00:00, run_after=2024-09-09T00:00:00+00:00
[2024-09-08T02:59:07.449+0000] {processor.py:179} INFO - Processing /opt/airflow/dags/reddit_dag.py took 0.356 seconds
[2024-09-08T02:59:37.682+0000] {processor.py:157} INFO - Started process (PID=4977) to work on /opt/airflow/dags/reddit_dag.py
[2024-09-08T02:59:37.683+0000] {processor.py:829} INFO - Processing file /opt/airflow/dags/reddit_dag.py for tasks to queue
[2024-09-08T02:59:37.687+0000] {logging_mixin.py:151} INFO - [2024-09-08T02:59:37.686+0000] {dagbag.py:536} INFO - Filling up the DagBag from /opt/airflow/dags/reddit_dag.py
[2024-09-08T02:59:38.003+0000] {processor.py:839} INFO - DAG(s) dict_keys(['elt_reddit_pipeline']) retrieved from /opt/airflow/dags/reddit_dag.py
[2024-09-08T02:59:38.014+0000] {logging_mixin.py:151} INFO - [2024-09-08T02:59:38.014+0000] {dag.py:2941} INFO - Sync 1 DAGs
[2024-09-08T02:59:38.024+0000] {logging_mixin.py:151} INFO - [2024-09-08T02:59:38.023+0000] {dag.py:3722} INFO - Setting next_dagrun for elt_reddit_pipeline to 2024-09-08T00:00:00+00:00, run_after=2024-09-09T00:00:00+00:00
[2024-09-08T02:59:38.033+0000] {processor.py:179} INFO - Processing /opt/airflow/dags/reddit_dag.py took 0.357 seconds
[2024-09-08T03:00:08.361+0000] {processor.py:157} INFO - Started process (PID=4979) to work on /opt/airflow/dags/reddit_dag.py
[2024-09-08T03:00:08.363+0000] {processor.py:829} INFO - Processing file /opt/airflow/dags/reddit_dag.py for tasks to queue
[2024-09-08T03:00:08.366+0000] {logging_mixin.py:151} INFO - [2024-09-08T03:00:08.366+0000] {dagbag.py:536} INFO - Filling up the DagBag from /opt/airflow/dags/reddit_dag.py
[2024-09-08T03:00:08.684+0000] {processor.py:839} INFO - DAG(s) dict_keys(['elt_reddit_pipeline']) retrieved from /opt/airflow/dags/reddit_dag.py
[2024-09-08T03:00:08.695+0000] {logging_mixin.py:151} INFO - [2024-09-08T03:00:08.694+0000] {dag.py:2941} INFO - Sync 1 DAGs
[2024-09-08T03:00:08.705+0000] {logging_mixin.py:151} INFO - [2024-09-08T03:00:08.705+0000] {dag.py:3722} INFO - Setting next_dagrun for elt_reddit_pipeline to 2024-09-08T00:00:00+00:00, run_after=2024-09-09T00:00:00+00:00
[2024-09-08T03:00:08.712+0000] {processor.py:179} INFO - Processing /opt/airflow/dags/reddit_dag.py took 0.357 seconds
[2024-09-08T03:00:38.942+0000] {processor.py:157} INFO - Started process (PID=4981) to work on /opt/airflow/dags/reddit_dag.py
[2024-09-08T03:00:38.943+0000] {processor.py:829} INFO - Processing file /opt/airflow/dags/reddit_dag.py for tasks to queue
[2024-09-08T03:00:38.946+0000] {logging_mixin.py:151} INFO - [2024-09-08T03:00:38.946+0000] {dagbag.py:536} INFO - Filling up the DagBag from /opt/airflow/dags/reddit_dag.py
[2024-09-08T03:00:39.264+0000] {processor.py:839} INFO - DAG(s) dict_keys(['elt_reddit_pipeline']) retrieved from /opt/airflow/dags/reddit_dag.py
[2024-09-08T03:00:39.275+0000] {logging_mixin.py:151} INFO - [2024-09-08T03:00:39.274+0000] {dag.py:2941} INFO - Sync 1 DAGs
[2024-09-08T03:00:39.285+0000] {logging_mixin.py:151} INFO - [2024-09-08T03:00:39.285+0000] {dag.py:3722} INFO - Setting next_dagrun for elt_reddit_pipeline to 2024-09-08T00:00:00+00:00, run_after=2024-09-09T00:00:00+00:00
[2024-09-08T03:00:39.293+0000] {processor.py:179} INFO - Processing /opt/airflow/dags/reddit_dag.py took 0.357 seconds
[2024-09-08T03:01:09.933+0000] {processor.py:157} INFO - Started process (PID=4983) to work on /opt/airflow/dags/reddit_dag.py
[2024-09-08T03:01:09.935+0000] {processor.py:829} INFO - Processing file /opt/airflow/dags/reddit_dag.py for tasks to queue
[2024-09-08T03:01:09.938+0000] {logging_mixin.py:151} INFO - [2024-09-08T03:01:09.937+0000] {dagbag.py:536} INFO - Filling up the DagBag from /opt/airflow/dags/reddit_dag.py
[2024-09-08T03:01:10.260+0000] {processor.py:839} INFO - DAG(s) dict_keys(['elt_reddit_pipeline']) retrieved from /opt/airflow/dags/reddit_dag.py
[2024-09-08T03:01:10.272+0000] {logging_mixin.py:151} INFO - [2024-09-08T03:01:10.271+0000] {dag.py:2941} INFO - Sync 1 DAGs
[2024-09-08T03:01:10.282+0000] {logging_mixin.py:151} INFO - [2024-09-08T03:01:10.281+0000] {dag.py:3722} INFO - Setting next_dagrun for elt_reddit_pipeline to 2024-09-08T00:00:00+00:00, run_after=2024-09-09T00:00:00+00:00
[2024-09-08T03:01:10.290+0000] {processor.py:179} INFO - Processing /opt/airflow/dags/reddit_dag.py took 0.362 seconds
[2024-09-08T03:01:40.457+0000] {processor.py:157} INFO - Started process (PID=4985) to work on /opt/airflow/dags/reddit_dag.py
[2024-09-08T03:01:40.458+0000] {processor.py:829} INFO - Processing file /opt/airflow/dags/reddit_dag.py for tasks to queue
[2024-09-08T03:01:40.461+0000] {logging_mixin.py:151} INFO - [2024-09-08T03:01:40.461+0000] {dagbag.py:536} INFO - Filling up the DagBag from /opt/airflow/dags/reddit_dag.py
[2024-09-08T03:01:40.780+0000] {processor.py:839} INFO - DAG(s) dict_keys(['elt_reddit_pipeline']) retrieved from /opt/airflow/dags/reddit_dag.py
[2024-09-08T03:01:40.791+0000] {logging_mixin.py:151} INFO - [2024-09-08T03:01:40.791+0000] {dag.py:2941} INFO - Sync 1 DAGs
[2024-09-08T03:01:40.801+0000] {logging_mixin.py:151} INFO - [2024-09-08T03:01:40.801+0000] {dag.py:3722} INFO - Setting next_dagrun for elt_reddit_pipeline to 2024-09-08T00:00:00+00:00, run_after=2024-09-09T00:00:00+00:00
[2024-09-08T03:01:40.809+0000] {processor.py:179} INFO - Processing /opt/airflow/dags/reddit_dag.py took 0.358 seconds
[2024-09-08T03:02:11.258+0000] {processor.py:157} INFO - Started process (PID=4987) to work on /opt/airflow/dags/reddit_dag.py
[2024-09-08T03:02:11.259+0000] {processor.py:829} INFO - Processing file /opt/airflow/dags/reddit_dag.py for tasks to queue
[2024-09-08T03:02:11.263+0000] {logging_mixin.py:151} INFO - [2024-09-08T03:02:11.262+0000] {dagbag.py:536} INFO - Filling up the DagBag from /opt/airflow/dags/reddit_dag.py
[2024-09-08T03:02:11.582+0000] {processor.py:839} INFO - DAG(s) dict_keys(['elt_reddit_pipeline']) retrieved from /opt/airflow/dags/reddit_dag.py
[2024-09-08T03:02:11.593+0000] {logging_mixin.py:151} INFO - [2024-09-08T03:02:11.592+0000] {dag.py:2941} INFO - Sync 1 DAGs
[2024-09-08T03:02:11.602+0000] {logging_mixin.py:151} INFO - [2024-09-08T03:02:11.602+0000] {dag.py:3722} INFO - Setting next_dagrun for elt_reddit_pipeline to 2024-09-08T00:00:00+00:00, run_after=2024-09-09T00:00:00+00:00
[2024-09-08T03:02:11.610+0000] {processor.py:179} INFO - Processing /opt/airflow/dags/reddit_dag.py took 0.357 seconds
[2024-09-08T03:02:41.748+0000] {processor.py:157} INFO - Started process (PID=4989) to work on /opt/airflow/dags/reddit_dag.py
[2024-09-08T03:02:41.749+0000] {processor.py:829} INFO - Processing file /opt/airflow/dags/reddit_dag.py for tasks to queue
[2024-09-08T03:02:41.753+0000] {logging_mixin.py:151} INFO - [2024-09-08T03:02:41.753+0000] {dagbag.py:536} INFO - Filling up the DagBag from /opt/airflow/dags/reddit_dag.py
[2024-09-08T03:02:42.064+0000] {processor.py:839} INFO - DAG(s) dict_keys(['elt_reddit_pipeline']) retrieved from /opt/airflow/dags/reddit_dag.py
[2024-09-08T03:02:42.075+0000] {logging_mixin.py:151} INFO - [2024-09-08T03:02:42.074+0000] {dag.py:2941} INFO - Sync 1 DAGs
[2024-09-08T03:02:42.084+0000] {logging_mixin.py:151} INFO - [2024-09-08T03:02:42.084+0000] {dag.py:3722} INFO - Setting next_dagrun for elt_reddit_pipeline to 2024-09-08T00:00:00+00:00, run_after=2024-09-09T00:00:00+00:00
[2024-09-08T03:02:42.092+0000] {processor.py:179} INFO - Processing /opt/airflow/dags/reddit_dag.py took 0.349 seconds
[2024-09-08T03:03:12.551+0000] {processor.py:157} INFO - Started process (PID=4991) to work on /opt/airflow/dags/reddit_dag.py
[2024-09-08T03:03:12.552+0000] {processor.py:829} INFO - Processing file /opt/airflow/dags/reddit_dag.py for tasks to queue
[2024-09-08T03:03:12.556+0000] {logging_mixin.py:151} INFO - [2024-09-08T03:03:12.556+0000] {dagbag.py:536} INFO - Filling up the DagBag from /opt/airflow/dags/reddit_dag.py
[2024-09-08T03:03:12.872+0000] {processor.py:839} INFO - DAG(s) dict_keys(['elt_reddit_pipeline']) retrieved from /opt/airflow/dags/reddit_dag.py
[2024-09-08T03:03:12.883+0000] {logging_mixin.py:151} INFO - [2024-09-08T03:03:12.883+0000] {dag.py:2941} INFO - Sync 1 DAGs
[2024-09-08T03:03:12.893+0000] {logging_mixin.py:151} INFO - [2024-09-08T03:03:12.893+0000] {dag.py:3722} INFO - Setting next_dagrun for elt_reddit_pipeline to 2024-09-08T00:00:00+00:00, run_after=2024-09-09T00:00:00+00:00
[2024-09-08T03:03:12.901+0000] {processor.py:179} INFO - Processing /opt/airflow/dags/reddit_dag.py took 0.356 seconds
[2024-09-08T03:03:43.055+0000] {processor.py:157} INFO - Started process (PID=4993) to work on /opt/airflow/dags/reddit_dag.py
[2024-09-08T03:03:43.056+0000] {processor.py:829} INFO - Processing file /opt/airflow/dags/reddit_dag.py for tasks to queue
[2024-09-08T03:03:43.060+0000] {logging_mixin.py:151} INFO - [2024-09-08T03:03:43.060+0000] {dagbag.py:536} INFO - Filling up the DagBag from /opt/airflow/dags/reddit_dag.py
[2024-09-08T03:03:43.373+0000] {processor.py:839} INFO - DAG(s) dict_keys(['elt_reddit_pipeline']) retrieved from /opt/airflow/dags/reddit_dag.py
[2024-09-08T03:03:43.384+0000] {logging_mixin.py:151} INFO - [2024-09-08T03:03:43.383+0000] {dag.py:2941} INFO - Sync 1 DAGs
[2024-09-08T03:03:43.393+0000] {logging_mixin.py:151} INFO - [2024-09-08T03:03:43.393+0000] {dag.py:3722} INFO - Setting next_dagrun for elt_reddit_pipeline to 2024-09-08T00:00:00+00:00, run_after=2024-09-09T00:00:00+00:00
[2024-09-08T03:03:43.401+0000] {processor.py:179} INFO - Processing /opt/airflow/dags/reddit_dag.py took 0.352 seconds
[2024-09-08T03:04:13.945+0000] {processor.py:157} INFO - Started process (PID=4995) to work on /opt/airflow/dags/reddit_dag.py
[2024-09-08T03:04:13.947+0000] {processor.py:829} INFO - Processing file /opt/airflow/dags/reddit_dag.py for tasks to queue
[2024-09-08T03:04:13.950+0000] {logging_mixin.py:151} INFO - [2024-09-08T03:04:13.949+0000] {dagbag.py:536} INFO - Filling up the DagBag from /opt/airflow/dags/reddit_dag.py
[2024-09-08T03:04:14.272+0000] {processor.py:839} INFO - DAG(s) dict_keys(['elt_reddit_pipeline']) retrieved from /opt/airflow/dags/reddit_dag.py
[2024-09-08T03:04:14.283+0000] {logging_mixin.py:151} INFO - [2024-09-08T03:04:14.283+0000] {dag.py:2941} INFO - Sync 1 DAGs
[2024-09-08T03:04:14.292+0000] {logging_mixin.py:151} INFO - [2024-09-08T03:04:14.292+0000] {dag.py:3722} INFO - Setting next_dagrun for elt_reddit_pipeline to 2024-09-08T00:00:00+00:00, run_after=2024-09-09T00:00:00+00:00
[2024-09-08T03:04:14.300+0000] {processor.py:179} INFO - Processing /opt/airflow/dags/reddit_dag.py took 0.360 seconds
[2024-09-08T03:04:44.462+0000] {processor.py:157} INFO - Started process (PID=4997) to work on /opt/airflow/dags/reddit_dag.py
[2024-09-08T03:04:44.463+0000] {processor.py:829} INFO - Processing file /opt/airflow/dags/reddit_dag.py for tasks to queue
[2024-09-08T03:04:44.466+0000] {logging_mixin.py:151} INFO - [2024-09-08T03:04:44.466+0000] {dagbag.py:536} INFO - Filling up the DagBag from /opt/airflow/dags/reddit_dag.py
[2024-09-08T03:04:44.782+0000] {processor.py:839} INFO - DAG(s) dict_keys(['elt_reddit_pipeline']) retrieved from /opt/airflow/dags/reddit_dag.py
[2024-09-08T03:04:44.793+0000] {logging_mixin.py:151} INFO - [2024-09-08T03:04:44.793+0000] {dag.py:2941} INFO - Sync 1 DAGs
[2024-09-08T03:04:44.802+0000] {logging_mixin.py:151} INFO - [2024-09-08T03:04:44.802+0000] {dag.py:3722} INFO - Setting next_dagrun for elt_reddit_pipeline to 2024-09-08T00:00:00+00:00, run_after=2024-09-09T00:00:00+00:00
[2024-09-08T03:04:44.810+0000] {processor.py:179} INFO - Processing /opt/airflow/dags/reddit_dag.py took 0.354 seconds
[2024-09-08T03:05:15.271+0000] {processor.py:157} INFO - Started process (PID=4999) to work on /opt/airflow/dags/reddit_dag.py
[2024-09-08T03:05:15.273+0000] {processor.py:829} INFO - Processing file /opt/airflow/dags/reddit_dag.py for tasks to queue
[2024-09-08T03:05:15.276+0000] {logging_mixin.py:151} INFO - [2024-09-08T03:05:15.275+0000] {dagbag.py:536} INFO - Filling up the DagBag from /opt/airflow/dags/reddit_dag.py
[2024-09-08T03:05:15.593+0000] {processor.py:839} INFO - DAG(s) dict_keys(['elt_reddit_pipeline']) retrieved from /opt/airflow/dags/reddit_dag.py
[2024-09-08T03:05:15.604+0000] {logging_mixin.py:151} INFO - [2024-09-08T03:05:15.604+0000] {dag.py:2941} INFO - Sync 1 DAGs
[2024-09-08T03:05:15.614+0000] {logging_mixin.py:151} INFO - [2024-09-08T03:05:15.613+0000] {dag.py:3722} INFO - Setting next_dagrun for elt_reddit_pipeline to 2024-09-08T00:00:00+00:00, run_after=2024-09-09T00:00:00+00:00
[2024-09-08T03:05:15.621+0000] {processor.py:179} INFO - Processing /opt/airflow/dags/reddit_dag.py took 0.355 seconds
[2024-09-08T03:05:45.804+0000] {processor.py:157} INFO - Started process (PID=5001) to work on /opt/airflow/dags/reddit_dag.py
[2024-09-08T03:05:45.806+0000] {processor.py:829} INFO - Processing file /opt/airflow/dags/reddit_dag.py for tasks to queue
[2024-09-08T03:05:45.809+0000] {logging_mixin.py:151} INFO - [2024-09-08T03:05:45.808+0000] {dagbag.py:536} INFO - Filling up the DagBag from /opt/airflow/dags/reddit_dag.py
[2024-09-08T03:05:46.128+0000] {processor.py:839} INFO - DAG(s) dict_keys(['elt_reddit_pipeline']) retrieved from /opt/airflow/dags/reddit_dag.py
[2024-09-08T03:05:46.138+0000] {logging_mixin.py:151} INFO - [2024-09-08T03:05:46.138+0000] {dag.py:2941} INFO - Sync 1 DAGs
[2024-09-08T03:05:46.148+0000] {logging_mixin.py:151} INFO - [2024-09-08T03:05:46.148+0000] {dag.py:3722} INFO - Setting next_dagrun for elt_reddit_pipeline to 2024-09-08T00:00:00+00:00, run_after=2024-09-09T00:00:00+00:00
[2024-09-08T03:05:46.156+0000] {processor.py:179} INFO - Processing /opt/airflow/dags/reddit_dag.py took 0.357 seconds
[2024-09-08T03:06:16.533+0000] {processor.py:157} INFO - Started process (PID=5003) to work on /opt/airflow/dags/reddit_dag.py
[2024-09-08T03:06:16.535+0000] {processor.py:829} INFO - Processing file /opt/airflow/dags/reddit_dag.py for tasks to queue
[2024-09-08T03:06:16.539+0000] {logging_mixin.py:151} INFO - [2024-09-08T03:06:16.539+0000] {dagbag.py:536} INFO - Filling up the DagBag from /opt/airflow/dags/reddit_dag.py
[2024-09-08T03:06:16.854+0000] {processor.py:839} INFO - DAG(s) dict_keys(['elt_reddit_pipeline']) retrieved from /opt/airflow/dags/reddit_dag.py
[2024-09-08T03:06:16.865+0000] {logging_mixin.py:151} INFO - [2024-09-08T03:06:16.865+0000] {dag.py:2941} INFO - Sync 1 DAGs
[2024-09-08T03:06:16.875+0000] {logging_mixin.py:151} INFO - [2024-09-08T03:06:16.875+0000] {dag.py:3722} INFO - Setting next_dagrun for elt_reddit_pipeline to 2024-09-08T00:00:00+00:00, run_after=2024-09-09T00:00:00+00:00
[2024-09-08T03:06:16.883+0000] {processor.py:179} INFO - Processing /opt/airflow/dags/reddit_dag.py took 0.356 seconds
[2024-09-08T03:06:47.067+0000] {processor.py:157} INFO - Started process (PID=5005) to work on /opt/airflow/dags/reddit_dag.py
[2024-09-08T03:06:47.069+0000] {processor.py:829} INFO - Processing file /opt/airflow/dags/reddit_dag.py for tasks to queue
[2024-09-08T03:06:47.073+0000] {logging_mixin.py:151} INFO - [2024-09-08T03:06:47.072+0000] {dagbag.py:536} INFO - Filling up the DagBag from /opt/airflow/dags/reddit_dag.py
[2024-09-08T03:06:47.389+0000] {processor.py:839} INFO - DAG(s) dict_keys(['elt_reddit_pipeline']) retrieved from /opt/airflow/dags/reddit_dag.py
[2024-09-08T03:06:47.401+0000] {logging_mixin.py:151} INFO - [2024-09-08T03:06:47.400+0000] {dag.py:2941} INFO - Sync 1 DAGs
[2024-09-08T03:06:47.411+0000] {logging_mixin.py:151} INFO - [2024-09-08T03:06:47.411+0000] {dag.py:3722} INFO - Setting next_dagrun for elt_reddit_pipeline to 2024-09-08T00:00:00+00:00, run_after=2024-09-09T00:00:00+00:00
[2024-09-08T03:06:47.419+0000] {processor.py:179} INFO - Processing /opt/airflow/dags/reddit_dag.py took 0.358 seconds
[2024-09-08T03:07:17.972+0000] {processor.py:157} INFO - Started process (PID=5007) to work on /opt/airflow/dags/reddit_dag.py
[2024-09-08T03:07:17.974+0000] {processor.py:829} INFO - Processing file /opt/airflow/dags/reddit_dag.py for tasks to queue
[2024-09-08T03:07:17.978+0000] {logging_mixin.py:151} INFO - [2024-09-08T03:07:17.977+0000] {dagbag.py:536} INFO - Filling up the DagBag from /opt/airflow/dags/reddit_dag.py
[2024-09-08T03:07:18.295+0000] {processor.py:839} INFO - DAG(s) dict_keys(['elt_reddit_pipeline']) retrieved from /opt/airflow/dags/reddit_dag.py
[2024-09-08T03:07:18.306+0000] {logging_mixin.py:151} INFO - [2024-09-08T03:07:18.306+0000] {dag.py:2941} INFO - Sync 1 DAGs
[2024-09-08T03:07:18.316+0000] {logging_mixin.py:151} INFO - [2024-09-08T03:07:18.316+0000] {dag.py:3722} INFO - Setting next_dagrun for elt_reddit_pipeline to 2024-09-08T00:00:00+00:00, run_after=2024-09-09T00:00:00+00:00
[2024-09-08T03:07:18.324+0000] {processor.py:179} INFO - Processing /opt/airflow/dags/reddit_dag.py took 0.357 seconds
[2024-09-08T03:07:48.462+0000] {processor.py:157} INFO - Started process (PID=5009) to work on /opt/airflow/dags/reddit_dag.py
[2024-09-08T03:07:48.464+0000] {processor.py:829} INFO - Processing file /opt/airflow/dags/reddit_dag.py for tasks to queue
[2024-09-08T03:07:48.467+0000] {logging_mixin.py:151} INFO - [2024-09-08T03:07:48.467+0000] {dagbag.py:536} INFO - Filling up the DagBag from /opt/airflow/dags/reddit_dag.py
[2024-09-08T03:07:48.784+0000] {processor.py:839} INFO - DAG(s) dict_keys(['elt_reddit_pipeline']) retrieved from /opt/airflow/dags/reddit_dag.py
[2024-09-08T03:07:48.795+0000] {logging_mixin.py:151} INFO - [2024-09-08T03:07:48.795+0000] {dag.py:2941} INFO - Sync 1 DAGs
[2024-09-08T03:07:48.805+0000] {logging_mixin.py:151} INFO - [2024-09-08T03:07:48.805+0000] {dag.py:3722} INFO - Setting next_dagrun for elt_reddit_pipeline to 2024-09-08T00:00:00+00:00, run_after=2024-09-09T00:00:00+00:00
[2024-09-08T03:07:48.813+0000] {processor.py:179} INFO - Processing /opt/airflow/dags/reddit_dag.py took 0.357 seconds
[2024-09-08T03:08:19.281+0000] {processor.py:157} INFO - Started process (PID=5011) to work on /opt/airflow/dags/reddit_dag.py
[2024-09-08T03:08:19.283+0000] {processor.py:829} INFO - Processing file /opt/airflow/dags/reddit_dag.py for tasks to queue
[2024-09-08T03:08:19.286+0000] {logging_mixin.py:151} INFO - [2024-09-08T03:08:19.286+0000] {dagbag.py:536} INFO - Filling up the DagBag from /opt/airflow/dags/reddit_dag.py
[2024-09-08T03:08:19.609+0000] {processor.py:839} INFO - DAG(s) dict_keys(['elt_reddit_pipeline']) retrieved from /opt/airflow/dags/reddit_dag.py
[2024-09-08T03:08:19.621+0000] {logging_mixin.py:151} INFO - [2024-09-08T03:08:19.620+0000] {dag.py:2941} INFO - Sync 1 DAGs
[2024-09-08T03:08:19.630+0000] {logging_mixin.py:151} INFO - [2024-09-08T03:08:19.630+0000] {dag.py:3722} INFO - Setting next_dagrun for elt_reddit_pipeline to 2024-09-08T00:00:00+00:00, run_after=2024-09-09T00:00:00+00:00
[2024-09-08T03:08:19.639+0000] {processor.py:179} INFO - Processing /opt/airflow/dags/reddit_dag.py took 0.362 seconds
[2024-09-08T03:08:49.850+0000] {processor.py:157} INFO - Started process (PID=5013) to work on /opt/airflow/dags/reddit_dag.py
[2024-09-08T03:08:49.852+0000] {processor.py:829} INFO - Processing file /opt/airflow/dags/reddit_dag.py for tasks to queue
[2024-09-08T03:08:49.855+0000] {logging_mixin.py:151} INFO - [2024-09-08T03:08:49.855+0000] {dagbag.py:536} INFO - Filling up the DagBag from /opt/airflow/dags/reddit_dag.py
[2024-09-08T03:08:50.171+0000] {processor.py:839} INFO - DAG(s) dict_keys(['elt_reddit_pipeline']) retrieved from /opt/airflow/dags/reddit_dag.py
[2024-09-08T03:08:50.182+0000] {logging_mixin.py:151} INFO - [2024-09-08T03:08:50.182+0000] {dag.py:2941} INFO - Sync 1 DAGs
[2024-09-08T03:08:50.194+0000] {logging_mixin.py:151} INFO - [2024-09-08T03:08:50.194+0000] {dag.py:3722} INFO - Setting next_dagrun for elt_reddit_pipeline to 2024-09-08T00:00:00+00:00, run_after=2024-09-09T00:00:00+00:00
[2024-09-08T03:08:50.202+0000] {processor.py:179} INFO - Processing /opt/airflow/dags/reddit_dag.py took 0.358 seconds
[2024-09-08T03:09:20.593+0000] {processor.py:157} INFO - Started process (PID=5015) to work on /opt/airflow/dags/reddit_dag.py
[2024-09-08T03:09:20.595+0000] {processor.py:829} INFO - Processing file /opt/airflow/dags/reddit_dag.py for tasks to queue
[2024-09-08T03:09:20.597+0000] {logging_mixin.py:151} INFO - [2024-09-08T03:09:20.597+0000] {dagbag.py:536} INFO - Filling up the DagBag from /opt/airflow/dags/reddit_dag.py
[2024-09-08T03:09:20.905+0000] {processor.py:839} INFO - DAG(s) dict_keys(['elt_reddit_pipeline']) retrieved from /opt/airflow/dags/reddit_dag.py
[2024-09-08T03:09:20.917+0000] {logging_mixin.py:151} INFO - [2024-09-08T03:09:20.916+0000] {dag.py:2941} INFO - Sync 1 DAGs
[2024-09-08T03:09:20.927+0000] {logging_mixin.py:151} INFO - [2024-09-08T03:09:20.927+0000] {dag.py:3722} INFO - Setting next_dagrun for elt_reddit_pipeline to 2024-09-08T00:00:00+00:00, run_after=2024-09-09T00:00:00+00:00
[2024-09-08T03:09:20.936+0000] {processor.py:179} INFO - Processing /opt/airflow/dags/reddit_dag.py took 0.347 seconds
[2024-09-08T03:09:51.086+0000] {processor.py:157} INFO - Started process (PID=5017) to work on /opt/airflow/dags/reddit_dag.py
[2024-09-08T03:09:51.087+0000] {processor.py:829} INFO - Processing file /opt/airflow/dags/reddit_dag.py for tasks to queue
[2024-09-08T03:09:51.091+0000] {logging_mixin.py:151} INFO - [2024-09-08T03:09:51.091+0000] {dagbag.py:536} INFO - Filling up the DagBag from /opt/airflow/dags/reddit_dag.py
[2024-09-08T03:09:51.405+0000] {processor.py:839} INFO - DAG(s) dict_keys(['elt_reddit_pipeline']) retrieved from /opt/airflow/dags/reddit_dag.py
[2024-09-08T03:09:51.417+0000] {logging_mixin.py:151} INFO - [2024-09-08T03:09:51.417+0000] {dag.py:2941} INFO - Sync 1 DAGs
[2024-09-08T03:09:51.426+0000] {logging_mixin.py:151} INFO - [2024-09-08T03:09:51.426+0000] {dag.py:3722} INFO - Setting next_dagrun for elt_reddit_pipeline to 2024-09-08T00:00:00+00:00, run_after=2024-09-09T00:00:00+00:00
[2024-09-08T03:09:51.434+0000] {processor.py:179} INFO - Processing /opt/airflow/dags/reddit_dag.py took 0.354 seconds
[2024-09-08T03:10:21.557+0000] {processor.py:157} INFO - Started process (PID=5019) to work on /opt/airflow/dags/reddit_dag.py
[2024-09-08T03:10:21.559+0000] {processor.py:829} INFO - Processing file /opt/airflow/dags/reddit_dag.py for tasks to queue
[2024-09-08T03:10:21.563+0000] {logging_mixin.py:151} INFO - [2024-09-08T03:10:21.562+0000] {dagbag.py:536} INFO - Filling up the DagBag from /opt/airflow/dags/reddit_dag.py
[2024-09-08T03:10:21.876+0000] {processor.py:839} INFO - DAG(s) dict_keys(['elt_reddit_pipeline']) retrieved from /opt/airflow/dags/reddit_dag.py
[2024-09-08T03:10:21.887+0000] {logging_mixin.py:151} INFO - [2024-09-08T03:10:21.887+0000] {dag.py:2941} INFO - Sync 1 DAGs
[2024-09-08T03:10:21.897+0000] {logging_mixin.py:151} INFO - [2024-09-08T03:10:21.897+0000] {dag.py:3722} INFO - Setting next_dagrun for elt_reddit_pipeline to 2024-09-08T00:00:00+00:00, run_after=2024-09-09T00:00:00+00:00
[2024-09-08T03:10:21.905+0000] {processor.py:179} INFO - Processing /opt/airflow/dags/reddit_dag.py took 0.354 seconds
[2024-09-08T03:10:52.547+0000] {processor.py:157} INFO - Started process (PID=5021) to work on /opt/airflow/dags/reddit_dag.py
[2024-09-08T03:10:52.548+0000] {processor.py:829} INFO - Processing file /opt/airflow/dags/reddit_dag.py for tasks to queue
[2024-09-08T03:10:52.552+0000] {logging_mixin.py:151} INFO - [2024-09-08T03:10:52.552+0000] {dagbag.py:536} INFO - Filling up the DagBag from /opt/airflow/dags/reddit_dag.py
[2024-09-08T03:10:52.874+0000] {processor.py:839} INFO - DAG(s) dict_keys(['elt_reddit_pipeline']) retrieved from /opt/airflow/dags/reddit_dag.py
[2024-09-08T03:10:52.885+0000] {logging_mixin.py:151} INFO - [2024-09-08T03:10:52.884+0000] {dag.py:2941} INFO - Sync 1 DAGs
[2024-09-08T03:10:52.894+0000] {logging_mixin.py:151} INFO - [2024-09-08T03:10:52.894+0000] {dag.py:3722} INFO - Setting next_dagrun for elt_reddit_pipeline to 2024-09-08T00:00:00+00:00, run_after=2024-09-09T00:00:00+00:00
[2024-09-08T03:10:52.902+0000] {processor.py:179} INFO - Processing /opt/airflow/dags/reddit_dag.py took 0.361 seconds
[2024-09-08T03:11:23.067+0000] {processor.py:157} INFO - Started process (PID=5023) to work on /opt/airflow/dags/reddit_dag.py
[2024-09-08T03:11:23.068+0000] {processor.py:829} INFO - Processing file /opt/airflow/dags/reddit_dag.py for tasks to queue
[2024-09-08T03:11:23.073+0000] {logging_mixin.py:151} INFO - [2024-09-08T03:11:23.072+0000] {dagbag.py:536} INFO - Filling up the DagBag from /opt/airflow/dags/reddit_dag.py
[2024-09-08T03:11:23.386+0000] {processor.py:839} INFO - DAG(s) dict_keys(['elt_reddit_pipeline']) retrieved from /opt/airflow/dags/reddit_dag.py
[2024-09-08T03:11:23.398+0000] {logging_mixin.py:151} INFO - [2024-09-08T03:11:23.397+0000] {dag.py:2941} INFO - Sync 1 DAGs
[2024-09-08T03:11:23.408+0000] {logging_mixin.py:151} INFO - [2024-09-08T03:11:23.408+0000] {dag.py:3722} INFO - Setting next_dagrun for elt_reddit_pipeline to 2024-09-08T00:00:00+00:00, run_after=2024-09-09T00:00:00+00:00
[2024-09-08T03:11:23.416+0000] {processor.py:179} INFO - Processing /opt/airflow/dags/reddit_dag.py took 0.355 seconds
[2024-09-08T03:11:53.940+0000] {processor.py:157} INFO - Started process (PID=5025) to work on /opt/airflow/dags/reddit_dag.py
[2024-09-08T03:11:53.941+0000] {processor.py:829} INFO - Processing file /opt/airflow/dags/reddit_dag.py for tasks to queue
[2024-09-08T03:11:53.944+0000] {logging_mixin.py:151} INFO - [2024-09-08T03:11:53.944+0000] {dagbag.py:536} INFO - Filling up the DagBag from /opt/airflow/dags/reddit_dag.py
[2024-09-08T03:11:54.259+0000] {processor.py:839} INFO - DAG(s) dict_keys(['elt_reddit_pipeline']) retrieved from /opt/airflow/dags/reddit_dag.py
[2024-09-08T03:11:54.270+0000] {logging_mixin.py:151} INFO - [2024-09-08T03:11:54.269+0000] {dag.py:2941} INFO - Sync 1 DAGs
[2024-09-08T03:11:54.280+0000] {logging_mixin.py:151} INFO - [2024-09-08T03:11:54.280+0000] {dag.py:3722} INFO - Setting next_dagrun for elt_reddit_pipeline to 2024-09-08T00:00:00+00:00, run_after=2024-09-09T00:00:00+00:00
[2024-09-08T03:11:54.288+0000] {processor.py:179} INFO - Processing /opt/airflow/dags/reddit_dag.py took 0.353 seconds
[2024-09-08T03:12:24.471+0000] {processor.py:157} INFO - Started process (PID=5027) to work on /opt/airflow/dags/reddit_dag.py
[2024-09-08T03:12:24.473+0000] {processor.py:829} INFO - Processing file /opt/airflow/dags/reddit_dag.py for tasks to queue
[2024-09-08T03:12:24.476+0000] {logging_mixin.py:151} INFO - [2024-09-08T03:12:24.476+0000] {dagbag.py:536} INFO - Filling up the DagBag from /opt/airflow/dags/reddit_dag.py
[2024-09-08T03:12:24.791+0000] {processor.py:839} INFO - DAG(s) dict_keys(['elt_reddit_pipeline']) retrieved from /opt/airflow/dags/reddit_dag.py
[2024-09-08T03:12:24.803+0000] {logging_mixin.py:151} INFO - [2024-09-08T03:12:24.802+0000] {dag.py:2941} INFO - Sync 1 DAGs
[2024-09-08T03:12:24.813+0000] {logging_mixin.py:151} INFO - [2024-09-08T03:12:24.812+0000] {dag.py:3722} INFO - Setting next_dagrun for elt_reddit_pipeline to 2024-09-08T00:00:00+00:00, run_after=2024-09-09T00:00:00+00:00
[2024-09-08T03:12:24.821+0000] {processor.py:179} INFO - Processing /opt/airflow/dags/reddit_dag.py took 0.355 seconds
[2024-09-08T03:12:55.620+0000] {processor.py:157} INFO - Started process (PID=5029) to work on /opt/airflow/dags/reddit_dag.py
[2024-09-08T03:12:55.622+0000] {processor.py:829} INFO - Processing file /opt/airflow/dags/reddit_dag.py for tasks to queue
[2024-09-08T03:12:55.625+0000] {logging_mixin.py:151} INFO - [2024-09-08T03:12:55.624+0000] {dagbag.py:536} INFO - Filling up the DagBag from /opt/airflow/dags/reddit_dag.py
[2024-09-08T03:12:55.941+0000] {processor.py:839} INFO - DAG(s) dict_keys(['elt_reddit_pipeline']) retrieved from /opt/airflow/dags/reddit_dag.py
[2024-09-08T03:12:55.952+0000] {logging_mixin.py:151} INFO - [2024-09-08T03:12:55.952+0000] {dag.py:2941} INFO - Sync 1 DAGs
[2024-09-08T03:12:55.962+0000] {logging_mixin.py:151} INFO - [2024-09-08T03:12:55.962+0000] {dag.py:3722} INFO - Setting next_dagrun for elt_reddit_pipeline to 2024-09-08T00:00:00+00:00, run_after=2024-09-09T00:00:00+00:00
[2024-09-08T03:12:55.970+0000] {processor.py:179} INFO - Processing /opt/airflow/dags/reddit_dag.py took 0.355 seconds
[2024-09-08T03:13:26.153+0000] {processor.py:157} INFO - Started process (PID=5031) to work on /opt/airflow/dags/reddit_dag.py
[2024-09-08T03:13:26.155+0000] {processor.py:829} INFO - Processing file /opt/airflow/dags/reddit_dag.py for tasks to queue
[2024-09-08T03:13:26.158+0000] {logging_mixin.py:151} INFO - [2024-09-08T03:13:26.157+0000] {dagbag.py:536} INFO - Filling up the DagBag from /opt/airflow/dags/reddit_dag.py
[2024-09-08T03:13:26.474+0000] {processor.py:839} INFO - DAG(s) dict_keys(['elt_reddit_pipeline']) retrieved from /opt/airflow/dags/reddit_dag.py
[2024-09-08T03:13:26.484+0000] {logging_mixin.py:151} INFO - [2024-09-08T03:13:26.484+0000] {dag.py:2941} INFO - Sync 1 DAGs
[2024-09-08T03:13:26.494+0000] {logging_mixin.py:151} INFO - [2024-09-08T03:13:26.494+0000] {dag.py:3722} INFO - Setting next_dagrun for elt_reddit_pipeline to 2024-09-08T00:00:00+00:00, run_after=2024-09-09T00:00:00+00:00
[2024-09-08T03:13:26.502+0000] {processor.py:179} INFO - Processing /opt/airflow/dags/reddit_dag.py took 0.355 seconds
[2024-09-08T03:13:56.992+0000] {processor.py:157} INFO - Started process (PID=5033) to work on /opt/airflow/dags/reddit_dag.py
[2024-09-08T03:13:56.994+0000] {processor.py:829} INFO - Processing file /opt/airflow/dags/reddit_dag.py for tasks to queue
[2024-09-08T03:13:56.996+0000] {logging_mixin.py:151} INFO - [2024-09-08T03:13:56.996+0000] {dagbag.py:536} INFO - Filling up the DagBag from /opt/airflow/dags/reddit_dag.py
[2024-09-08T03:13:57.312+0000] {processor.py:839} INFO - DAG(s) dict_keys(['elt_reddit_pipeline']) retrieved from /opt/airflow/dags/reddit_dag.py
[2024-09-08T03:13:57.323+0000] {logging_mixin.py:151} INFO - [2024-09-08T03:13:57.323+0000] {dag.py:2941} INFO - Sync 1 DAGs
[2024-09-08T03:13:57.332+0000] {logging_mixin.py:151} INFO - [2024-09-08T03:13:57.332+0000] {dag.py:3722} INFO - Setting next_dagrun for elt_reddit_pipeline to 2024-09-08T00:00:00+00:00, run_after=2024-09-09T00:00:00+00:00
[2024-09-08T03:13:57.340+0000] {processor.py:179} INFO - Processing /opt/airflow/dags/reddit_dag.py took 0.353 seconds
[2024-09-08T03:14:27.514+0000] {processor.py:157} INFO - Started process (PID=5035) to work on /opt/airflow/dags/reddit_dag.py
[2024-09-08T03:14:27.516+0000] {processor.py:829} INFO - Processing file /opt/airflow/dags/reddit_dag.py for tasks to queue
[2024-09-08T03:14:27.520+0000] {logging_mixin.py:151} INFO - [2024-09-08T03:14:27.520+0000] {dagbag.py:536} INFO - Filling up the DagBag from /opt/airflow/dags/reddit_dag.py
[2024-09-08T03:14:27.838+0000] {processor.py:839} INFO - DAG(s) dict_keys(['elt_reddit_pipeline']) retrieved from /opt/airflow/dags/reddit_dag.py
[2024-09-08T03:14:27.849+0000] {logging_mixin.py:151} INFO - [2024-09-08T03:14:27.849+0000] {dag.py:2941} INFO - Sync 1 DAGs
[2024-09-08T03:14:27.860+0000] {logging_mixin.py:151} INFO - [2024-09-08T03:14:27.860+0000] {dag.py:3722} INFO - Setting next_dagrun for elt_reddit_pipeline to 2024-09-08T00:00:00+00:00, run_after=2024-09-09T00:00:00+00:00
[2024-09-08T03:14:27.867+0000] {processor.py:179} INFO - Processing /opt/airflow/dags/reddit_dag.py took 0.359 seconds
[2024-09-08T03:14:58.664+0000] {processor.py:157} INFO - Started process (PID=5037) to work on /opt/airflow/dags/reddit_dag.py
[2024-09-08T03:14:58.665+0000] {processor.py:829} INFO - Processing file /opt/airflow/dags/reddit_dag.py for tasks to queue
[2024-09-08T03:14:58.668+0000] {logging_mixin.py:151} INFO - [2024-09-08T03:14:58.668+0000] {dagbag.py:536} INFO - Filling up the DagBag from /opt/airflow/dags/reddit_dag.py
[2024-09-08T03:14:58.983+0000] {processor.py:839} INFO - DAG(s) dict_keys(['elt_reddit_pipeline']) retrieved from /opt/airflow/dags/reddit_dag.py
[2024-09-08T03:14:58.994+0000] {logging_mixin.py:151} INFO - [2024-09-08T03:14:58.993+0000] {dag.py:2941} INFO - Sync 1 DAGs
[2024-09-08T03:14:59.004+0000] {logging_mixin.py:151} INFO - [2024-09-08T03:14:59.004+0000] {dag.py:3722} INFO - Setting next_dagrun for elt_reddit_pipeline to 2024-09-08T00:00:00+00:00, run_after=2024-09-09T00:00:00+00:00
[2024-09-08T03:14:59.011+0000] {processor.py:179} INFO - Processing /opt/airflow/dags/reddit_dag.py took 0.352 seconds
[2024-09-08T03:15:29.229+0000] {processor.py:157} INFO - Started process (PID=5039) to work on /opt/airflow/dags/reddit_dag.py
[2024-09-08T03:15:29.231+0000] {processor.py:829} INFO - Processing file /opt/airflow/dags/reddit_dag.py for tasks to queue
[2024-09-08T03:15:29.234+0000] {logging_mixin.py:151} INFO - [2024-09-08T03:15:29.234+0000] {dagbag.py:536} INFO - Filling up the DagBag from /opt/airflow/dags/reddit_dag.py
[2024-09-08T03:15:29.546+0000] {processor.py:839} INFO - DAG(s) dict_keys(['elt_reddit_pipeline']) retrieved from /opt/airflow/dags/reddit_dag.py
[2024-09-08T03:15:29.558+0000] {logging_mixin.py:151} INFO - [2024-09-08T03:15:29.558+0000] {dag.py:2941} INFO - Sync 1 DAGs
[2024-09-08T03:15:29.567+0000] {logging_mixin.py:151} INFO - [2024-09-08T03:15:29.567+0000] {dag.py:3722} INFO - Setting next_dagrun for elt_reddit_pipeline to 2024-09-08T00:00:00+00:00, run_after=2024-09-09T00:00:00+00:00
[2024-09-08T03:15:29.575+0000] {processor.py:179} INFO - Processing /opt/airflow/dags/reddit_dag.py took 0.353 seconds
[2024-09-08T03:16:00.036+0000] {processor.py:157} INFO - Started process (PID=5041) to work on /opt/airflow/dags/reddit_dag.py
[2024-09-08T03:16:00.037+0000] {processor.py:829} INFO - Processing file /opt/airflow/dags/reddit_dag.py for tasks to queue
[2024-09-08T03:16:00.040+0000] {logging_mixin.py:151} INFO - [2024-09-08T03:16:00.040+0000] {dagbag.py:536} INFO - Filling up the DagBag from /opt/airflow/dags/reddit_dag.py
[2024-09-08T03:16:00.356+0000] {processor.py:839} INFO - DAG(s) dict_keys(['elt_reddit_pipeline']) retrieved from /opt/airflow/dags/reddit_dag.py
[2024-09-08T03:16:00.367+0000] {logging_mixin.py:151} INFO - [2024-09-08T03:16:00.367+0000] {dag.py:2941} INFO - Sync 1 DAGs
[2024-09-08T03:16:00.376+0000] {logging_mixin.py:151} INFO - [2024-09-08T03:16:00.376+0000] {dag.py:3722} INFO - Setting next_dagrun for elt_reddit_pipeline to 2024-09-08T00:00:00+00:00, run_after=2024-09-09T00:00:00+00:00
[2024-09-08T03:16:00.384+0000] {processor.py:179} INFO - Processing /opt/airflow/dags/reddit_dag.py took 0.354 seconds
[2024-09-08T03:16:30.567+0000] {processor.py:157} INFO - Started process (PID=5043) to work on /opt/airflow/dags/reddit_dag.py
[2024-09-08T03:16:30.568+0000] {processor.py:829} INFO - Processing file /opt/airflow/dags/reddit_dag.py for tasks to queue
[2024-09-08T03:16:30.571+0000] {logging_mixin.py:151} INFO - [2024-09-08T03:16:30.571+0000] {dagbag.py:536} INFO - Filling up the DagBag from /opt/airflow/dags/reddit_dag.py
[2024-09-08T03:16:30.887+0000] {processor.py:839} INFO - DAG(s) dict_keys(['elt_reddit_pipeline']) retrieved from /opt/airflow/dags/reddit_dag.py
[2024-09-08T03:16:30.898+0000] {logging_mixin.py:151} INFO - [2024-09-08T03:16:30.898+0000] {dag.py:2941} INFO - Sync 1 DAGs
[2024-09-08T03:16:30.907+0000] {logging_mixin.py:151} INFO - [2024-09-08T03:16:30.907+0000] {dag.py:3722} INFO - Setting next_dagrun for elt_reddit_pipeline to 2024-09-08T00:00:00+00:00, run_after=2024-09-09T00:00:00+00:00
[2024-09-08T03:16:30.916+0000] {processor.py:179} INFO - Processing /opt/airflow/dags/reddit_dag.py took 0.355 seconds
[2024-09-08T03:17:01.416+0000] {processor.py:157} INFO - Started process (PID=5045) to work on /opt/airflow/dags/reddit_dag.py
[2024-09-08T03:17:01.418+0000] {processor.py:829} INFO - Processing file /opt/airflow/dags/reddit_dag.py for tasks to queue
[2024-09-08T03:17:01.420+0000] {logging_mixin.py:151} INFO - [2024-09-08T03:17:01.420+0000] {dagbag.py:536} INFO - Filling up the DagBag from /opt/airflow/dags/reddit_dag.py
[2024-09-08T03:17:01.739+0000] {processor.py:839} INFO - DAG(s) dict_keys(['elt_reddit_pipeline']) retrieved from /opt/airflow/dags/reddit_dag.py
[2024-09-08T03:17:01.750+0000] {logging_mixin.py:151} INFO - [2024-09-08T03:17:01.750+0000] {dag.py:2941} INFO - Sync 1 DAGs
[2024-09-08T03:17:01.760+0000] {logging_mixin.py:151} INFO - [2024-09-08T03:17:01.760+0000] {dag.py:3722} INFO - Setting next_dagrun for elt_reddit_pipeline to 2024-09-08T00:00:00+00:00, run_after=2024-09-09T00:00:00+00:00
[2024-09-08T03:17:01.768+0000] {processor.py:179} INFO - Processing /opt/airflow/dags/reddit_dag.py took 0.357 seconds
[2024-09-08T03:17:31.940+0000] {processor.py:157} INFO - Started process (PID=5047) to work on /opt/airflow/dags/reddit_dag.py
[2024-09-08T03:17:31.941+0000] {processor.py:829} INFO - Processing file /opt/airflow/dags/reddit_dag.py for tasks to queue
[2024-09-08T03:17:31.945+0000] {logging_mixin.py:151} INFO - [2024-09-08T03:17:31.945+0000] {dagbag.py:536} INFO - Filling up the DagBag from /opt/airflow/dags/reddit_dag.py
[2024-09-08T03:17:32.259+0000] {processor.py:839} INFO - DAG(s) dict_keys(['elt_reddit_pipeline']) retrieved from /opt/airflow/dags/reddit_dag.py
[2024-09-08T03:17:32.270+0000] {logging_mixin.py:151} INFO - [2024-09-08T03:17:32.270+0000] {dag.py:2941} INFO - Sync 1 DAGs
[2024-09-08T03:17:32.280+0000] {logging_mixin.py:151} INFO - [2024-09-08T03:17:32.280+0000] {dag.py:3722} INFO - Setting next_dagrun for elt_reddit_pipeline to 2024-09-08T00:00:00+00:00, run_after=2024-09-09T00:00:00+00:00
[2024-09-08T03:17:32.288+0000] {processor.py:179} INFO - Processing /opt/airflow/dags/reddit_dag.py took 0.354 seconds
[2024-09-08T03:18:02.767+0000] {processor.py:157} INFO - Started process (PID=5049) to work on /opt/airflow/dags/reddit_dag.py
[2024-09-08T03:18:02.769+0000] {processor.py:829} INFO - Processing file /opt/airflow/dags/reddit_dag.py for tasks to queue
[2024-09-08T03:18:02.773+0000] {logging_mixin.py:151} INFO - [2024-09-08T03:18:02.772+0000] {dagbag.py:536} INFO - Filling up the DagBag from /opt/airflow/dags/reddit_dag.py
[2024-09-08T03:18:03.085+0000] {processor.py:839} INFO - DAG(s) dict_keys(['elt_reddit_pipeline']) retrieved from /opt/airflow/dags/reddit_dag.py
[2024-09-08T03:18:03.096+0000] {logging_mixin.py:151} INFO - [2024-09-08T03:18:03.096+0000] {dag.py:2941} INFO - Sync 1 DAGs
[2024-09-08T03:18:03.106+0000] {logging_mixin.py:151} INFO - [2024-09-08T03:18:03.106+0000] {dag.py:3722} INFO - Setting next_dagrun for elt_reddit_pipeline to 2024-09-08T00:00:00+00:00, run_after=2024-09-09T00:00:00+00:00
[2024-09-08T03:18:03.114+0000] {processor.py:179} INFO - Processing /opt/airflow/dags/reddit_dag.py took 0.351 seconds
[2024-09-08T03:18:33.245+0000] {processor.py:157} INFO - Started process (PID=5051) to work on /opt/airflow/dags/reddit_dag.py
[2024-09-08T03:18:33.246+0000] {processor.py:829} INFO - Processing file /opt/airflow/dags/reddit_dag.py for tasks to queue
[2024-09-08T03:18:33.250+0000] {logging_mixin.py:151} INFO - [2024-09-08T03:18:33.250+0000] {dagbag.py:536} INFO - Filling up the DagBag from /opt/airflow/dags/reddit_dag.py
[2024-09-08T03:18:33.568+0000] {processor.py:839} INFO - DAG(s) dict_keys(['elt_reddit_pipeline']) retrieved from /opt/airflow/dags/reddit_dag.py
[2024-09-08T03:18:33.580+0000] {logging_mixin.py:151} INFO - [2024-09-08T03:18:33.580+0000] {dag.py:2941} INFO - Sync 1 DAGs
[2024-09-08T03:18:33.590+0000] {logging_mixin.py:151} INFO - [2024-09-08T03:18:33.589+0000] {dag.py:3722} INFO - Setting next_dagrun for elt_reddit_pipeline to 2024-09-08T00:00:00+00:00, run_after=2024-09-09T00:00:00+00:00
[2024-09-08T03:18:33.597+0000] {processor.py:179} INFO - Processing /opt/airflow/dags/reddit_dag.py took 0.358 seconds
[2024-09-08T03:19:03.981+0000] {processor.py:157} INFO - Started process (PID=5053) to work on /opt/airflow/dags/reddit_dag.py
[2024-09-08T03:19:03.983+0000] {processor.py:829} INFO - Processing file /opt/airflow/dags/reddit_dag.py for tasks to queue
[2024-09-08T03:19:03.987+0000] {logging_mixin.py:151} INFO - [2024-09-08T03:19:03.987+0000] {dagbag.py:536} INFO - Filling up the DagBag from /opt/airflow/dags/reddit_dag.py
[2024-09-08T03:19:04.300+0000] {processor.py:839} INFO - DAG(s) dict_keys(['elt_reddit_pipeline']) retrieved from /opt/airflow/dags/reddit_dag.py
[2024-09-08T03:19:04.311+0000] {logging_mixin.py:151} INFO - [2024-09-08T03:19:04.310+0000] {dag.py:2941} INFO - Sync 1 DAGs
[2024-09-08T03:19:04.320+0000] {logging_mixin.py:151} INFO - [2024-09-08T03:19:04.320+0000] {dag.py:3722} INFO - Setting next_dagrun for elt_reddit_pipeline to 2024-09-08T00:00:00+00:00, run_after=2024-09-09T00:00:00+00:00
[2024-09-08T03:19:04.328+0000] {processor.py:179} INFO - Processing /opt/airflow/dags/reddit_dag.py took 0.352 seconds
[2024-09-08T03:19:34.559+0000] {processor.py:157} INFO - Started process (PID=5055) to work on /opt/airflow/dags/reddit_dag.py
[2024-09-08T03:19:34.560+0000] {processor.py:829} INFO - Processing file /opt/airflow/dags/reddit_dag.py for tasks to queue
[2024-09-08T03:19:34.563+0000] {logging_mixin.py:151} INFO - [2024-09-08T03:19:34.563+0000] {dagbag.py:536} INFO - Filling up the DagBag from /opt/airflow/dags/reddit_dag.py
[2024-09-08T03:19:34.879+0000] {processor.py:839} INFO - DAG(s) dict_keys(['elt_reddit_pipeline']) retrieved from /opt/airflow/dags/reddit_dag.py
[2024-09-08T03:19:34.890+0000] {logging_mixin.py:151} INFO - [2024-09-08T03:19:34.890+0000] {dag.py:2941} INFO - Sync 1 DAGs
[2024-09-08T03:19:34.900+0000] {logging_mixin.py:151} INFO - [2024-09-08T03:19:34.900+0000] {dag.py:3722} INFO - Setting next_dagrun for elt_reddit_pipeline to 2024-09-08T00:00:00+00:00, run_after=2024-09-09T00:00:00+00:00
[2024-09-08T03:19:34.907+0000] {processor.py:179} INFO - Processing /opt/airflow/dags/reddit_dag.py took 0.354 seconds
[2024-09-08T03:20:05.321+0000] {processor.py:157} INFO - Started process (PID=5057) to work on /opt/airflow/dags/reddit_dag.py
[2024-09-08T03:20:05.323+0000] {processor.py:829} INFO - Processing file /opt/airflow/dags/reddit_dag.py for tasks to queue
[2024-09-08T03:20:05.325+0000] {logging_mixin.py:151} INFO - [2024-09-08T03:20:05.325+0000] {dagbag.py:536} INFO - Filling up the DagBag from /opt/airflow/dags/reddit_dag.py
[2024-09-08T03:20:05.641+0000] {processor.py:839} INFO - DAG(s) dict_keys(['elt_reddit_pipeline']) retrieved from /opt/airflow/dags/reddit_dag.py
[2024-09-08T03:20:05.652+0000] {logging_mixin.py:151} INFO - [2024-09-08T03:20:05.652+0000] {dag.py:2941} INFO - Sync 1 DAGs
[2024-09-08T03:20:05.662+0000] {logging_mixin.py:151} INFO - [2024-09-08T03:20:05.662+0000] {dag.py:3722} INFO - Setting next_dagrun for elt_reddit_pipeline to 2024-09-08T00:00:00+00:00, run_after=2024-09-09T00:00:00+00:00
[2024-09-08T03:20:05.670+0000] {processor.py:179} INFO - Processing /opt/airflow/dags/reddit_dag.py took 0.354 seconds
[2024-09-08T03:20:35.865+0000] {processor.py:157} INFO - Started process (PID=5059) to work on /opt/airflow/dags/reddit_dag.py
[2024-09-08T03:20:35.867+0000] {processor.py:829} INFO - Processing file /opt/airflow/dags/reddit_dag.py for tasks to queue
[2024-09-08T03:20:35.870+0000] {logging_mixin.py:151} INFO - [2024-09-08T03:20:35.870+0000] {dagbag.py:536} INFO - Filling up the DagBag from /opt/airflow/dags/reddit_dag.py
[2024-09-08T03:20:36.187+0000] {processor.py:839} INFO - DAG(s) dict_keys(['elt_reddit_pipeline']) retrieved from /opt/airflow/dags/reddit_dag.py
[2024-09-08T03:20:36.198+0000] {logging_mixin.py:151} INFO - [2024-09-08T03:20:36.198+0000] {dag.py:2941} INFO - Sync 1 DAGs
[2024-09-08T03:20:36.208+0000] {logging_mixin.py:151} INFO - [2024-09-08T03:20:36.208+0000] {dag.py:3722} INFO - Setting next_dagrun for elt_reddit_pipeline to 2024-09-08T00:00:00+00:00, run_after=2024-09-09T00:00:00+00:00
[2024-09-08T03:20:36.221+0000] {processor.py:179} INFO - Processing /opt/airflow/dags/reddit_dag.py took 0.361 seconds
[2024-09-08T03:21:06.767+0000] {processor.py:157} INFO - Started process (PID=5061) to work on /opt/airflow/dags/reddit_dag.py
[2024-09-08T03:21:06.769+0000] {processor.py:829} INFO - Processing file /opt/airflow/dags/reddit_dag.py for tasks to queue
[2024-09-08T03:21:06.773+0000] {logging_mixin.py:151} INFO - [2024-09-08T03:21:06.773+0000] {dagbag.py:536} INFO - Filling up the DagBag from /opt/airflow/dags/reddit_dag.py
[2024-09-08T03:21:07.088+0000] {processor.py:839} INFO - DAG(s) dict_keys(['elt_reddit_pipeline']) retrieved from /opt/airflow/dags/reddit_dag.py
[2024-09-08T03:21:07.100+0000] {logging_mixin.py:151} INFO - [2024-09-08T03:21:07.099+0000] {dag.py:2941} INFO - Sync 1 DAGs
[2024-09-08T03:21:07.110+0000] {logging_mixin.py:151} INFO - [2024-09-08T03:21:07.110+0000] {dag.py:3722} INFO - Setting next_dagrun for elt_reddit_pipeline to 2024-09-08T00:00:00+00:00, run_after=2024-09-09T00:00:00+00:00
[2024-09-08T03:21:07.118+0000] {processor.py:179} INFO - Processing /opt/airflow/dags/reddit_dag.py took 0.356 seconds
[2024-09-08T03:21:37.252+0000] {processor.py:157} INFO - Started process (PID=5063) to work on /opt/airflow/dags/reddit_dag.py
[2024-09-08T03:21:37.253+0000] {processor.py:829} INFO - Processing file /opt/airflow/dags/reddit_dag.py for tasks to queue
[2024-09-08T03:21:37.257+0000] {logging_mixin.py:151} INFO - [2024-09-08T03:21:37.257+0000] {dagbag.py:536} INFO - Filling up the DagBag from /opt/airflow/dags/reddit_dag.py
[2024-09-08T03:21:37.565+0000] {processor.py:839} INFO - DAG(s) dict_keys(['elt_reddit_pipeline']) retrieved from /opt/airflow/dags/reddit_dag.py
[2024-09-08T03:21:37.577+0000] {logging_mixin.py:151} INFO - [2024-09-08T03:21:37.577+0000] {dag.py:2941} INFO - Sync 1 DAGs
[2024-09-08T03:21:37.587+0000] {logging_mixin.py:151} INFO - [2024-09-08T03:21:37.587+0000] {dag.py:3722} INFO - Setting next_dagrun for elt_reddit_pipeline to 2024-09-08T00:00:00+00:00, run_after=2024-09-09T00:00:00+00:00
[2024-09-08T03:21:37.597+0000] {processor.py:179} INFO - Processing /opt/airflow/dags/reddit_dag.py took 0.350 seconds
[2024-09-08T03:22:08.195+0000] {processor.py:157} INFO - Started process (PID=5065) to work on /opt/airflow/dags/reddit_dag.py
[2024-09-08T03:22:08.197+0000] {processor.py:829} INFO - Processing file /opt/airflow/dags/reddit_dag.py for tasks to queue
[2024-09-08T03:22:08.202+0000] {logging_mixin.py:151} INFO - [2024-09-08T03:22:08.201+0000] {dagbag.py:536} INFO - Filling up the DagBag from /opt/airflow/dags/reddit_dag.py
[2024-09-08T03:22:08.520+0000] {processor.py:839} INFO - DAG(s) dict_keys(['elt_reddit_pipeline']) retrieved from /opt/airflow/dags/reddit_dag.py
[2024-09-08T03:22:08.531+0000] {logging_mixin.py:151} INFO - [2024-09-08T03:22:08.530+0000] {dag.py:2941} INFO - Sync 1 DAGs
[2024-09-08T03:22:08.540+0000] {logging_mixin.py:151} INFO - [2024-09-08T03:22:08.540+0000] {dag.py:3722} INFO - Setting next_dagrun for elt_reddit_pipeline to 2024-09-08T00:00:00+00:00, run_after=2024-09-09T00:00:00+00:00
[2024-09-08T03:22:08.548+0000] {processor.py:179} INFO - Processing /opt/airflow/dags/reddit_dag.py took 0.358 seconds
[2024-09-08T03:22:38.727+0000] {processor.py:157} INFO - Started process (PID=5067) to work on /opt/airflow/dags/reddit_dag.py
[2024-09-08T03:22:38.729+0000] {processor.py:829} INFO - Processing file /opt/airflow/dags/reddit_dag.py for tasks to queue
[2024-09-08T03:22:38.734+0000] {logging_mixin.py:151} INFO - [2024-09-08T03:22:38.733+0000] {dagbag.py:536} INFO - Filling up the DagBag from /opt/airflow/dags/reddit_dag.py
[2024-09-08T03:22:39.051+0000] {processor.py:839} INFO - DAG(s) dict_keys(['elt_reddit_pipeline']) retrieved from /opt/airflow/dags/reddit_dag.py
[2024-09-08T03:22:39.062+0000] {logging_mixin.py:151} INFO - [2024-09-08T03:22:39.062+0000] {dag.py:2941} INFO - Sync 1 DAGs
[2024-09-08T03:22:39.071+0000] {logging_mixin.py:151} INFO - [2024-09-08T03:22:39.071+0000] {dag.py:3722} INFO - Setting next_dagrun for elt_reddit_pipeline to 2024-09-08T00:00:00+00:00, run_after=2024-09-09T00:00:00+00:00
[2024-09-08T03:22:39.079+0000] {processor.py:179} INFO - Processing /opt/airflow/dags/reddit_dag.py took 0.358 seconds
[2024-09-08T03:23:09.450+0000] {processor.py:157} INFO - Started process (PID=5069) to work on /opt/airflow/dags/reddit_dag.py
[2024-09-08T03:23:09.451+0000] {processor.py:829} INFO - Processing file /opt/airflow/dags/reddit_dag.py for tasks to queue
[2024-09-08T03:23:09.454+0000] {logging_mixin.py:151} INFO - [2024-09-08T03:23:09.453+0000] {dagbag.py:536} INFO - Filling up the DagBag from /opt/airflow/dags/reddit_dag.py
[2024-09-08T03:23:09.766+0000] {processor.py:839} INFO - DAG(s) dict_keys(['elt_reddit_pipeline']) retrieved from /opt/airflow/dags/reddit_dag.py
[2024-09-08T03:23:09.776+0000] {logging_mixin.py:151} INFO - [2024-09-08T03:23:09.776+0000] {dag.py:2941} INFO - Sync 1 DAGs
[2024-09-08T03:23:09.786+0000] {logging_mixin.py:151} INFO - [2024-09-08T03:23:09.786+0000] {dag.py:3722} INFO - Setting next_dagrun for elt_reddit_pipeline to 2024-09-08T00:00:00+00:00, run_after=2024-09-09T00:00:00+00:00
[2024-09-08T03:23:09.794+0000] {processor.py:179} INFO - Processing /opt/airflow/dags/reddit_dag.py took 0.349 seconds
[2024-09-08T03:23:40.246+0000] {processor.py:157} INFO - Started process (PID=5071) to work on /opt/airflow/dags/reddit_dag.py
[2024-09-08T03:23:40.248+0000] {processor.py:829} INFO - Processing file /opt/airflow/dags/reddit_dag.py for tasks to queue
[2024-09-08T03:23:40.251+0000] {logging_mixin.py:151} INFO - [2024-09-08T03:23:40.250+0000] {dagbag.py:536} INFO - Filling up the DagBag from /opt/airflow/dags/reddit_dag.py
[2024-09-08T03:23:40.568+0000] {processor.py:839} INFO - DAG(s) dict_keys(['elt_reddit_pipeline']) retrieved from /opt/airflow/dags/reddit_dag.py
[2024-09-08T03:23:40.579+0000] {logging_mixin.py:151} INFO - [2024-09-08T03:23:40.578+0000] {dag.py:2941} INFO - Sync 1 DAGs
[2024-09-08T03:23:40.589+0000] {logging_mixin.py:151} INFO - [2024-09-08T03:23:40.589+0000] {dag.py:3722} INFO - Setting next_dagrun for elt_reddit_pipeline to 2024-09-08T00:00:00+00:00, run_after=2024-09-09T00:00:00+00:00
[2024-09-08T03:23:40.596+0000] {processor.py:179} INFO - Processing /opt/airflow/dags/reddit_dag.py took 0.356 seconds
[2024-09-08T03:24:10.893+0000] {processor.py:157} INFO - Started process (PID=5073) to work on /opt/airflow/dags/reddit_dag.py
[2024-09-08T03:24:10.894+0000] {processor.py:829} INFO - Processing file /opt/airflow/dags/reddit_dag.py for tasks to queue
[2024-09-08T03:24:10.897+0000] {logging_mixin.py:151} INFO - [2024-09-08T03:24:10.897+0000] {dagbag.py:536} INFO - Filling up the DagBag from /opt/airflow/dags/reddit_dag.py
[2024-09-08T03:24:11.226+0000] {processor.py:839} INFO - DAG(s) dict_keys(['elt_reddit_pipeline']) retrieved from /opt/airflow/dags/reddit_dag.py
[2024-09-08T03:24:11.238+0000] {logging_mixin.py:151} INFO - [2024-09-08T03:24:11.238+0000] {dag.py:2941} INFO - Sync 1 DAGs
[2024-09-08T03:24:11.248+0000] {logging_mixin.py:151} INFO - [2024-09-08T03:24:11.248+0000] {dag.py:3722} INFO - Setting next_dagrun for elt_reddit_pipeline to 2024-09-08T00:00:00+00:00, run_after=2024-09-09T00:00:00+00:00
[2024-09-08T03:24:11.256+0000] {processor.py:179} INFO - Processing /opt/airflow/dags/reddit_dag.py took 0.369 seconds
[2024-09-08T03:24:41.519+0000] {processor.py:157} INFO - Started process (PID=5075) to work on /opt/airflow/dags/reddit_dag.py
[2024-09-08T03:24:41.521+0000] {processor.py:829} INFO - Processing file /opt/airflow/dags/reddit_dag.py for tasks to queue
[2024-09-08T03:24:41.525+0000] {logging_mixin.py:151} INFO - [2024-09-08T03:24:41.525+0000] {dagbag.py:536} INFO - Filling up the DagBag from /opt/airflow/dags/reddit_dag.py
[2024-09-08T03:24:41.847+0000] {processor.py:839} INFO - DAG(s) dict_keys(['elt_reddit_pipeline']) retrieved from /opt/airflow/dags/reddit_dag.py
[2024-09-08T03:24:41.858+0000] {logging_mixin.py:151} INFO - [2024-09-08T03:24:41.858+0000] {dag.py:2941} INFO - Sync 1 DAGs
[2024-09-08T03:24:41.868+0000] {logging_mixin.py:151} INFO - [2024-09-08T03:24:41.867+0000] {dag.py:3722} INFO - Setting next_dagrun for elt_reddit_pipeline to 2024-09-08T00:00:00+00:00, run_after=2024-09-09T00:00:00+00:00
[2024-09-08T03:24:41.875+0000] {processor.py:179} INFO - Processing /opt/airflow/dags/reddit_dag.py took 0.362 seconds
[2024-09-08T03:25:12.257+0000] {processor.py:157} INFO - Started process (PID=5077) to work on /opt/airflow/dags/reddit_dag.py
[2024-09-08T03:25:12.258+0000] {processor.py:829} INFO - Processing file /opt/airflow/dags/reddit_dag.py for tasks to queue
[2024-09-08T03:25:12.262+0000] {logging_mixin.py:151} INFO - [2024-09-08T03:25:12.261+0000] {dagbag.py:536} INFO - Filling up the DagBag from /opt/airflow/dags/reddit_dag.py
[2024-09-08T03:25:12.576+0000] {processor.py:839} INFO - DAG(s) dict_keys(['elt_reddit_pipeline']) retrieved from /opt/airflow/dags/reddit_dag.py
[2024-09-08T03:25:12.588+0000] {logging_mixin.py:151} INFO - [2024-09-08T03:25:12.588+0000] {dag.py:2941} INFO - Sync 1 DAGs
[2024-09-08T03:25:12.598+0000] {logging_mixin.py:151} INFO - [2024-09-08T03:25:12.598+0000] {dag.py:3722} INFO - Setting next_dagrun for elt_reddit_pipeline to 2024-09-08T00:00:00+00:00, run_after=2024-09-09T00:00:00+00:00
[2024-09-08T03:25:12.606+0000] {processor.py:179} INFO - Processing /opt/airflow/dags/reddit_dag.py took 0.355 seconds
[2024-09-08T03:25:42.765+0000] {processor.py:157} INFO - Started process (PID=5079) to work on /opt/airflow/dags/reddit_dag.py
[2024-09-08T03:25:42.767+0000] {processor.py:829} INFO - Processing file /opt/airflow/dags/reddit_dag.py for tasks to queue
[2024-09-08T03:25:42.771+0000] {logging_mixin.py:151} INFO - [2024-09-08T03:25:42.771+0000] {dagbag.py:536} INFO - Filling up the DagBag from /opt/airflow/dags/reddit_dag.py
[2024-09-08T03:25:43.089+0000] {processor.py:839} INFO - DAG(s) dict_keys(['elt_reddit_pipeline']) retrieved from /opt/airflow/dags/reddit_dag.py
[2024-09-08T03:25:43.100+0000] {logging_mixin.py:151} INFO - [2024-09-08T03:25:43.100+0000] {dag.py:2941} INFO - Sync 1 DAGs
[2024-09-08T03:25:43.110+0000] {logging_mixin.py:151} INFO - [2024-09-08T03:25:43.109+0000] {dag.py:3722} INFO - Setting next_dagrun for elt_reddit_pipeline to 2024-09-08T00:00:00+00:00, run_after=2024-09-09T00:00:00+00:00
[2024-09-08T03:25:43.118+0000] {processor.py:179} INFO - Processing /opt/airflow/dags/reddit_dag.py took 0.359 seconds
[2024-09-08T03:26:13.542+0000] {processor.py:157} INFO - Started process (PID=5081) to work on /opt/airflow/dags/reddit_dag.py
[2024-09-08T03:26:13.543+0000] {processor.py:829} INFO - Processing file /opt/airflow/dags/reddit_dag.py for tasks to queue
[2024-09-08T03:26:13.546+0000] {logging_mixin.py:151} INFO - [2024-09-08T03:26:13.545+0000] {dagbag.py:536} INFO - Filling up the DagBag from /opt/airflow/dags/reddit_dag.py
[2024-09-08T03:26:13.856+0000] {processor.py:839} INFO - DAG(s) dict_keys(['elt_reddit_pipeline']) retrieved from /opt/airflow/dags/reddit_dag.py
[2024-09-08T03:26:13.867+0000] {logging_mixin.py:151} INFO - [2024-09-08T03:26:13.867+0000] {dag.py:2941} INFO - Sync 1 DAGs
[2024-09-08T03:26:13.877+0000] {logging_mixin.py:151} INFO - [2024-09-08T03:26:13.877+0000] {dag.py:3722} INFO - Setting next_dagrun for elt_reddit_pipeline to 2024-09-08T00:00:00+00:00, run_after=2024-09-09T00:00:00+00:00
[2024-09-08T03:26:13.885+0000] {processor.py:179} INFO - Processing /opt/airflow/dags/reddit_dag.py took 0.349 seconds
[2024-09-08T03:26:44.373+0000] {processor.py:157} INFO - Started process (PID=5083) to work on /opt/airflow/dags/reddit_dag.py
[2024-09-08T03:26:44.374+0000] {processor.py:829} INFO - Processing file /opt/airflow/dags/reddit_dag.py for tasks to queue
[2024-09-08T03:26:44.377+0000] {logging_mixin.py:151} INFO - [2024-09-08T03:26:44.377+0000] {dagbag.py:536} INFO - Filling up the DagBag from /opt/airflow/dags/reddit_dag.py
[2024-09-08T03:26:44.697+0000] {processor.py:839} INFO - DAG(s) dict_keys(['elt_reddit_pipeline']) retrieved from /opt/airflow/dags/reddit_dag.py
[2024-09-08T03:26:44.709+0000] {logging_mixin.py:151} INFO - [2024-09-08T03:26:44.708+0000] {dag.py:2941} INFO - Sync 1 DAGs
[2024-09-08T03:26:44.720+0000] {logging_mixin.py:151} INFO - [2024-09-08T03:26:44.720+0000] {dag.py:3722} INFO - Setting next_dagrun for elt_reddit_pipeline to 2024-09-08T00:00:00+00:00, run_after=2024-09-09T00:00:00+00:00
[2024-09-08T03:26:44.728+0000] {processor.py:179} INFO - Processing /opt/airflow/dags/reddit_dag.py took 0.360 seconds
[2024-09-08T03:27:14.929+0000] {processor.py:157} INFO - Started process (PID=5085) to work on /opt/airflow/dags/reddit_dag.py
[2024-09-08T03:27:14.930+0000] {processor.py:829} INFO - Processing file /opt/airflow/dags/reddit_dag.py for tasks to queue
[2024-09-08T03:27:14.933+0000] {logging_mixin.py:151} INFO - [2024-09-08T03:27:14.933+0000] {dagbag.py:536} INFO - Filling up the DagBag from /opt/airflow/dags/reddit_dag.py
[2024-09-08T03:27:15.248+0000] {processor.py:839} INFO - DAG(s) dict_keys(['elt_reddit_pipeline']) retrieved from /opt/airflow/dags/reddit_dag.py
[2024-09-08T03:27:15.260+0000] {logging_mixin.py:151} INFO - [2024-09-08T03:27:15.259+0000] {dag.py:2941} INFO - Sync 1 DAGs
[2024-09-08T03:27:15.269+0000] {logging_mixin.py:151} INFO - [2024-09-08T03:27:15.269+0000] {dag.py:3722} INFO - Setting next_dagrun for elt_reddit_pipeline to 2024-09-08T00:00:00+00:00, run_after=2024-09-09T00:00:00+00:00
[2024-09-08T03:27:15.277+0000] {processor.py:179} INFO - Processing /opt/airflow/dags/reddit_dag.py took 0.354 seconds
[2024-09-08T03:27:45.761+0000] {processor.py:157} INFO - Started process (PID=5087) to work on /opt/airflow/dags/reddit_dag.py
[2024-09-08T03:27:45.762+0000] {processor.py:829} INFO - Processing file /opt/airflow/dags/reddit_dag.py for tasks to queue
[2024-09-08T03:27:45.765+0000] {logging_mixin.py:151} INFO - [2024-09-08T03:27:45.765+0000] {dagbag.py:536} INFO - Filling up the DagBag from /opt/airflow/dags/reddit_dag.py
[2024-09-08T03:27:46.077+0000] {processor.py:839} INFO - DAG(s) dict_keys(['elt_reddit_pipeline']) retrieved from /opt/airflow/dags/reddit_dag.py
[2024-09-08T03:27:46.088+0000] {logging_mixin.py:151} INFO - [2024-09-08T03:27:46.088+0000] {dag.py:2941} INFO - Sync 1 DAGs
[2024-09-08T03:27:46.098+0000] {logging_mixin.py:151} INFO - [2024-09-08T03:27:46.097+0000] {dag.py:3722} INFO - Setting next_dagrun for elt_reddit_pipeline to 2024-09-08T00:00:00+00:00, run_after=2024-09-09T00:00:00+00:00
[2024-09-08T03:27:46.106+0000] {processor.py:179} INFO - Processing /opt/airflow/dags/reddit_dag.py took 0.349 seconds
[2024-09-08T03:28:16.252+0000] {processor.py:157} INFO - Started process (PID=5089) to work on /opt/airflow/dags/reddit_dag.py
[2024-09-08T03:28:16.253+0000] {processor.py:829} INFO - Processing file /opt/airflow/dags/reddit_dag.py for tasks to queue
[2024-09-08T03:28:16.256+0000] {logging_mixin.py:151} INFO - [2024-09-08T03:28:16.256+0000] {dagbag.py:536} INFO - Filling up the DagBag from /opt/airflow/dags/reddit_dag.py
[2024-09-08T03:28:16.570+0000] {processor.py:839} INFO - DAG(s) dict_keys(['elt_reddit_pipeline']) retrieved from /opt/airflow/dags/reddit_dag.py
[2024-09-08T03:28:16.582+0000] {logging_mixin.py:151} INFO - [2024-09-08T03:28:16.582+0000] {dag.py:2941} INFO - Sync 1 DAGs
[2024-09-08T03:28:16.592+0000] {logging_mixin.py:151} INFO - [2024-09-08T03:28:16.592+0000] {dag.py:3722} INFO - Setting next_dagrun for elt_reddit_pipeline to 2024-09-08T00:00:00+00:00, run_after=2024-09-09T00:00:00+00:00
[2024-09-08T03:28:16.600+0000] {processor.py:179} INFO - Processing /opt/airflow/dags/reddit_dag.py took 0.354 seconds
[2024-09-08T03:28:47.125+0000] {processor.py:157} INFO - Started process (PID=5091) to work on /opt/airflow/dags/reddit_dag.py
[2024-09-08T03:28:47.127+0000] {processor.py:829} INFO - Processing file /opt/airflow/dags/reddit_dag.py for tasks to queue
[2024-09-08T03:28:47.131+0000] {logging_mixin.py:151} INFO - [2024-09-08T03:28:47.130+0000] {dagbag.py:536} INFO - Filling up the DagBag from /opt/airflow/dags/reddit_dag.py
[2024-09-08T03:28:47.446+0000] {processor.py:839} INFO - DAG(s) dict_keys(['elt_reddit_pipeline']) retrieved from /opt/airflow/dags/reddit_dag.py
[2024-09-08T03:28:47.457+0000] {logging_mixin.py:151} INFO - [2024-09-08T03:28:47.457+0000] {dag.py:2941} INFO - Sync 1 DAGs
[2024-09-08T03:28:47.467+0000] {logging_mixin.py:151} INFO - [2024-09-08T03:28:47.467+0000] {dag.py:3722} INFO - Setting next_dagrun for elt_reddit_pipeline to 2024-09-08T00:00:00+00:00, run_after=2024-09-09T00:00:00+00:00
[2024-09-08T03:28:47.475+0000] {processor.py:179} INFO - Processing /opt/airflow/dags/reddit_dag.py took 0.355 seconds
[2024-09-08T03:29:17.661+0000] {processor.py:157} INFO - Started process (PID=5093) to work on /opt/airflow/dags/reddit_dag.py
[2024-09-08T03:29:17.663+0000] {processor.py:829} INFO - Processing file /opt/airflow/dags/reddit_dag.py for tasks to queue
[2024-09-08T03:29:17.665+0000] {logging_mixin.py:151} INFO - [2024-09-08T03:29:17.665+0000] {dagbag.py:536} INFO - Filling up the DagBag from /opt/airflow/dags/reddit_dag.py
[2024-09-08T03:29:17.976+0000] {processor.py:839} INFO - DAG(s) dict_keys(['elt_reddit_pipeline']) retrieved from /opt/airflow/dags/reddit_dag.py
[2024-09-08T03:29:17.987+0000] {logging_mixin.py:151} INFO - [2024-09-08T03:29:17.987+0000] {dag.py:2941} INFO - Sync 1 DAGs
[2024-09-08T03:29:17.997+0000] {logging_mixin.py:151} INFO - [2024-09-08T03:29:17.997+0000] {dag.py:3722} INFO - Setting next_dagrun for elt_reddit_pipeline to 2024-09-08T00:00:00+00:00, run_after=2024-09-09T00:00:00+00:00
[2024-09-08T03:29:18.005+0000] {processor.py:179} INFO - Processing /opt/airflow/dags/reddit_dag.py took 0.349 seconds
[2024-09-08T03:29:48.356+0000] {processor.py:157} INFO - Started process (PID=5095) to work on /opt/airflow/dags/reddit_dag.py
[2024-09-08T03:29:48.358+0000] {processor.py:829} INFO - Processing file /opt/airflow/dags/reddit_dag.py for tasks to queue
[2024-09-08T03:29:48.361+0000] {logging_mixin.py:151} INFO - [2024-09-08T03:29:48.361+0000] {dagbag.py:536} INFO - Filling up the DagBag from /opt/airflow/dags/reddit_dag.py
[2024-09-08T03:29:48.676+0000] {processor.py:839} INFO - DAG(s) dict_keys(['elt_reddit_pipeline']) retrieved from /opt/airflow/dags/reddit_dag.py
[2024-09-08T03:29:48.688+0000] {logging_mixin.py:151} INFO - [2024-09-08T03:29:48.688+0000] {dag.py:2941} INFO - Sync 1 DAGs
[2024-09-08T03:29:48.697+0000] {logging_mixin.py:151} INFO - [2024-09-08T03:29:48.697+0000] {dag.py:3722} INFO - Setting next_dagrun for elt_reddit_pipeline to 2024-09-08T00:00:00+00:00, run_after=2024-09-09T00:00:00+00:00
[2024-09-08T03:29:48.705+0000] {processor.py:179} INFO - Processing /opt/airflow/dags/reddit_dag.py took 0.355 seconds
[2024-09-08T03:30:18.952+0000] {processor.py:157} INFO - Started process (PID=5097) to work on /opt/airflow/dags/reddit_dag.py
[2024-09-08T03:30:18.953+0000] {processor.py:829} INFO - Processing file /opt/airflow/dags/reddit_dag.py for tasks to queue
[2024-09-08T03:30:18.956+0000] {logging_mixin.py:151} INFO - [2024-09-08T03:30:18.956+0000] {dagbag.py:536} INFO - Filling up the DagBag from /opt/airflow/dags/reddit_dag.py
[2024-09-08T03:30:19.271+0000] {processor.py:839} INFO - DAG(s) dict_keys(['elt_reddit_pipeline']) retrieved from /opt/airflow/dags/reddit_dag.py
[2024-09-08T03:30:19.281+0000] {logging_mixin.py:151} INFO - [2024-09-08T03:30:19.281+0000] {dag.py:2941} INFO - Sync 1 DAGs
[2024-09-08T03:30:19.291+0000] {logging_mixin.py:151} INFO - [2024-09-08T03:30:19.291+0000] {dag.py:3722} INFO - Setting next_dagrun for elt_reddit_pipeline to 2024-09-08T00:00:00+00:00, run_after=2024-09-09T00:00:00+00:00
[2024-09-08T03:30:19.298+0000] {processor.py:179} INFO - Processing /opt/airflow/dags/reddit_dag.py took 0.352 seconds
[2024-09-08T03:30:49.686+0000] {processor.py:157} INFO - Started process (PID=5099) to work on /opt/airflow/dags/reddit_dag.py
[2024-09-08T03:30:49.688+0000] {processor.py:829} INFO - Processing file /opt/airflow/dags/reddit_dag.py for tasks to queue
[2024-09-08T03:30:49.691+0000] {logging_mixin.py:151} INFO - [2024-09-08T03:30:49.691+0000] {dagbag.py:536} INFO - Filling up the DagBag from /opt/airflow/dags/reddit_dag.py
[2024-09-08T03:30:50.029+0000] {processor.py:839} INFO - DAG(s) dict_keys(['elt_reddit_pipeline']) retrieved from /opt/airflow/dags/reddit_dag.py
[2024-09-08T03:30:50.040+0000] {logging_mixin.py:151} INFO - [2024-09-08T03:30:50.040+0000] {dag.py:2941} INFO - Sync 1 DAGs
[2024-09-08T03:30:50.049+0000] {logging_mixin.py:151} INFO - [2024-09-08T03:30:50.049+0000] {dag.py:3722} INFO - Setting next_dagrun for elt_reddit_pipeline to 2024-09-08T00:00:00+00:00, run_after=2024-09-09T00:00:00+00:00
[2024-09-08T03:30:50.057+0000] {processor.py:179} INFO - Processing /opt/airflow/dags/reddit_dag.py took 0.377 seconds
[2024-09-08T03:31:20.267+0000] {processor.py:157} INFO - Started process (PID=5101) to work on /opt/airflow/dags/reddit_dag.py
[2024-09-08T03:31:20.269+0000] {processor.py:829} INFO - Processing file /opt/airflow/dags/reddit_dag.py for tasks to queue
[2024-09-08T03:31:20.272+0000] {logging_mixin.py:151} INFO - [2024-09-08T03:31:20.271+0000] {dagbag.py:536} INFO - Filling up the DagBag from /opt/airflow/dags/reddit_dag.py
[2024-09-08T03:31:20.589+0000] {processor.py:839} INFO - DAG(s) dict_keys(['elt_reddit_pipeline']) retrieved from /opt/airflow/dags/reddit_dag.py
[2024-09-08T03:31:20.600+0000] {logging_mixin.py:151} INFO - [2024-09-08T03:31:20.600+0000] {dag.py:2941} INFO - Sync 1 DAGs
[2024-09-08T03:31:20.610+0000] {logging_mixin.py:151} INFO - [2024-09-08T03:31:20.610+0000] {dag.py:3722} INFO - Setting next_dagrun for elt_reddit_pipeline to 2024-09-08T00:00:00+00:00, run_after=2024-09-09T00:00:00+00:00
[2024-09-08T03:31:20.619+0000] {processor.py:179} INFO - Processing /opt/airflow/dags/reddit_dag.py took 0.358 seconds
[2024-09-08T03:31:51.023+0000] {processor.py:157} INFO - Started process (PID=5103) to work on /opt/airflow/dags/reddit_dag.py
[2024-09-08T03:31:51.025+0000] {processor.py:829} INFO - Processing file /opt/airflow/dags/reddit_dag.py for tasks to queue
[2024-09-08T03:31:51.029+0000] {logging_mixin.py:151} INFO - [2024-09-08T03:31:51.028+0000] {dagbag.py:536} INFO - Filling up the DagBag from /opt/airflow/dags/reddit_dag.py
[2024-09-08T03:31:51.344+0000] {processor.py:839} INFO - DAG(s) dict_keys(['elt_reddit_pipeline']) retrieved from /opt/airflow/dags/reddit_dag.py
[2024-09-08T03:31:51.355+0000] {logging_mixin.py:151} INFO - [2024-09-08T03:31:51.355+0000] {dag.py:2941} INFO - Sync 1 DAGs
[2024-09-08T03:31:51.365+0000] {logging_mixin.py:151} INFO - [2024-09-08T03:31:51.365+0000] {dag.py:3722} INFO - Setting next_dagrun for elt_reddit_pipeline to 2024-09-08T00:00:00+00:00, run_after=2024-09-09T00:00:00+00:00
[2024-09-08T03:31:51.373+0000] {processor.py:179} INFO - Processing /opt/airflow/dags/reddit_dag.py took 0.355 seconds
[2024-09-08T03:32:21.569+0000] {processor.py:157} INFO - Started process (PID=5105) to work on /opt/airflow/dags/reddit_dag.py
[2024-09-08T03:32:21.570+0000] {processor.py:829} INFO - Processing file /opt/airflow/dags/reddit_dag.py for tasks to queue
[2024-09-08T03:32:21.574+0000] {logging_mixin.py:151} INFO - [2024-09-08T03:32:21.574+0000] {dagbag.py:536} INFO - Filling up the DagBag from /opt/airflow/dags/reddit_dag.py
[2024-09-08T03:32:21.886+0000] {processor.py:839} INFO - DAG(s) dict_keys(['elt_reddit_pipeline']) retrieved from /opt/airflow/dags/reddit_dag.py
[2024-09-08T03:32:21.897+0000] {logging_mixin.py:151} INFO - [2024-09-08T03:32:21.896+0000] {dag.py:2941} INFO - Sync 1 DAGs
[2024-09-08T03:32:21.907+0000] {logging_mixin.py:151} INFO - [2024-09-08T03:32:21.906+0000] {dag.py:3722} INFO - Setting next_dagrun for elt_reddit_pipeline to 2024-09-08T00:00:00+00:00, run_after=2024-09-09T00:00:00+00:00
[2024-09-08T03:32:21.914+0000] {processor.py:179} INFO - Processing /opt/airflow/dags/reddit_dag.py took 0.350 seconds
[2024-09-08T03:32:52.522+0000] {processor.py:157} INFO - Started process (PID=5107) to work on /opt/airflow/dags/reddit_dag.py
[2024-09-08T03:32:52.523+0000] {processor.py:829} INFO - Processing file /opt/airflow/dags/reddit_dag.py for tasks to queue
[2024-09-08T03:32:52.527+0000] {logging_mixin.py:151} INFO - [2024-09-08T03:32:52.527+0000] {dagbag.py:536} INFO - Filling up the DagBag from /opt/airflow/dags/reddit_dag.py
[2024-09-08T03:32:52.850+0000] {processor.py:839} INFO - DAG(s) dict_keys(['elt_reddit_pipeline']) retrieved from /opt/airflow/dags/reddit_dag.py
[2024-09-08T03:32:52.861+0000] {logging_mixin.py:151} INFO - [2024-09-08T03:32:52.861+0000] {dag.py:2941} INFO - Sync 1 DAGs
[2024-09-08T03:32:52.871+0000] {logging_mixin.py:151} INFO - [2024-09-08T03:32:52.870+0000] {dag.py:3722} INFO - Setting next_dagrun for elt_reddit_pipeline to 2024-09-08T00:00:00+00:00, run_after=2024-09-09T00:00:00+00:00
[2024-09-08T03:32:52.878+0000] {processor.py:179} INFO - Processing /opt/airflow/dags/reddit_dag.py took 0.362 seconds
[2024-09-08T03:33:22.989+0000] {processor.py:157} INFO - Started process (PID=5109) to work on /opt/airflow/dags/reddit_dag.py
[2024-09-08T03:33:22.991+0000] {processor.py:829} INFO - Processing file /opt/airflow/dags/reddit_dag.py for tasks to queue
[2024-09-08T03:33:22.995+0000] {logging_mixin.py:151} INFO - [2024-09-08T03:33:22.995+0000] {dagbag.py:536} INFO - Filling up the DagBag from /opt/airflow/dags/reddit_dag.py
[2024-09-08T03:33:23.313+0000] {processor.py:839} INFO - DAG(s) dict_keys(['elt_reddit_pipeline']) retrieved from /opt/airflow/dags/reddit_dag.py
[2024-09-08T03:33:23.324+0000] {logging_mixin.py:151} INFO - [2024-09-08T03:33:23.324+0000] {dag.py:2941} INFO - Sync 1 DAGs
[2024-09-08T03:33:23.334+0000] {logging_mixin.py:151} INFO - [2024-09-08T03:33:23.333+0000] {dag.py:3722} INFO - Setting next_dagrun for elt_reddit_pipeline to 2024-09-08T00:00:00+00:00, run_after=2024-09-09T00:00:00+00:00
[2024-09-08T03:33:23.341+0000] {processor.py:179} INFO - Processing /opt/airflow/dags/reddit_dag.py took 0.358 seconds
[2024-09-08T03:33:53.862+0000] {processor.py:157} INFO - Started process (PID=5111) to work on /opt/airflow/dags/reddit_dag.py
[2024-09-08T03:33:53.865+0000] {processor.py:829} INFO - Processing file /opt/airflow/dags/reddit_dag.py for tasks to queue
[2024-09-08T03:33:53.868+0000] {logging_mixin.py:151} INFO - [2024-09-08T03:33:53.868+0000] {dagbag.py:536} INFO - Filling up the DagBag from /opt/airflow/dags/reddit_dag.py
[2024-09-08T03:33:54.184+0000] {processor.py:839} INFO - DAG(s) dict_keys(['elt_reddit_pipeline']) retrieved from /opt/airflow/dags/reddit_dag.py
[2024-09-08T03:33:54.195+0000] {logging_mixin.py:151} INFO - [2024-09-08T03:33:54.194+0000] {dag.py:2941} INFO - Sync 1 DAGs
[2024-09-08T03:33:54.205+0000] {logging_mixin.py:151} INFO - [2024-09-08T03:33:54.205+0000] {dag.py:3722} INFO - Setting next_dagrun for elt_reddit_pipeline to 2024-09-08T00:00:00+00:00, run_after=2024-09-09T00:00:00+00:00
[2024-09-08T03:33:54.213+0000] {processor.py:179} INFO - Processing /opt/airflow/dags/reddit_dag.py took 0.355 seconds
[2024-09-08T03:34:24.399+0000] {processor.py:157} INFO - Started process (PID=5113) to work on /opt/airflow/dags/reddit_dag.py
[2024-09-08T03:34:24.400+0000] {processor.py:829} INFO - Processing file /opt/airflow/dags/reddit_dag.py for tasks to queue
[2024-09-08T03:34:24.404+0000] {logging_mixin.py:151} INFO - [2024-09-08T03:34:24.403+0000] {dagbag.py:536} INFO - Filling up the DagBag from /opt/airflow/dags/reddit_dag.py
[2024-09-08T03:34:24.727+0000] {processor.py:839} INFO - DAG(s) dict_keys(['elt_reddit_pipeline']) retrieved from /opt/airflow/dags/reddit_dag.py
[2024-09-08T03:34:24.738+0000] {logging_mixin.py:151} INFO - [2024-09-08T03:34:24.738+0000] {dag.py:2941} INFO - Sync 1 DAGs
[2024-09-08T03:34:24.749+0000] {logging_mixin.py:151} INFO - [2024-09-08T03:34:24.749+0000] {dag.py:3722} INFO - Setting next_dagrun for elt_reddit_pipeline to 2024-09-08T00:00:00+00:00, run_after=2024-09-09T00:00:00+00:00
[2024-09-08T03:34:24.757+0000] {processor.py:179} INFO - Processing /opt/airflow/dags/reddit_dag.py took 0.364 seconds
[2024-09-08T03:34:55.285+0000] {processor.py:157} INFO - Started process (PID=5115) to work on /opt/airflow/dags/reddit_dag.py
[2024-09-08T03:34:55.287+0000] {processor.py:829} INFO - Processing file /opt/airflow/dags/reddit_dag.py for tasks to queue
[2024-09-08T03:34:55.291+0000] {logging_mixin.py:151} INFO - [2024-09-08T03:34:55.290+0000] {dagbag.py:536} INFO - Filling up the DagBag from /opt/airflow/dags/reddit_dag.py
[2024-09-08T03:34:55.616+0000] {processor.py:839} INFO - DAG(s) dict_keys(['elt_reddit_pipeline']) retrieved from /opt/airflow/dags/reddit_dag.py
[2024-09-08T03:34:55.627+0000] {logging_mixin.py:151} INFO - [2024-09-08T03:34:55.626+0000] {dag.py:2941} INFO - Sync 1 DAGs
[2024-09-08T03:34:55.637+0000] {logging_mixin.py:151} INFO - [2024-09-08T03:34:55.637+0000] {dag.py:3722} INFO - Setting next_dagrun for elt_reddit_pipeline to 2024-09-08T00:00:00+00:00, run_after=2024-09-09T00:00:00+00:00
[2024-09-08T03:34:55.645+0000] {processor.py:179} INFO - Processing /opt/airflow/dags/reddit_dag.py took 0.365 seconds
[2024-09-08T03:35:25.784+0000] {processor.py:157} INFO - Started process (PID=5117) to work on /opt/airflow/dags/reddit_dag.py
[2024-09-08T03:35:25.786+0000] {processor.py:829} INFO - Processing file /opt/airflow/dags/reddit_dag.py for tasks to queue
[2024-09-08T03:35:25.790+0000] {logging_mixin.py:151} INFO - [2024-09-08T03:35:25.789+0000] {dagbag.py:536} INFO - Filling up the DagBag from /opt/airflow/dags/reddit_dag.py
[2024-09-08T03:35:26.100+0000] {processor.py:839} INFO - DAG(s) dict_keys(['elt_reddit_pipeline']) retrieved from /opt/airflow/dags/reddit_dag.py
[2024-09-08T03:35:26.112+0000] {logging_mixin.py:151} INFO - [2024-09-08T03:35:26.111+0000] {dag.py:2941} INFO - Sync 1 DAGs
[2024-09-08T03:35:26.121+0000] {logging_mixin.py:151} INFO - [2024-09-08T03:35:26.121+0000] {dag.py:3722} INFO - Setting next_dagrun for elt_reddit_pipeline to 2024-09-08T00:00:00+00:00, run_after=2024-09-09T00:00:00+00:00
[2024-09-08T03:35:26.129+0000] {processor.py:179} INFO - Processing /opt/airflow/dags/reddit_dag.py took 0.350 seconds
[2024-09-08T03:35:56.715+0000] {processor.py:157} INFO - Started process (PID=5119) to work on /opt/airflow/dags/reddit_dag.py
[2024-09-08T03:35:56.716+0000] {processor.py:829} INFO - Processing file /opt/airflow/dags/reddit_dag.py for tasks to queue
[2024-09-08T03:35:56.721+0000] {logging_mixin.py:151} INFO - [2024-09-08T03:35:56.720+0000] {dagbag.py:536} INFO - Filling up the DagBag from /opt/airflow/dags/reddit_dag.py
[2024-09-08T03:35:57.037+0000] {processor.py:839} INFO - DAG(s) dict_keys(['elt_reddit_pipeline']) retrieved from /opt/airflow/dags/reddit_dag.py
[2024-09-08T03:35:57.049+0000] {logging_mixin.py:151} INFO - [2024-09-08T03:35:57.049+0000] {dag.py:2941} INFO - Sync 1 DAGs
[2024-09-08T03:35:57.058+0000] {logging_mixin.py:151} INFO - [2024-09-08T03:35:57.058+0000] {dag.py:3722} INFO - Setting next_dagrun for elt_reddit_pipeline to 2024-09-08T00:00:00+00:00, run_after=2024-09-09T00:00:00+00:00
[2024-09-08T03:35:57.066+0000] {processor.py:179} INFO - Processing /opt/airflow/dags/reddit_dag.py took 0.357 seconds
[2024-09-08T03:36:27.215+0000] {processor.py:157} INFO - Started process (PID=5121) to work on /opt/airflow/dags/reddit_dag.py
[2024-09-08T03:36:27.216+0000] {processor.py:829} INFO - Processing file /opt/airflow/dags/reddit_dag.py for tasks to queue
[2024-09-08T03:36:27.220+0000] {logging_mixin.py:151} INFO - [2024-09-08T03:36:27.220+0000] {dagbag.py:536} INFO - Filling up the DagBag from /opt/airflow/dags/reddit_dag.py
[2024-09-08T03:36:27.536+0000] {processor.py:839} INFO - DAG(s) dict_keys(['elt_reddit_pipeline']) retrieved from /opt/airflow/dags/reddit_dag.py
[2024-09-08T03:36:27.547+0000] {logging_mixin.py:151} INFO - [2024-09-08T03:36:27.547+0000] {dag.py:2941} INFO - Sync 1 DAGs
[2024-09-08T03:36:27.557+0000] {logging_mixin.py:151} INFO - [2024-09-08T03:36:27.557+0000] {dag.py:3722} INFO - Setting next_dagrun for elt_reddit_pipeline to 2024-09-08T00:00:00+00:00, run_after=2024-09-09T00:00:00+00:00
[2024-09-08T03:36:27.565+0000] {processor.py:179} INFO - Processing /opt/airflow/dags/reddit_dag.py took 0.355 seconds
[2024-09-08T03:36:57.982+0000] {processor.py:157} INFO - Started process (PID=5123) to work on /opt/airflow/dags/reddit_dag.py
[2024-09-08T03:36:57.984+0000] {processor.py:829} INFO - Processing file /opt/airflow/dags/reddit_dag.py for tasks to queue
[2024-09-08T03:36:57.986+0000] {logging_mixin.py:151} INFO - [2024-09-08T03:36:57.986+0000] {dagbag.py:536} INFO - Filling up the DagBag from /opt/airflow/dags/reddit_dag.py
[2024-09-08T03:36:58.293+0000] {processor.py:839} INFO - DAG(s) dict_keys(['elt_reddit_pipeline']) retrieved from /opt/airflow/dags/reddit_dag.py
[2024-09-08T03:36:58.304+0000] {logging_mixin.py:151} INFO - [2024-09-08T03:36:58.304+0000] {dag.py:2941} INFO - Sync 1 DAGs
[2024-09-08T03:36:58.313+0000] {logging_mixin.py:151} INFO - [2024-09-08T03:36:58.313+0000] {dag.py:3722} INFO - Setting next_dagrun for elt_reddit_pipeline to 2024-09-08T00:00:00+00:00, run_after=2024-09-09T00:00:00+00:00
[2024-09-08T03:36:58.322+0000] {processor.py:179} INFO - Processing /opt/airflow/dags/reddit_dag.py took 0.344 seconds
[2024-09-08T03:37:28.512+0000] {processor.py:157} INFO - Started process (PID=5125) to work on /opt/airflow/dags/reddit_dag.py
[2024-09-08T03:37:28.514+0000] {processor.py:829} INFO - Processing file /opt/airflow/dags/reddit_dag.py for tasks to queue
[2024-09-08T03:37:28.517+0000] {logging_mixin.py:151} INFO - [2024-09-08T03:37:28.516+0000] {dagbag.py:536} INFO - Filling up the DagBag from /opt/airflow/dags/reddit_dag.py
[2024-09-08T03:37:28.831+0000] {processor.py:839} INFO - DAG(s) dict_keys(['elt_reddit_pipeline']) retrieved from /opt/airflow/dags/reddit_dag.py
[2024-09-08T03:37:28.842+0000] {logging_mixin.py:151} INFO - [2024-09-08T03:37:28.841+0000] {dag.py:2941} INFO - Sync 1 DAGs
[2024-09-08T03:37:28.852+0000] {logging_mixin.py:151} INFO - [2024-09-08T03:37:28.852+0000] {dag.py:3722} INFO - Setting next_dagrun for elt_reddit_pipeline to 2024-09-08T00:00:00+00:00, run_after=2024-09-09T00:00:00+00:00
[2024-09-08T03:37:28.861+0000] {processor.py:179} INFO - Processing /opt/airflow/dags/reddit_dag.py took 0.355 seconds
[2024-09-08T03:37:59.304+0000] {processor.py:157} INFO - Started process (PID=5127) to work on /opt/airflow/dags/reddit_dag.py
[2024-09-08T03:37:59.305+0000] {processor.py:829} INFO - Processing file /opt/airflow/dags/reddit_dag.py for tasks to queue
[2024-09-08T03:37:59.308+0000] {logging_mixin.py:151} INFO - [2024-09-08T03:37:59.308+0000] {dagbag.py:536} INFO - Filling up the DagBag from /opt/airflow/dags/reddit_dag.py
[2024-09-08T03:37:59.623+0000] {processor.py:839} INFO - DAG(s) dict_keys(['elt_reddit_pipeline']) retrieved from /opt/airflow/dags/reddit_dag.py
[2024-09-08T03:37:59.637+0000] {logging_mixin.py:151} INFO - [2024-09-08T03:37:59.637+0000] {dag.py:2941} INFO - Sync 1 DAGs
[2024-09-08T03:37:59.647+0000] {logging_mixin.py:151} INFO - [2024-09-08T03:37:59.647+0000] {dag.py:3722} INFO - Setting next_dagrun for elt_reddit_pipeline to 2024-09-08T00:00:00+00:00, run_after=2024-09-09T00:00:00+00:00
[2024-09-08T03:37:59.654+0000] {processor.py:179} INFO - Processing /opt/airflow/dags/reddit_dag.py took 0.356 seconds
[2024-09-08T03:38:29.821+0000] {processor.py:157} INFO - Started process (PID=5129) to work on /opt/airflow/dags/reddit_dag.py
[2024-09-08T03:38:29.823+0000] {processor.py:829} INFO - Processing file /opt/airflow/dags/reddit_dag.py for tasks to queue
[2024-09-08T03:38:29.826+0000] {logging_mixin.py:151} INFO - [2024-09-08T03:38:29.826+0000] {dagbag.py:536} INFO - Filling up the DagBag from /opt/airflow/dags/reddit_dag.py
[2024-09-08T03:38:30.141+0000] {processor.py:839} INFO - DAG(s) dict_keys(['elt_reddit_pipeline']) retrieved from /opt/airflow/dags/reddit_dag.py
[2024-09-08T03:38:30.153+0000] {logging_mixin.py:151} INFO - [2024-09-08T03:38:30.152+0000] {dag.py:2941} INFO - Sync 1 DAGs
[2024-09-08T03:38:30.162+0000] {logging_mixin.py:151} INFO - [2024-09-08T03:38:30.162+0000] {dag.py:3722} INFO - Setting next_dagrun for elt_reddit_pipeline to 2024-09-08T00:00:00+00:00, run_after=2024-09-09T00:00:00+00:00
[2024-09-08T03:38:30.170+0000] {processor.py:179} INFO - Processing /opt/airflow/dags/reddit_dag.py took 0.354 seconds
[2024-09-08T03:39:00.734+0000] {processor.py:157} INFO - Started process (PID=5131) to work on /opt/airflow/dags/reddit_dag.py
[2024-09-08T03:39:00.735+0000] {processor.py:829} INFO - Processing file /opt/airflow/dags/reddit_dag.py for tasks to queue
[2024-09-08T03:39:00.737+0000] {logging_mixin.py:151} INFO - [2024-09-08T03:39:00.737+0000] {dagbag.py:536} INFO - Filling up the DagBag from /opt/airflow/dags/reddit_dag.py
[2024-09-08T03:39:01.041+0000] {processor.py:839} INFO - DAG(s) dict_keys(['elt_reddit_pipeline']) retrieved from /opt/airflow/dags/reddit_dag.py
[2024-09-08T03:39:01.051+0000] {logging_mixin.py:151} INFO - [2024-09-08T03:39:01.051+0000] {dag.py:2941} INFO - Sync 1 DAGs
[2024-09-08T03:39:01.061+0000] {logging_mixin.py:151} INFO - [2024-09-08T03:39:01.061+0000] {dag.py:3722} INFO - Setting next_dagrun for elt_reddit_pipeline to 2024-09-08T00:00:00+00:00, run_after=2024-09-09T00:00:00+00:00
[2024-09-08T03:39:01.069+0000] {processor.py:179} INFO - Processing /opt/airflow/dags/reddit_dag.py took 0.337 seconds
[2024-09-08T03:39:31.255+0000] {processor.py:157} INFO - Started process (PID=5133) to work on /opt/airflow/dags/reddit_dag.py
[2024-09-08T03:39:31.257+0000] {processor.py:829} INFO - Processing file /opt/airflow/dags/reddit_dag.py for tasks to queue
[2024-09-08T03:39:31.260+0000] {logging_mixin.py:151} INFO - [2024-09-08T03:39:31.259+0000] {dagbag.py:536} INFO - Filling up the DagBag from /opt/airflow/dags/reddit_dag.py
[2024-09-08T03:39:31.587+0000] {processor.py:839} INFO - DAG(s) dict_keys(['elt_reddit_pipeline']) retrieved from /opt/airflow/dags/reddit_dag.py
[2024-09-08T03:39:31.600+0000] {logging_mixin.py:151} INFO - [2024-09-08T03:39:31.599+0000] {dag.py:2941} INFO - Sync 1 DAGs
[2024-09-08T03:39:31.611+0000] {logging_mixin.py:151} INFO - [2024-09-08T03:39:31.611+0000] {dag.py:3722} INFO - Setting next_dagrun for elt_reddit_pipeline to 2024-09-08T00:00:00+00:00, run_after=2024-09-09T00:00:00+00:00
[2024-09-08T03:39:31.621+0000] {processor.py:179} INFO - Processing /opt/airflow/dags/reddit_dag.py took 0.369 seconds
[2024-09-08T03:40:02.135+0000] {processor.py:157} INFO - Started process (PID=5135) to work on /opt/airflow/dags/reddit_dag.py
[2024-09-08T03:40:02.136+0000] {processor.py:829} INFO - Processing file /opt/airflow/dags/reddit_dag.py for tasks to queue
[2024-09-08T03:40:02.139+0000] {logging_mixin.py:151} INFO - [2024-09-08T03:40:02.139+0000] {dagbag.py:536} INFO - Filling up the DagBag from /opt/airflow/dags/reddit_dag.py
[2024-09-08T03:40:02.453+0000] {processor.py:839} INFO - DAG(s) dict_keys(['elt_reddit_pipeline']) retrieved from /opt/airflow/dags/reddit_dag.py
[2024-09-08T03:40:02.464+0000] {logging_mixin.py:151} INFO - [2024-09-08T03:40:02.463+0000] {dag.py:2941} INFO - Sync 1 DAGs
[2024-09-08T03:40:02.474+0000] {logging_mixin.py:151} INFO - [2024-09-08T03:40:02.474+0000] {dag.py:3722} INFO - Setting next_dagrun for elt_reddit_pipeline to 2024-09-08T00:00:00+00:00, run_after=2024-09-09T00:00:00+00:00
[2024-09-08T03:40:02.482+0000] {processor.py:179} INFO - Processing /opt/airflow/dags/reddit_dag.py took 0.352 seconds
[2024-09-08T03:40:32.632+0000] {processor.py:157} INFO - Started process (PID=5137) to work on /opt/airflow/dags/reddit_dag.py
[2024-09-08T03:40:32.633+0000] {processor.py:829} INFO - Processing file /opt/airflow/dags/reddit_dag.py for tasks to queue
[2024-09-08T03:40:32.636+0000] {logging_mixin.py:151} INFO - [2024-09-08T03:40:32.636+0000] {dagbag.py:536} INFO - Filling up the DagBag from /opt/airflow/dags/reddit_dag.py
[2024-09-08T03:40:32.954+0000] {processor.py:839} INFO - DAG(s) dict_keys(['elt_reddit_pipeline']) retrieved from /opt/airflow/dags/reddit_dag.py
[2024-09-08T03:40:32.965+0000] {logging_mixin.py:151} INFO - [2024-09-08T03:40:32.964+0000] {dag.py:2941} INFO - Sync 1 DAGs
[2024-09-08T03:40:32.975+0000] {logging_mixin.py:151} INFO - [2024-09-08T03:40:32.975+0000] {dag.py:3722} INFO - Setting next_dagrun for elt_reddit_pipeline to 2024-09-08T00:00:00+00:00, run_after=2024-09-09T00:00:00+00:00
[2024-09-08T03:40:32.983+0000] {processor.py:179} INFO - Processing /opt/airflow/dags/reddit_dag.py took 0.357 seconds
[2024-09-08T03:41:03.458+0000] {processor.py:157} INFO - Started process (PID=5139) to work on /opt/airflow/dags/reddit_dag.py
[2024-09-08T03:41:03.460+0000] {processor.py:829} INFO - Processing file /opt/airflow/dags/reddit_dag.py for tasks to queue
[2024-09-08T03:41:03.463+0000] {logging_mixin.py:151} INFO - [2024-09-08T03:41:03.463+0000] {dagbag.py:536} INFO - Filling up the DagBag from /opt/airflow/dags/reddit_dag.py
[2024-09-08T03:41:03.781+0000] {processor.py:839} INFO - DAG(s) dict_keys(['elt_reddit_pipeline']) retrieved from /opt/airflow/dags/reddit_dag.py
[2024-09-08T03:41:03.793+0000] {logging_mixin.py:151} INFO - [2024-09-08T03:41:03.792+0000] {dag.py:2941} INFO - Sync 1 DAGs
[2024-09-08T03:41:03.803+0000] {logging_mixin.py:151} INFO - [2024-09-08T03:41:03.803+0000] {dag.py:3722} INFO - Setting next_dagrun for elt_reddit_pipeline to 2024-09-08T00:00:00+00:00, run_after=2024-09-09T00:00:00+00:00
[2024-09-08T03:41:03.811+0000] {processor.py:179} INFO - Processing /opt/airflow/dags/reddit_dag.py took 0.358 seconds
[2024-09-08T03:41:34.014+0000] {processor.py:157} INFO - Started process (PID=5141) to work on /opt/airflow/dags/reddit_dag.py
[2024-09-08T03:41:34.016+0000] {processor.py:829} INFO - Processing file /opt/airflow/dags/reddit_dag.py for tasks to queue
[2024-09-08T03:41:34.019+0000] {logging_mixin.py:151} INFO - [2024-09-08T03:41:34.018+0000] {dagbag.py:536} INFO - Filling up the DagBag from /opt/airflow/dags/reddit_dag.py
[2024-09-08T03:41:34.333+0000] {processor.py:839} INFO - DAG(s) dict_keys(['elt_reddit_pipeline']) retrieved from /opt/airflow/dags/reddit_dag.py
[2024-09-08T03:41:34.344+0000] {logging_mixin.py:151} INFO - [2024-09-08T03:41:34.344+0000] {dag.py:2941} INFO - Sync 1 DAGs
[2024-09-08T03:41:34.354+0000] {logging_mixin.py:151} INFO - [2024-09-08T03:41:34.354+0000] {dag.py:3722} INFO - Setting next_dagrun for elt_reddit_pipeline to 2024-09-08T00:00:00+00:00, run_after=2024-09-09T00:00:00+00:00
[2024-09-08T03:41:34.361+0000] {processor.py:179} INFO - Processing /opt/airflow/dags/reddit_dag.py took 0.353 seconds
[2024-09-08T03:42:04.811+0000] {processor.py:157} INFO - Started process (PID=5143) to work on /opt/airflow/dags/reddit_dag.py
[2024-09-08T03:42:04.812+0000] {processor.py:829} INFO - Processing file /opt/airflow/dags/reddit_dag.py for tasks to queue
[2024-09-08T03:42:04.815+0000] {logging_mixin.py:151} INFO - [2024-09-08T03:42:04.815+0000] {dagbag.py:536} INFO - Filling up the DagBag from /opt/airflow/dags/reddit_dag.py
[2024-09-08T03:42:05.144+0000] {processor.py:839} INFO - DAG(s) dict_keys(['elt_reddit_pipeline']) retrieved from /opt/airflow/dags/reddit_dag.py
[2024-09-08T03:42:05.156+0000] {logging_mixin.py:151} INFO - [2024-09-08T03:42:05.156+0000] {dag.py:2941} INFO - Sync 1 DAGs
[2024-09-08T03:42:05.165+0000] {logging_mixin.py:151} INFO - [2024-09-08T03:42:05.165+0000] {dag.py:3722} INFO - Setting next_dagrun for elt_reddit_pipeline to 2024-09-08T00:00:00+00:00, run_after=2024-09-09T00:00:00+00:00
[2024-09-08T03:42:05.174+0000] {processor.py:179} INFO - Processing /opt/airflow/dags/reddit_dag.py took 0.369 seconds
[2024-09-08T03:42:35.312+0000] {processor.py:157} INFO - Started process (PID=5145) to work on /opt/airflow/dags/reddit_dag.py
[2024-09-08T03:42:35.314+0000] {processor.py:829} INFO - Processing file /opt/airflow/dags/reddit_dag.py for tasks to queue
[2024-09-08T03:42:35.318+0000] {logging_mixin.py:151} INFO - [2024-09-08T03:42:35.317+0000] {dagbag.py:536} INFO - Filling up the DagBag from /opt/airflow/dags/reddit_dag.py
[2024-09-08T03:42:35.630+0000] {processor.py:839} INFO - DAG(s) dict_keys(['elt_reddit_pipeline']) retrieved from /opt/airflow/dags/reddit_dag.py
[2024-09-08T03:42:35.641+0000] {logging_mixin.py:151} INFO - [2024-09-08T03:42:35.640+0000] {dag.py:2941} INFO - Sync 1 DAGs
[2024-09-08T03:42:35.651+0000] {logging_mixin.py:151} INFO - [2024-09-08T03:42:35.651+0000] {dag.py:3722} INFO - Setting next_dagrun for elt_reddit_pipeline to 2024-09-08T00:00:00+00:00, run_after=2024-09-09T00:00:00+00:00
[2024-09-08T03:42:35.659+0000] {processor.py:179} INFO - Processing /opt/airflow/dags/reddit_dag.py took 0.352 seconds
[2024-09-08T03:43:06.197+0000] {processor.py:157} INFO - Started process (PID=5147) to work on /opt/airflow/dags/reddit_dag.py
[2024-09-08T03:43:06.199+0000] {processor.py:829} INFO - Processing file /opt/airflow/dags/reddit_dag.py for tasks to queue
[2024-09-08T03:43:06.203+0000] {logging_mixin.py:151} INFO - [2024-09-08T03:43:06.202+0000] {dagbag.py:536} INFO - Filling up the DagBag from /opt/airflow/dags/reddit_dag.py
[2024-09-08T03:43:06.520+0000] {processor.py:839} INFO - DAG(s) dict_keys(['elt_reddit_pipeline']) retrieved from /opt/airflow/dags/reddit_dag.py
[2024-09-08T03:43:06.530+0000] {logging_mixin.py:151} INFO - [2024-09-08T03:43:06.530+0000] {dag.py:2941} INFO - Sync 1 DAGs
[2024-09-08T03:43:06.540+0000] {logging_mixin.py:151} INFO - [2024-09-08T03:43:06.540+0000] {dag.py:3722} INFO - Setting next_dagrun for elt_reddit_pipeline to 2024-09-08T00:00:00+00:00, run_after=2024-09-09T00:00:00+00:00
[2024-09-08T03:43:06.547+0000] {processor.py:179} INFO - Processing /opt/airflow/dags/reddit_dag.py took 0.355 seconds
[2024-09-08T03:43:36.680+0000] {processor.py:157} INFO - Started process (PID=5149) to work on /opt/airflow/dags/reddit_dag.py
[2024-09-08T03:43:36.682+0000] {processor.py:829} INFO - Processing file /opt/airflow/dags/reddit_dag.py for tasks to queue
[2024-09-08T03:43:36.686+0000] {logging_mixin.py:151} INFO - [2024-09-08T03:43:36.686+0000] {dagbag.py:536} INFO - Filling up the DagBag from /opt/airflow/dags/reddit_dag.py
[2024-09-08T03:43:37.000+0000] {processor.py:839} INFO - DAG(s) dict_keys(['elt_reddit_pipeline']) retrieved from /opt/airflow/dags/reddit_dag.py
[2024-09-08T03:43:37.011+0000] {logging_mixin.py:151} INFO - [2024-09-08T03:43:37.011+0000] {dag.py:2941} INFO - Sync 1 DAGs
[2024-09-08T03:43:37.022+0000] {logging_mixin.py:151} INFO - [2024-09-08T03:43:37.021+0000] {dag.py:3722} INFO - Setting next_dagrun for elt_reddit_pipeline to 2024-09-08T00:00:00+00:00, run_after=2024-09-09T00:00:00+00:00
[2024-09-08T03:43:37.029+0000] {processor.py:179} INFO - Processing /opt/airflow/dags/reddit_dag.py took 0.355 seconds
[2024-09-08T03:44:07.528+0000] {processor.py:157} INFO - Started process (PID=5151) to work on /opt/airflow/dags/reddit_dag.py
[2024-09-08T03:44:07.530+0000] {processor.py:829} INFO - Processing file /opt/airflow/dags/reddit_dag.py for tasks to queue
[2024-09-08T03:44:07.533+0000] {logging_mixin.py:151} INFO - [2024-09-08T03:44:07.532+0000] {dagbag.py:536} INFO - Filling up the DagBag from /opt/airflow/dags/reddit_dag.py
[2024-09-08T03:44:07.857+0000] {processor.py:839} INFO - DAG(s) dict_keys(['elt_reddit_pipeline']) retrieved from /opt/airflow/dags/reddit_dag.py
[2024-09-08T03:44:07.869+0000] {logging_mixin.py:151} INFO - [2024-09-08T03:44:07.868+0000] {dag.py:2941} INFO - Sync 1 DAGs
[2024-09-08T03:44:07.879+0000] {logging_mixin.py:151} INFO - [2024-09-08T03:44:07.879+0000] {dag.py:3722} INFO - Setting next_dagrun for elt_reddit_pipeline to 2024-09-08T00:00:00+00:00, run_after=2024-09-09T00:00:00+00:00
[2024-09-08T03:44:07.887+0000] {processor.py:179} INFO - Processing /opt/airflow/dags/reddit_dag.py took 0.364 seconds
[2024-09-08T03:44:38.127+0000] {processor.py:157} INFO - Started process (PID=5153) to work on /opt/airflow/dags/reddit_dag.py
[2024-09-08T03:44:38.128+0000] {processor.py:829} INFO - Processing file /opt/airflow/dags/reddit_dag.py for tasks to queue
[2024-09-08T03:44:38.131+0000] {logging_mixin.py:151} INFO - [2024-09-08T03:44:38.131+0000] {dagbag.py:536} INFO - Filling up the DagBag from /opt/airflow/dags/reddit_dag.py
[2024-09-08T03:44:38.451+0000] {processor.py:839} INFO - DAG(s) dict_keys(['elt_reddit_pipeline']) retrieved from /opt/airflow/dags/reddit_dag.py
[2024-09-08T03:44:38.461+0000] {logging_mixin.py:151} INFO - [2024-09-08T03:44:38.461+0000] {dag.py:2941} INFO - Sync 1 DAGs
[2024-09-08T03:44:38.471+0000] {logging_mixin.py:151} INFO - [2024-09-08T03:44:38.471+0000] {dag.py:3722} INFO - Setting next_dagrun for elt_reddit_pipeline to 2024-09-08T00:00:00+00:00, run_after=2024-09-09T00:00:00+00:00
[2024-09-08T03:44:38.479+0000] {processor.py:179} INFO - Processing /opt/airflow/dags/reddit_dag.py took 0.358 seconds
[2024-09-08T03:45:08.926+0000] {processor.py:157} INFO - Started process (PID=5155) to work on /opt/airflow/dags/reddit_dag.py
[2024-09-08T03:45:08.928+0000] {processor.py:829} INFO - Processing file /opt/airflow/dags/reddit_dag.py for tasks to queue
[2024-09-08T03:45:08.931+0000] {logging_mixin.py:151} INFO - [2024-09-08T03:45:08.930+0000] {dagbag.py:536} INFO - Filling up the DagBag from /opt/airflow/dags/reddit_dag.py
[2024-09-08T03:45:09.250+0000] {processor.py:839} INFO - DAG(s) dict_keys(['elt_reddit_pipeline']) retrieved from /opt/airflow/dags/reddit_dag.py
[2024-09-08T03:45:09.261+0000] {logging_mixin.py:151} INFO - [2024-09-08T03:45:09.260+0000] {dag.py:2941} INFO - Sync 1 DAGs
[2024-09-08T03:45:09.270+0000] {logging_mixin.py:151} INFO - [2024-09-08T03:45:09.270+0000] {dag.py:3722} INFO - Setting next_dagrun for elt_reddit_pipeline to 2024-09-08T00:00:00+00:00, run_after=2024-09-09T00:00:00+00:00
[2024-09-08T03:45:09.278+0000] {processor.py:179} INFO - Processing /opt/airflow/dags/reddit_dag.py took 0.357 seconds
[2024-09-08T03:45:39.418+0000] {processor.py:157} INFO - Started process (PID=5157) to work on /opt/airflow/dags/reddit_dag.py
[2024-09-08T03:45:39.420+0000] {processor.py:829} INFO - Processing file /opt/airflow/dags/reddit_dag.py for tasks to queue
[2024-09-08T03:45:39.423+0000] {logging_mixin.py:151} INFO - [2024-09-08T03:45:39.423+0000] {dagbag.py:536} INFO - Filling up the DagBag from /opt/airflow/dags/reddit_dag.py
[2024-09-08T03:45:39.739+0000] {processor.py:839} INFO - DAG(s) dict_keys(['elt_reddit_pipeline']) retrieved from /opt/airflow/dags/reddit_dag.py
[2024-09-08T03:45:39.750+0000] {logging_mixin.py:151} INFO - [2024-09-08T03:45:39.749+0000] {dag.py:2941} INFO - Sync 1 DAGs
[2024-09-08T03:45:39.759+0000] {logging_mixin.py:151} INFO - [2024-09-08T03:45:39.759+0000] {dag.py:3722} INFO - Setting next_dagrun for elt_reddit_pipeline to 2024-09-08T00:00:00+00:00, run_after=2024-09-09T00:00:00+00:00
[2024-09-08T03:45:39.767+0000] {processor.py:179} INFO - Processing /opt/airflow/dags/reddit_dag.py took 0.355 seconds
[2024-09-08T03:46:10.204+0000] {processor.py:157} INFO - Started process (PID=5159) to work on /opt/airflow/dags/reddit_dag.py
[2024-09-08T03:46:10.206+0000] {processor.py:829} INFO - Processing file /opt/airflow/dags/reddit_dag.py for tasks to queue
[2024-09-08T03:46:10.210+0000] {logging_mixin.py:151} INFO - [2024-09-08T03:46:10.209+0000] {dagbag.py:536} INFO - Filling up the DagBag from /opt/airflow/dags/reddit_dag.py
[2024-09-08T03:46:10.530+0000] {processor.py:839} INFO - DAG(s) dict_keys(['elt_reddit_pipeline']) retrieved from /opt/airflow/dags/reddit_dag.py
[2024-09-08T03:46:10.541+0000] {logging_mixin.py:151} INFO - [2024-09-08T03:46:10.540+0000] {dag.py:2941} INFO - Sync 1 DAGs
[2024-09-08T03:46:10.551+0000] {logging_mixin.py:151} INFO - [2024-09-08T03:46:10.551+0000] {dag.py:3722} INFO - Setting next_dagrun for elt_reddit_pipeline to 2024-09-08T00:00:00+00:00, run_after=2024-09-09T00:00:00+00:00
[2024-09-08T03:46:10.559+0000] {processor.py:179} INFO - Processing /opt/airflow/dags/reddit_dag.py took 0.359 seconds
[2024-09-08T03:46:40.742+0000] {processor.py:157} INFO - Started process (PID=5161) to work on /opt/airflow/dags/reddit_dag.py
[2024-09-08T03:46:40.744+0000] {processor.py:829} INFO - Processing file /opt/airflow/dags/reddit_dag.py for tasks to queue
[2024-09-08T03:46:40.748+0000] {logging_mixin.py:151} INFO - [2024-09-08T03:46:40.748+0000] {dagbag.py:536} INFO - Filling up the DagBag from /opt/airflow/dags/reddit_dag.py
[2024-09-08T03:46:41.061+0000] {processor.py:839} INFO - DAG(s) dict_keys(['elt_reddit_pipeline']) retrieved from /opt/airflow/dags/reddit_dag.py
[2024-09-08T03:46:41.071+0000] {logging_mixin.py:151} INFO - [2024-09-08T03:46:41.071+0000] {dag.py:2941} INFO - Sync 1 DAGs
[2024-09-08T03:46:41.081+0000] {logging_mixin.py:151} INFO - [2024-09-08T03:46:41.081+0000] {dag.py:3722} INFO - Setting next_dagrun for elt_reddit_pipeline to 2024-09-08T00:00:00+00:00, run_after=2024-09-09T00:00:00+00:00
[2024-09-08T03:46:41.089+0000] {processor.py:179} INFO - Processing /opt/airflow/dags/reddit_dag.py took 0.353 seconds
[2024-09-08T03:47:11.580+0000] {processor.py:157} INFO - Started process (PID=5163) to work on /opt/airflow/dags/reddit_dag.py
[2024-09-08T03:47:11.581+0000] {processor.py:829} INFO - Processing file /opt/airflow/dags/reddit_dag.py for tasks to queue
[2024-09-08T03:47:11.585+0000] {logging_mixin.py:151} INFO - [2024-09-08T03:47:11.585+0000] {dagbag.py:536} INFO - Filling up the DagBag from /opt/airflow/dags/reddit_dag.py
[2024-09-08T03:47:11.906+0000] {processor.py:839} INFO - DAG(s) dict_keys(['elt_reddit_pipeline']) retrieved from /opt/airflow/dags/reddit_dag.py
[2024-09-08T03:47:11.918+0000] {logging_mixin.py:151} INFO - [2024-09-08T03:47:11.918+0000] {dag.py:2941} INFO - Sync 1 DAGs
[2024-09-08T03:47:11.929+0000] {logging_mixin.py:151} INFO - [2024-09-08T03:47:11.929+0000] {dag.py:3722} INFO - Setting next_dagrun for elt_reddit_pipeline to 2024-09-08T00:00:00+00:00, run_after=2024-09-09T00:00:00+00:00
[2024-09-08T03:47:11.937+0000] {processor.py:179} INFO - Processing /opt/airflow/dags/reddit_dag.py took 0.362 seconds
[2024-09-08T03:47:42.068+0000] {processor.py:157} INFO - Started process (PID=5165) to work on /opt/airflow/dags/reddit_dag.py
[2024-09-08T03:47:42.069+0000] {processor.py:829} INFO - Processing file /opt/airflow/dags/reddit_dag.py for tasks to queue
[2024-09-08T03:47:42.073+0000] {logging_mixin.py:151} INFO - [2024-09-08T03:47:42.073+0000] {dagbag.py:536} INFO - Filling up the DagBag from /opt/airflow/dags/reddit_dag.py
[2024-09-08T03:47:42.385+0000] {processor.py:839} INFO - DAG(s) dict_keys(['elt_reddit_pipeline']) retrieved from /opt/airflow/dags/reddit_dag.py
[2024-09-08T03:47:42.396+0000] {logging_mixin.py:151} INFO - [2024-09-08T03:47:42.396+0000] {dag.py:2941} INFO - Sync 1 DAGs
[2024-09-08T03:47:42.406+0000] {logging_mixin.py:151} INFO - [2024-09-08T03:47:42.405+0000] {dag.py:3722} INFO - Setting next_dagrun for elt_reddit_pipeline to 2024-09-08T00:00:00+00:00, run_after=2024-09-09T00:00:00+00:00
[2024-09-08T03:47:42.414+0000] {processor.py:179} INFO - Processing /opt/airflow/dags/reddit_dag.py took 0.352 seconds
[2024-09-08T03:48:12.995+0000] {processor.py:157} INFO - Started process (PID=5167) to work on /opt/airflow/dags/reddit_dag.py
[2024-09-08T03:48:12.997+0000] {processor.py:829} INFO - Processing file /opt/airflow/dags/reddit_dag.py for tasks to queue
[2024-09-08T03:48:13.000+0000] {logging_mixin.py:151} INFO - [2024-09-08T03:48:12.999+0000] {dagbag.py:536} INFO - Filling up the DagBag from /opt/airflow/dags/reddit_dag.py
[2024-09-08T03:48:13.313+0000] {processor.py:839} INFO - DAG(s) dict_keys(['elt_reddit_pipeline']) retrieved from /opt/airflow/dags/reddit_dag.py
[2024-09-08T03:48:13.324+0000] {logging_mixin.py:151} INFO - [2024-09-08T03:48:13.324+0000] {dag.py:2941} INFO - Sync 1 DAGs
[2024-09-08T03:48:13.334+0000] {logging_mixin.py:151} INFO - [2024-09-08T03:48:13.334+0000] {dag.py:3722} INFO - Setting next_dagrun for elt_reddit_pipeline to 2024-09-08T00:00:00+00:00, run_after=2024-09-09T00:00:00+00:00
[2024-09-08T03:48:13.341+0000] {processor.py:179} INFO - Processing /opt/airflow/dags/reddit_dag.py took 0.351 seconds
[2024-09-08T03:48:43.520+0000] {processor.py:157} INFO - Started process (PID=5169) to work on /opt/airflow/dags/reddit_dag.py
[2024-09-08T03:48:43.522+0000] {processor.py:829} INFO - Processing file /opt/airflow/dags/reddit_dag.py for tasks to queue
[2024-09-08T03:48:43.525+0000] {logging_mixin.py:151} INFO - [2024-09-08T03:48:43.525+0000] {dagbag.py:536} INFO - Filling up the DagBag from /opt/airflow/dags/reddit_dag.py
[2024-09-08T03:48:43.842+0000] {processor.py:839} INFO - DAG(s) dict_keys(['elt_reddit_pipeline']) retrieved from /opt/airflow/dags/reddit_dag.py
[2024-09-08T03:48:43.853+0000] {logging_mixin.py:151} INFO - [2024-09-08T03:48:43.852+0000] {dag.py:2941} INFO - Sync 1 DAGs
[2024-09-08T03:48:43.863+0000] {logging_mixin.py:151} INFO - [2024-09-08T03:48:43.863+0000] {dag.py:3722} INFO - Setting next_dagrun for elt_reddit_pipeline to 2024-09-08T00:00:00+00:00, run_after=2024-09-09T00:00:00+00:00
[2024-09-08T03:48:43.871+0000] {processor.py:179} INFO - Processing /opt/airflow/dags/reddit_dag.py took 0.356 seconds
[2024-09-08T03:49:14.367+0000] {processor.py:157} INFO - Started process (PID=5171) to work on /opt/airflow/dags/reddit_dag.py
[2024-09-08T03:49:14.368+0000] {processor.py:829} INFO - Processing file /opt/airflow/dags/reddit_dag.py for tasks to queue
[2024-09-08T03:49:14.372+0000] {logging_mixin.py:151} INFO - [2024-09-08T03:49:14.372+0000] {dagbag.py:536} INFO - Filling up the DagBag from /opt/airflow/dags/reddit_dag.py
[2024-09-08T03:49:14.682+0000] {processor.py:839} INFO - DAG(s) dict_keys(['elt_reddit_pipeline']) retrieved from /opt/airflow/dags/reddit_dag.py
[2024-09-08T03:49:14.693+0000] {logging_mixin.py:151} INFO - [2024-09-08T03:49:14.692+0000] {dag.py:2941} INFO - Sync 1 DAGs
[2024-09-08T03:49:14.703+0000] {logging_mixin.py:151} INFO - [2024-09-08T03:49:14.703+0000] {dag.py:3722} INFO - Setting next_dagrun for elt_reddit_pipeline to 2024-09-08T00:00:00+00:00, run_after=2024-09-09T00:00:00+00:00
[2024-09-08T03:49:14.711+0000] {processor.py:179} INFO - Processing /opt/airflow/dags/reddit_dag.py took 0.349 seconds
[2024-09-08T03:49:44.931+0000] {processor.py:157} INFO - Started process (PID=5173) to work on /opt/airflow/dags/reddit_dag.py
[2024-09-08T03:49:44.932+0000] {processor.py:829} INFO - Processing file /opt/airflow/dags/reddit_dag.py for tasks to queue
[2024-09-08T03:49:44.936+0000] {logging_mixin.py:151} INFO - [2024-09-08T03:49:44.936+0000] {dagbag.py:536} INFO - Filling up the DagBag from /opt/airflow/dags/reddit_dag.py
[2024-09-08T03:49:45.251+0000] {processor.py:839} INFO - DAG(s) dict_keys(['elt_reddit_pipeline']) retrieved from /opt/airflow/dags/reddit_dag.py
[2024-09-08T03:49:45.263+0000] {logging_mixin.py:151} INFO - [2024-09-08T03:49:45.262+0000] {dag.py:2941} INFO - Sync 1 DAGs
[2024-09-08T03:49:45.273+0000] {logging_mixin.py:151} INFO - [2024-09-08T03:49:45.273+0000] {dag.py:3722} INFO - Setting next_dagrun for elt_reddit_pipeline to 2024-09-08T00:00:00+00:00, run_after=2024-09-09T00:00:00+00:00
[2024-09-08T03:49:45.281+0000] {processor.py:179} INFO - Processing /opt/airflow/dags/reddit_dag.py took 0.356 seconds
[2024-09-08T03:50:16.015+0000] {processor.py:157} INFO - Started process (PID=5175) to work on /opt/airflow/dags/reddit_dag.py
[2024-09-08T03:50:16.017+0000] {processor.py:829} INFO - Processing file /opt/airflow/dags/reddit_dag.py for tasks to queue
[2024-09-08T03:50:16.021+0000] {logging_mixin.py:151} INFO - [2024-09-08T03:50:16.021+0000] {dagbag.py:536} INFO - Filling up the DagBag from /opt/airflow/dags/reddit_dag.py
[2024-09-08T03:50:16.338+0000] {processor.py:839} INFO - DAG(s) dict_keys(['elt_reddit_pipeline']) retrieved from /opt/airflow/dags/reddit_dag.py
[2024-09-08T03:50:16.350+0000] {logging_mixin.py:151} INFO - [2024-09-08T03:50:16.349+0000] {dag.py:2941} INFO - Sync 1 DAGs
[2024-09-08T03:50:16.359+0000] {logging_mixin.py:151} INFO - [2024-09-08T03:50:16.359+0000] {dag.py:3722} INFO - Setting next_dagrun for elt_reddit_pipeline to 2024-09-08T00:00:00+00:00, run_after=2024-09-09T00:00:00+00:00
[2024-09-08T03:50:16.367+0000] {processor.py:179} INFO - Processing /opt/airflow/dags/reddit_dag.py took 0.358 seconds
[2024-09-08T03:50:46.545+0000] {processor.py:157} INFO - Started process (PID=5177) to work on /opt/airflow/dags/reddit_dag.py
[2024-09-08T03:50:46.547+0000] {processor.py:829} INFO - Processing file /opt/airflow/dags/reddit_dag.py for tasks to queue
[2024-09-08T03:50:46.551+0000] {logging_mixin.py:151} INFO - [2024-09-08T03:50:46.551+0000] {dagbag.py:536} INFO - Filling up the DagBag from /opt/airflow/dags/reddit_dag.py
[2024-09-08T03:50:46.867+0000] {processor.py:839} INFO - DAG(s) dict_keys(['elt_reddit_pipeline']) retrieved from /opt/airflow/dags/reddit_dag.py
[2024-09-08T03:50:46.878+0000] {logging_mixin.py:151} INFO - [2024-09-08T03:50:46.877+0000] {dag.py:2941} INFO - Sync 1 DAGs
[2024-09-08T03:50:46.887+0000] {logging_mixin.py:151} INFO - [2024-09-08T03:50:46.887+0000] {dag.py:3722} INFO - Setting next_dagrun for elt_reddit_pipeline to 2024-09-08T00:00:00+00:00, run_after=2024-09-09T00:00:00+00:00
[2024-09-08T03:50:46.895+0000] {processor.py:179} INFO - Processing /opt/airflow/dags/reddit_dag.py took 0.355 seconds
[2024-09-08T03:51:17.351+0000] {processor.py:157} INFO - Started process (PID=5179) to work on /opt/airflow/dags/reddit_dag.py
[2024-09-08T03:51:17.353+0000] {processor.py:829} INFO - Processing file /opt/airflow/dags/reddit_dag.py for tasks to queue
[2024-09-08T03:51:17.356+0000] {logging_mixin.py:151} INFO - [2024-09-08T03:51:17.356+0000] {dagbag.py:536} INFO - Filling up the DagBag from /opt/airflow/dags/reddit_dag.py
[2024-09-08T03:51:17.678+0000] {processor.py:839} INFO - DAG(s) dict_keys(['elt_reddit_pipeline']) retrieved from /opt/airflow/dags/reddit_dag.py
[2024-09-08T03:51:17.690+0000] {logging_mixin.py:151} INFO - [2024-09-08T03:51:17.689+0000] {dag.py:2941} INFO - Sync 1 DAGs
[2024-09-08T03:51:17.700+0000] {logging_mixin.py:151} INFO - [2024-09-08T03:51:17.700+0000] {dag.py:3722} INFO - Setting next_dagrun for elt_reddit_pipeline to 2024-09-08T00:00:00+00:00, run_after=2024-09-09T00:00:00+00:00
[2024-09-08T03:51:17.709+0000] {processor.py:179} INFO - Processing /opt/airflow/dags/reddit_dag.py took 0.363 seconds
[2024-09-08T03:51:47.844+0000] {processor.py:157} INFO - Started process (PID=5181) to work on /opt/airflow/dags/reddit_dag.py
[2024-09-08T03:51:47.845+0000] {processor.py:829} INFO - Processing file /opt/airflow/dags/reddit_dag.py for tasks to queue
[2024-09-08T03:51:47.848+0000] {logging_mixin.py:151} INFO - [2024-09-08T03:51:47.848+0000] {dagbag.py:536} INFO - Filling up the DagBag from /opt/airflow/dags/reddit_dag.py
[2024-09-08T03:51:48.157+0000] {processor.py:839} INFO - DAG(s) dict_keys(['elt_reddit_pipeline']) retrieved from /opt/airflow/dags/reddit_dag.py
[2024-09-08T03:51:48.168+0000] {logging_mixin.py:151} INFO - [2024-09-08T03:51:48.168+0000] {dag.py:2941} INFO - Sync 1 DAGs
[2024-09-08T03:51:48.179+0000] {logging_mixin.py:151} INFO - [2024-09-08T03:51:48.178+0000] {dag.py:3722} INFO - Setting next_dagrun for elt_reddit_pipeline to 2024-09-08T00:00:00+00:00, run_after=2024-09-09T00:00:00+00:00
[2024-09-08T03:51:48.187+0000] {processor.py:179} INFO - Processing /opt/airflow/dags/reddit_dag.py took 0.348 seconds
[2024-09-08T03:52:18.663+0000] {processor.py:157} INFO - Started process (PID=5183) to work on /opt/airflow/dags/reddit_dag.py
[2024-09-08T03:52:18.664+0000] {processor.py:829} INFO - Processing file /opt/airflow/dags/reddit_dag.py for tasks to queue
[2024-09-08T03:52:18.667+0000] {logging_mixin.py:151} INFO - [2024-09-08T03:52:18.667+0000] {dagbag.py:536} INFO - Filling up the DagBag from /opt/airflow/dags/reddit_dag.py
[2024-09-08T03:52:18.982+0000] {processor.py:839} INFO - DAG(s) dict_keys(['elt_reddit_pipeline']) retrieved from /opt/airflow/dags/reddit_dag.py
[2024-09-08T03:52:18.994+0000] {logging_mixin.py:151} INFO - [2024-09-08T03:52:18.994+0000] {dag.py:2941} INFO - Sync 1 DAGs
[2024-09-08T03:52:19.005+0000] {logging_mixin.py:151} INFO - [2024-09-08T03:52:19.005+0000] {dag.py:3722} INFO - Setting next_dagrun for elt_reddit_pipeline to 2024-09-08T00:00:00+00:00, run_after=2024-09-09T00:00:00+00:00
[2024-09-08T03:52:19.014+0000] {processor.py:179} INFO - Processing /opt/airflow/dags/reddit_dag.py took 0.356 seconds
[2024-09-08T03:52:49.177+0000] {processor.py:157} INFO - Started process (PID=5185) to work on /opt/airflow/dags/reddit_dag.py
[2024-09-08T03:52:49.179+0000] {processor.py:829} INFO - Processing file /opt/airflow/dags/reddit_dag.py for tasks to queue
[2024-09-08T03:52:49.182+0000] {logging_mixin.py:151} INFO - [2024-09-08T03:52:49.181+0000] {dagbag.py:536} INFO - Filling up the DagBag from /opt/airflow/dags/reddit_dag.py
[2024-09-08T03:52:49.823+0000] {processor.py:839} INFO - DAG(s) dict_keys(['elt_reddit_pipeline']) retrieved from /opt/airflow/dags/reddit_dag.py
[2024-09-08T03:52:49.835+0000] {logging_mixin.py:151} INFO - [2024-09-08T03:52:49.835+0000] {dag.py:2941} INFO - Sync 1 DAGs
[2024-09-08T03:52:49.845+0000] {logging_mixin.py:151} INFO - [2024-09-08T03:52:49.845+0000] {dag.py:3722} INFO - Setting next_dagrun for elt_reddit_pipeline to 2024-09-08T00:00:00+00:00, run_after=2024-09-09T00:00:00+00:00
[2024-09-08T03:52:49.853+0000] {processor.py:179} INFO - Processing /opt/airflow/dags/reddit_dag.py took 0.682 seconds
[2024-09-08T03:53:20.008+0000] {processor.py:157} INFO - Started process (PID=5187) to work on /opt/airflow/dags/reddit_dag.py
[2024-09-08T03:53:20.009+0000] {processor.py:829} INFO - Processing file /opt/airflow/dags/reddit_dag.py for tasks to queue
[2024-09-08T03:53:20.012+0000] {logging_mixin.py:151} INFO - [2024-09-08T03:53:20.012+0000] {dagbag.py:536} INFO - Filling up the DagBag from /opt/airflow/dags/reddit_dag.py
[2024-09-08T03:53:20.325+0000] {processor.py:839} INFO - DAG(s) dict_keys(['elt_reddit_pipeline']) retrieved from /opt/airflow/dags/reddit_dag.py
[2024-09-08T03:53:20.337+0000] {logging_mixin.py:151} INFO - [2024-09-08T03:53:20.337+0000] {dag.py:2941} INFO - Sync 1 DAGs
[2024-09-08T03:53:20.347+0000] {logging_mixin.py:151} INFO - [2024-09-08T03:53:20.347+0000] {dag.py:3722} INFO - Setting next_dagrun for elt_reddit_pipeline to 2024-09-08T00:00:00+00:00, run_after=2024-09-09T00:00:00+00:00
[2024-09-08T03:53:20.355+0000] {processor.py:179} INFO - Processing /opt/airflow/dags/reddit_dag.py took 0.352 seconds
[2024-09-08T03:53:50.906+0000] {processor.py:157} INFO - Started process (PID=5189) to work on /opt/airflow/dags/reddit_dag.py
[2024-09-08T03:53:50.908+0000] {processor.py:829} INFO - Processing file /opt/airflow/dags/reddit_dag.py for tasks to queue
[2024-09-08T03:53:50.911+0000] {logging_mixin.py:151} INFO - [2024-09-08T03:53:50.911+0000] {dagbag.py:536} INFO - Filling up the DagBag from /opt/airflow/dags/reddit_dag.py
[2024-09-08T03:53:51.227+0000] {processor.py:839} INFO - DAG(s) dict_keys(['elt_reddit_pipeline']) retrieved from /opt/airflow/dags/reddit_dag.py
[2024-09-08T03:53:51.238+0000] {logging_mixin.py:151} INFO - [2024-09-08T03:53:51.238+0000] {dag.py:2941} INFO - Sync 1 DAGs
[2024-09-08T03:53:51.248+0000] {logging_mixin.py:151} INFO - [2024-09-08T03:53:51.248+0000] {dag.py:3722} INFO - Setting next_dagrun for elt_reddit_pipeline to 2024-09-08T00:00:00+00:00, run_after=2024-09-09T00:00:00+00:00
[2024-09-08T03:53:51.255+0000] {processor.py:179} INFO - Processing /opt/airflow/dags/reddit_dag.py took 0.355 seconds
[2024-09-08T03:54:21.371+0000] {processor.py:157} INFO - Started process (PID=5191) to work on /opt/airflow/dags/reddit_dag.py
[2024-09-08T03:54:21.373+0000] {processor.py:829} INFO - Processing file /opt/airflow/dags/reddit_dag.py for tasks to queue
[2024-09-08T03:54:21.378+0000] {logging_mixin.py:151} INFO - [2024-09-08T03:54:21.377+0000] {dagbag.py:536} INFO - Filling up the DagBag from /opt/airflow/dags/reddit_dag.py
[2024-09-08T03:54:21.693+0000] {processor.py:839} INFO - DAG(s) dict_keys(['elt_reddit_pipeline']) retrieved from /opt/airflow/dags/reddit_dag.py
[2024-09-08T03:54:21.704+0000] {logging_mixin.py:151} INFO - [2024-09-08T03:54:21.703+0000] {dag.py:2941} INFO - Sync 1 DAGs
[2024-09-08T03:54:21.713+0000] {logging_mixin.py:151} INFO - [2024-09-08T03:54:21.713+0000] {dag.py:3722} INFO - Setting next_dagrun for elt_reddit_pipeline to 2024-09-08T00:00:00+00:00, run_after=2024-09-09T00:00:00+00:00
[2024-09-08T03:54:21.722+0000] {processor.py:179} INFO - Processing /opt/airflow/dags/reddit_dag.py took 0.356 seconds
[2024-09-08T03:54:52.276+0000] {processor.py:157} INFO - Started process (PID=5193) to work on /opt/airflow/dags/reddit_dag.py
[2024-09-08T03:54:52.278+0000] {processor.py:829} INFO - Processing file /opt/airflow/dags/reddit_dag.py for tasks to queue
[2024-09-08T03:54:52.281+0000] {logging_mixin.py:151} INFO - [2024-09-08T03:54:52.280+0000] {dagbag.py:536} INFO - Filling up the DagBag from /opt/airflow/dags/reddit_dag.py
[2024-09-08T03:54:52.597+0000] {processor.py:839} INFO - DAG(s) dict_keys(['elt_reddit_pipeline']) retrieved from /opt/airflow/dags/reddit_dag.py
[2024-09-08T03:54:52.608+0000] {logging_mixin.py:151} INFO - [2024-09-08T03:54:52.607+0000] {dag.py:2941} INFO - Sync 1 DAGs
[2024-09-08T03:54:52.619+0000] {logging_mixin.py:151} INFO - [2024-09-08T03:54:52.618+0000] {dag.py:3722} INFO - Setting next_dagrun for elt_reddit_pipeline to 2024-09-08T00:00:00+00:00, run_after=2024-09-09T00:00:00+00:00
[2024-09-08T03:54:52.627+0000] {processor.py:179} INFO - Processing /opt/airflow/dags/reddit_dag.py took 0.356 seconds
[2024-09-08T03:55:22.797+0000] {processor.py:157} INFO - Started process (PID=5195) to work on /opt/airflow/dags/reddit_dag.py
[2024-09-08T03:55:22.799+0000] {processor.py:829} INFO - Processing file /opt/airflow/dags/reddit_dag.py for tasks to queue
[2024-09-08T03:55:22.802+0000] {logging_mixin.py:151} INFO - [2024-09-08T03:55:22.802+0000] {dagbag.py:536} INFO - Filling up the DagBag from /opt/airflow/dags/reddit_dag.py
[2024-09-08T03:55:23.116+0000] {processor.py:839} INFO - DAG(s) dict_keys(['elt_reddit_pipeline']) retrieved from /opt/airflow/dags/reddit_dag.py
[2024-09-08T03:55:23.127+0000] {logging_mixin.py:151} INFO - [2024-09-08T03:55:23.126+0000] {dag.py:2941} INFO - Sync 1 DAGs
[2024-09-08T03:55:23.137+0000] {logging_mixin.py:151} INFO - [2024-09-08T03:55:23.137+0000] {dag.py:3722} INFO - Setting next_dagrun for elt_reddit_pipeline to 2024-09-08T00:00:00+00:00, run_after=2024-09-09T00:00:00+00:00
[2024-09-08T03:55:23.145+0000] {processor.py:179} INFO - Processing /opt/airflow/dags/reddit_dag.py took 0.353 seconds
[2024-09-08T03:55:53.630+0000] {processor.py:157} INFO - Started process (PID=5197) to work on /opt/airflow/dags/reddit_dag.py
[2024-09-08T03:55:53.632+0000] {processor.py:829} INFO - Processing file /opt/airflow/dags/reddit_dag.py for tasks to queue
[2024-09-08T03:55:53.634+0000] {logging_mixin.py:151} INFO - [2024-09-08T03:55:53.634+0000] {dagbag.py:536} INFO - Filling up the DagBag from /opt/airflow/dags/reddit_dag.py
[2024-09-08T03:55:53.948+0000] {processor.py:839} INFO - DAG(s) dict_keys(['elt_reddit_pipeline']) retrieved from /opt/airflow/dags/reddit_dag.py
[2024-09-08T03:55:53.959+0000] {logging_mixin.py:151} INFO - [2024-09-08T03:55:53.959+0000] {dag.py:2941} INFO - Sync 1 DAGs
[2024-09-08T03:55:53.969+0000] {logging_mixin.py:151} INFO - [2024-09-08T03:55:53.969+0000] {dag.py:3722} INFO - Setting next_dagrun for elt_reddit_pipeline to 2024-09-08T00:00:00+00:00, run_after=2024-09-09T00:00:00+00:00
[2024-09-08T03:55:53.978+0000] {processor.py:179} INFO - Processing /opt/airflow/dags/reddit_dag.py took 0.353 seconds
[2024-09-08T03:56:24.171+0000] {processor.py:157} INFO - Started process (PID=5199) to work on /opt/airflow/dags/reddit_dag.py
[2024-09-08T03:56:24.172+0000] {processor.py:829} INFO - Processing file /opt/airflow/dags/reddit_dag.py for tasks to queue
[2024-09-08T03:56:24.175+0000] {logging_mixin.py:151} INFO - [2024-09-08T03:56:24.175+0000] {dagbag.py:536} INFO - Filling up the DagBag from /opt/airflow/dags/reddit_dag.py
[2024-09-08T03:56:24.496+0000] {processor.py:839} INFO - DAG(s) dict_keys(['elt_reddit_pipeline']) retrieved from /opt/airflow/dags/reddit_dag.py
[2024-09-08T03:56:24.507+0000] {logging_mixin.py:151} INFO - [2024-09-08T03:56:24.506+0000] {dag.py:2941} INFO - Sync 1 DAGs
[2024-09-08T03:56:24.516+0000] {logging_mixin.py:151} INFO - [2024-09-08T03:56:24.516+0000] {dag.py:3722} INFO - Setting next_dagrun for elt_reddit_pipeline to 2024-09-08T00:00:00+00:00, run_after=2024-09-09T00:00:00+00:00
[2024-09-08T03:56:24.524+0000] {processor.py:179} INFO - Processing /opt/airflow/dags/reddit_dag.py took 0.359 seconds
[2024-09-08T03:56:54.911+0000] {processor.py:157} INFO - Started process (PID=5201) to work on /opt/airflow/dags/reddit_dag.py
[2024-09-08T03:56:54.912+0000] {processor.py:829} INFO - Processing file /opt/airflow/dags/reddit_dag.py for tasks to queue
[2024-09-08T03:56:54.915+0000] {logging_mixin.py:151} INFO - [2024-09-08T03:56:54.915+0000] {dagbag.py:536} INFO - Filling up the DagBag from /opt/airflow/dags/reddit_dag.py
[2024-09-08T03:56:55.235+0000] {processor.py:839} INFO - DAG(s) dict_keys(['elt_reddit_pipeline']) retrieved from /opt/airflow/dags/reddit_dag.py
[2024-09-08T03:56:55.246+0000] {logging_mixin.py:151} INFO - [2024-09-08T03:56:55.245+0000] {dag.py:2941} INFO - Sync 1 DAGs
[2024-09-08T03:56:55.256+0000] {logging_mixin.py:151} INFO - [2024-09-08T03:56:55.256+0000] {dag.py:3722} INFO - Setting next_dagrun for elt_reddit_pipeline to 2024-09-08T00:00:00+00:00, run_after=2024-09-09T00:00:00+00:00
[2024-09-08T03:56:55.264+0000] {processor.py:179} INFO - Processing /opt/airflow/dags/reddit_dag.py took 0.358 seconds
[2024-09-08T03:57:25.343+0000] {processor.py:157} INFO - Started process (PID=5203) to work on /opt/airflow/dags/reddit_dag.py
[2024-09-08T03:57:25.345+0000] {processor.py:829} INFO - Processing file /opt/airflow/dags/reddit_dag.py for tasks to queue
[2024-09-08T03:57:25.349+0000] {logging_mixin.py:151} INFO - [2024-09-08T03:57:25.349+0000] {dagbag.py:536} INFO - Filling up the DagBag from /opt/airflow/dags/reddit_dag.py
[2024-09-08T03:57:25.663+0000] {processor.py:839} INFO - DAG(s) dict_keys(['elt_reddit_pipeline']) retrieved from /opt/airflow/dags/reddit_dag.py
[2024-09-08T03:57:25.674+0000] {logging_mixin.py:151} INFO - [2024-09-08T03:57:25.674+0000] {dag.py:2941} INFO - Sync 1 DAGs
[2024-09-08T03:57:25.685+0000] {logging_mixin.py:151} INFO - [2024-09-08T03:57:25.685+0000] {dag.py:3722} INFO - Setting next_dagrun for elt_reddit_pipeline to 2024-09-08T00:00:00+00:00, run_after=2024-09-09T00:00:00+00:00
[2024-09-08T03:57:25.693+0000] {processor.py:179} INFO - Processing /opt/airflow/dags/reddit_dag.py took 0.356 seconds
[2024-09-08T03:57:55.874+0000] {processor.py:157} INFO - Started process (PID=5205) to work on /opt/airflow/dags/reddit_dag.py
[2024-09-08T03:57:55.875+0000] {processor.py:829} INFO - Processing file /opt/airflow/dags/reddit_dag.py for tasks to queue
[2024-09-08T03:57:55.879+0000] {logging_mixin.py:151} INFO - [2024-09-08T03:57:55.879+0000] {dagbag.py:536} INFO - Filling up the DagBag from /opt/airflow/dags/reddit_dag.py
[2024-09-08T03:57:56.195+0000] {processor.py:839} INFO - DAG(s) dict_keys(['elt_reddit_pipeline']) retrieved from /opt/airflow/dags/reddit_dag.py
[2024-09-08T03:57:56.206+0000] {logging_mixin.py:151} INFO - [2024-09-08T03:57:56.206+0000] {dag.py:2941} INFO - Sync 1 DAGs
[2024-09-08T03:57:56.217+0000] {logging_mixin.py:151} INFO - [2024-09-08T03:57:56.217+0000] {dag.py:3722} INFO - Setting next_dagrun for elt_reddit_pipeline to 2024-09-08T00:00:00+00:00, run_after=2024-09-09T00:00:00+00:00
[2024-09-08T03:57:56.224+0000] {processor.py:179} INFO - Processing /opt/airflow/dags/reddit_dag.py took 0.357 seconds
[2024-09-08T03:58:26.692+0000] {processor.py:157} INFO - Started process (PID=5207) to work on /opt/airflow/dags/reddit_dag.py
[2024-09-08T03:58:26.693+0000] {processor.py:829} INFO - Processing file /opt/airflow/dags/reddit_dag.py for tasks to queue
[2024-09-08T03:58:26.697+0000] {logging_mixin.py:151} INFO - [2024-09-08T03:58:26.697+0000] {dagbag.py:536} INFO - Filling up the DagBag from /opt/airflow/dags/reddit_dag.py
[2024-09-08T03:58:27.009+0000] {processor.py:839} INFO - DAG(s) dict_keys(['elt_reddit_pipeline']) retrieved from /opt/airflow/dags/reddit_dag.py
[2024-09-08T03:58:27.020+0000] {logging_mixin.py:151} INFO - [2024-09-08T03:58:27.020+0000] {dag.py:2941} INFO - Sync 1 DAGs
[2024-09-08T03:58:27.030+0000] {logging_mixin.py:151} INFO - [2024-09-08T03:58:27.030+0000] {dag.py:3722} INFO - Setting next_dagrun for elt_reddit_pipeline to 2024-09-08T00:00:00+00:00, run_after=2024-09-09T00:00:00+00:00
[2024-09-08T03:58:27.038+0000] {processor.py:179} INFO - Processing /opt/airflow/dags/reddit_dag.py took 0.351 seconds
[2024-09-08T03:58:57.199+0000] {processor.py:157} INFO - Started process (PID=5209) to work on /opt/airflow/dags/reddit_dag.py
[2024-09-08T03:58:57.200+0000] {processor.py:829} INFO - Processing file /opt/airflow/dags/reddit_dag.py for tasks to queue
[2024-09-08T03:58:57.204+0000] {logging_mixin.py:151} INFO - [2024-09-08T03:58:57.204+0000] {dagbag.py:536} INFO - Filling up the DagBag from /opt/airflow/dags/reddit_dag.py
[2024-09-08T03:58:57.523+0000] {processor.py:839} INFO - DAG(s) dict_keys(['elt_reddit_pipeline']) retrieved from /opt/airflow/dags/reddit_dag.py
[2024-09-08T03:58:57.535+0000] {logging_mixin.py:151} INFO - [2024-09-08T03:58:57.535+0000] {dag.py:2941} INFO - Sync 1 DAGs
[2024-09-08T03:58:57.545+0000] {logging_mixin.py:151} INFO - [2024-09-08T03:58:57.545+0000] {dag.py:3722} INFO - Setting next_dagrun for elt_reddit_pipeline to 2024-09-08T00:00:00+00:00, run_after=2024-09-09T00:00:00+00:00
[2024-09-08T03:58:57.552+0000] {processor.py:179} INFO - Processing /opt/airflow/dags/reddit_dag.py took 0.359 seconds
[2024-09-08T03:59:27.716+0000] {processor.py:157} INFO - Started process (PID=5211) to work on /opt/airflow/dags/reddit_dag.py
[2024-09-08T03:59:27.718+0000] {processor.py:829} INFO - Processing file /opt/airflow/dags/reddit_dag.py for tasks to queue
[2024-09-08T03:59:27.721+0000] {logging_mixin.py:151} INFO - [2024-09-08T03:59:27.721+0000] {dagbag.py:536} INFO - Filling up the DagBag from /opt/airflow/dags/reddit_dag.py
[2024-09-08T03:59:28.043+0000] {processor.py:839} INFO - DAG(s) dict_keys(['elt_reddit_pipeline']) retrieved from /opt/airflow/dags/reddit_dag.py
[2024-09-08T03:59:28.054+0000] {logging_mixin.py:151} INFO - [2024-09-08T03:59:28.053+0000] {dag.py:2941} INFO - Sync 1 DAGs
[2024-09-08T03:59:28.063+0000] {logging_mixin.py:151} INFO - [2024-09-08T03:59:28.063+0000] {dag.py:3722} INFO - Setting next_dagrun for elt_reddit_pipeline to 2024-09-08T00:00:00+00:00, run_after=2024-09-09T00:00:00+00:00
[2024-09-08T03:59:28.071+0000] {processor.py:179} INFO - Processing /opt/airflow/dags/reddit_dag.py took 0.360 seconds
[2024-09-08T03:59:58.782+0000] {processor.py:157} INFO - Started process (PID=5213) to work on /opt/airflow/dags/reddit_dag.py
[2024-09-08T03:59:58.783+0000] {processor.py:829} INFO - Processing file /opt/airflow/dags/reddit_dag.py for tasks to queue
[2024-09-08T03:59:58.786+0000] {logging_mixin.py:151} INFO - [2024-09-08T03:59:58.786+0000] {dagbag.py:536} INFO - Filling up the DagBag from /opt/airflow/dags/reddit_dag.py
[2024-09-08T03:59:59.103+0000] {processor.py:839} INFO - DAG(s) dict_keys(['elt_reddit_pipeline']) retrieved from /opt/airflow/dags/reddit_dag.py
[2024-09-08T03:59:59.114+0000] {logging_mixin.py:151} INFO - [2024-09-08T03:59:59.114+0000] {dag.py:2941} INFO - Sync 1 DAGs
[2024-09-08T03:59:59.124+0000] {logging_mixin.py:151} INFO - [2024-09-08T03:59:59.124+0000] {dag.py:3722} INFO - Setting next_dagrun for elt_reddit_pipeline to 2024-09-08T00:00:00+00:00, run_after=2024-09-09T00:00:00+00:00
[2024-09-08T03:59:59.134+0000] {processor.py:179} INFO - Processing /opt/airflow/dags/reddit_dag.py took 0.358 seconds
[2024-09-08T04:00:29.284+0000] {processor.py:157} INFO - Started process (PID=5215) to work on /opt/airflow/dags/reddit_dag.py
[2024-09-08T04:00:29.286+0000] {processor.py:829} INFO - Processing file /opt/airflow/dags/reddit_dag.py for tasks to queue
[2024-09-08T04:00:29.289+0000] {logging_mixin.py:151} INFO - [2024-09-08T04:00:29.288+0000] {dagbag.py:536} INFO - Filling up the DagBag from /opt/airflow/dags/reddit_dag.py
[2024-09-08T04:00:29.601+0000] {processor.py:839} INFO - DAG(s) dict_keys(['elt_reddit_pipeline']) retrieved from /opt/airflow/dags/reddit_dag.py
[2024-09-08T04:00:29.612+0000] {logging_mixin.py:151} INFO - [2024-09-08T04:00:29.612+0000] {dag.py:2941} INFO - Sync 1 DAGs
[2024-09-08T04:00:29.622+0000] {logging_mixin.py:151} INFO - [2024-09-08T04:00:29.622+0000] {dag.py:3722} INFO - Setting next_dagrun for elt_reddit_pipeline to 2024-09-08T00:00:00+00:00, run_after=2024-09-09T00:00:00+00:00
[2024-09-08T04:00:29.630+0000] {processor.py:179} INFO - Processing /opt/airflow/dags/reddit_dag.py took 0.351 seconds
[2024-09-08T04:01:00.041+0000] {processor.py:157} INFO - Started process (PID=5217) to work on /opt/airflow/dags/reddit_dag.py
[2024-09-08T04:01:00.043+0000] {processor.py:829} INFO - Processing file /opt/airflow/dags/reddit_dag.py for tasks to queue
[2024-09-08T04:01:00.046+0000] {logging_mixin.py:151} INFO - [2024-09-08T04:01:00.045+0000] {dagbag.py:536} INFO - Filling up the DagBag from /opt/airflow/dags/reddit_dag.py
[2024-09-08T04:01:00.383+0000] {processor.py:839} INFO - DAG(s) dict_keys(['elt_reddit_pipeline']) retrieved from /opt/airflow/dags/reddit_dag.py
[2024-09-08T04:01:00.394+0000] {logging_mixin.py:151} INFO - [2024-09-08T04:01:00.394+0000] {dag.py:2941} INFO - Sync 1 DAGs
[2024-09-08T04:01:00.404+0000] {logging_mixin.py:151} INFO - [2024-09-08T04:01:00.404+0000] {dag.py:3722} INFO - Setting next_dagrun for elt_reddit_pipeline to 2024-09-08T00:00:00+00:00, run_after=2024-09-09T00:00:00+00:00
[2024-09-08T04:01:00.412+0000] {processor.py:179} INFO - Processing /opt/airflow/dags/reddit_dag.py took 0.375 seconds
[2024-09-08T04:01:30.544+0000] {processor.py:157} INFO - Started process (PID=5219) to work on /opt/airflow/dags/reddit_dag.py
[2024-09-08T04:01:30.545+0000] {processor.py:829} INFO - Processing file /opt/airflow/dags/reddit_dag.py for tasks to queue
[2024-09-08T04:01:30.548+0000] {logging_mixin.py:151} INFO - [2024-09-08T04:01:30.548+0000] {dagbag.py:536} INFO - Filling up the DagBag from /opt/airflow/dags/reddit_dag.py
[2024-09-08T04:01:30.861+0000] {processor.py:839} INFO - DAG(s) dict_keys(['elt_reddit_pipeline']) retrieved from /opt/airflow/dags/reddit_dag.py
[2024-09-08T04:01:30.873+0000] {logging_mixin.py:151} INFO - [2024-09-08T04:01:30.872+0000] {dag.py:2941} INFO - Sync 1 DAGs
[2024-09-08T04:01:30.882+0000] {logging_mixin.py:151} INFO - [2024-09-08T04:01:30.882+0000] {dag.py:3722} INFO - Setting next_dagrun for elt_reddit_pipeline to 2024-09-08T00:00:00+00:00, run_after=2024-09-09T00:00:00+00:00
[2024-09-08T04:01:30.890+0000] {processor.py:179} INFO - Processing /opt/airflow/dags/reddit_dag.py took 0.352 seconds
[2024-09-08T04:02:01.417+0000] {processor.py:157} INFO - Started process (PID=5221) to work on /opt/airflow/dags/reddit_dag.py
[2024-09-08T04:02:01.418+0000] {processor.py:829} INFO - Processing file /opt/airflow/dags/reddit_dag.py for tasks to queue
[2024-09-08T04:02:01.421+0000] {logging_mixin.py:151} INFO - [2024-09-08T04:02:01.421+0000] {dagbag.py:536} INFO - Filling up the DagBag from /opt/airflow/dags/reddit_dag.py
[2024-09-08T04:02:01.736+0000] {processor.py:839} INFO - DAG(s) dict_keys(['elt_reddit_pipeline']) retrieved from /opt/airflow/dags/reddit_dag.py
[2024-09-08T04:02:01.748+0000] {logging_mixin.py:151} INFO - [2024-09-08T04:02:01.748+0000] {dag.py:2941} INFO - Sync 1 DAGs
[2024-09-08T04:02:01.758+0000] {logging_mixin.py:151} INFO - [2024-09-08T04:02:01.758+0000] {dag.py:3722} INFO - Setting next_dagrun for elt_reddit_pipeline to 2024-09-08T00:00:00+00:00, run_after=2024-09-09T00:00:00+00:00
[2024-09-08T04:02:01.765+0000] {processor.py:179} INFO - Processing /opt/airflow/dags/reddit_dag.py took 0.354 seconds
[2024-09-08T04:02:31.971+0000] {processor.py:157} INFO - Started process (PID=5223) to work on /opt/airflow/dags/reddit_dag.py
[2024-09-08T04:02:31.972+0000] {processor.py:829} INFO - Processing file /opt/airflow/dags/reddit_dag.py for tasks to queue
[2024-09-08T04:02:31.976+0000] {logging_mixin.py:151} INFO - [2024-09-08T04:02:31.976+0000] {dagbag.py:536} INFO - Filling up the DagBag from /opt/airflow/dags/reddit_dag.py
[2024-09-08T04:02:32.293+0000] {processor.py:839} INFO - DAG(s) dict_keys(['elt_reddit_pipeline']) retrieved from /opt/airflow/dags/reddit_dag.py
[2024-09-08T04:02:32.304+0000] {logging_mixin.py:151} INFO - [2024-09-08T04:02:32.304+0000] {dag.py:2941} INFO - Sync 1 DAGs
[2024-09-08T04:02:32.313+0000] {logging_mixin.py:151} INFO - [2024-09-08T04:02:32.313+0000] {dag.py:3722} INFO - Setting next_dagrun for elt_reddit_pipeline to 2024-09-08T00:00:00+00:00, run_after=2024-09-09T00:00:00+00:00
[2024-09-08T04:02:32.321+0000] {processor.py:179} INFO - Processing /opt/airflow/dags/reddit_dag.py took 0.356 seconds
[2024-09-08T04:03:02.808+0000] {processor.py:157} INFO - Started process (PID=5225) to work on /opt/airflow/dags/reddit_dag.py
[2024-09-08T04:03:02.810+0000] {processor.py:829} INFO - Processing file /opt/airflow/dags/reddit_dag.py for tasks to queue
[2024-09-08T04:03:02.814+0000] {logging_mixin.py:151} INFO - [2024-09-08T04:03:02.813+0000] {dagbag.py:536} INFO - Filling up the DagBag from /opt/airflow/dags/reddit_dag.py
[2024-09-08T04:03:03.124+0000] {processor.py:839} INFO - DAG(s) dict_keys(['elt_reddit_pipeline']) retrieved from /opt/airflow/dags/reddit_dag.py
[2024-09-08T04:03:03.135+0000] {logging_mixin.py:151} INFO - [2024-09-08T04:03:03.135+0000] {dag.py:2941} INFO - Sync 1 DAGs
[2024-09-08T04:03:03.144+0000] {logging_mixin.py:151} INFO - [2024-09-08T04:03:03.144+0000] {dag.py:3722} INFO - Setting next_dagrun for elt_reddit_pipeline to 2024-09-08T00:00:00+00:00, run_after=2024-09-09T00:00:00+00:00
[2024-09-08T04:03:03.153+0000] {processor.py:179} INFO - Processing /opt/airflow/dags/reddit_dag.py took 0.350 seconds
[2024-09-08T04:03:33.326+0000] {processor.py:157} INFO - Started process (PID=5227) to work on /opt/airflow/dags/reddit_dag.py
[2024-09-08T04:03:33.328+0000] {processor.py:829} INFO - Processing file /opt/airflow/dags/reddit_dag.py for tasks to queue
[2024-09-08T04:03:33.332+0000] {logging_mixin.py:151} INFO - [2024-09-08T04:03:33.332+0000] {dagbag.py:536} INFO - Filling up the DagBag from /opt/airflow/dags/reddit_dag.py
[2024-09-08T04:03:33.650+0000] {processor.py:839} INFO - DAG(s) dict_keys(['elt_reddit_pipeline']) retrieved from /opt/airflow/dags/reddit_dag.py
[2024-09-08T04:03:33.661+0000] {logging_mixin.py:151} INFO - [2024-09-08T04:03:33.660+0000] {dag.py:2941} INFO - Sync 1 DAGs
[2024-09-08T04:03:33.671+0000] {logging_mixin.py:151} INFO - [2024-09-08T04:03:33.671+0000] {dag.py:3722} INFO - Setting next_dagrun for elt_reddit_pipeline to 2024-09-08T00:00:00+00:00, run_after=2024-09-09T00:00:00+00:00
[2024-09-08T04:03:33.679+0000] {processor.py:179} INFO - Processing /opt/airflow/dags/reddit_dag.py took 0.358 seconds
[2024-09-08T04:04:04.170+0000] {processor.py:157} INFO - Started process (PID=5229) to work on /opt/airflow/dags/reddit_dag.py
[2024-09-08T04:04:04.171+0000] {processor.py:829} INFO - Processing file /opt/airflow/dags/reddit_dag.py for tasks to queue
[2024-09-08T04:04:04.174+0000] {logging_mixin.py:151} INFO - [2024-09-08T04:04:04.174+0000] {dagbag.py:536} INFO - Filling up the DagBag from /opt/airflow/dags/reddit_dag.py
[2024-09-08T04:04:04.490+0000] {processor.py:839} INFO - DAG(s) dict_keys(['elt_reddit_pipeline']) retrieved from /opt/airflow/dags/reddit_dag.py
[2024-09-08T04:04:04.501+0000] {logging_mixin.py:151} INFO - [2024-09-08T04:04:04.501+0000] {dag.py:2941} INFO - Sync 1 DAGs
[2024-09-08T04:04:04.511+0000] {logging_mixin.py:151} INFO - [2024-09-08T04:04:04.511+0000] {dag.py:3722} INFO - Setting next_dagrun for elt_reddit_pipeline to 2024-09-08T00:00:00+00:00, run_after=2024-09-09T00:00:00+00:00
[2024-09-08T04:04:04.518+0000] {processor.py:179} INFO - Processing /opt/airflow/dags/reddit_dag.py took 0.354 seconds
[2024-09-08T04:04:34.679+0000] {processor.py:157} INFO - Started process (PID=5231) to work on /opt/airflow/dags/reddit_dag.py
[2024-09-08T04:04:34.681+0000] {processor.py:829} INFO - Processing file /opt/airflow/dags/reddit_dag.py for tasks to queue
[2024-09-08T04:04:34.685+0000] {logging_mixin.py:151} INFO - [2024-09-08T04:04:34.684+0000] {dagbag.py:536} INFO - Filling up the DagBag from /opt/airflow/dags/reddit_dag.py
[2024-09-08T04:04:35.006+0000] {processor.py:839} INFO - DAG(s) dict_keys(['elt_reddit_pipeline']) retrieved from /opt/airflow/dags/reddit_dag.py
[2024-09-08T04:04:35.018+0000] {logging_mixin.py:151} INFO - [2024-09-08T04:04:35.017+0000] {dag.py:2941} INFO - Sync 1 DAGs
[2024-09-08T04:04:35.027+0000] {logging_mixin.py:151} INFO - [2024-09-08T04:04:35.027+0000] {dag.py:3722} INFO - Setting next_dagrun for elt_reddit_pipeline to 2024-09-08T00:00:00+00:00, run_after=2024-09-09T00:00:00+00:00
[2024-09-08T04:04:35.035+0000] {processor.py:179} INFO - Processing /opt/airflow/dags/reddit_dag.py took 0.362 seconds
[2024-09-08T04:05:05.488+0000] {processor.py:157} INFO - Started process (PID=5233) to work on /opt/airflow/dags/reddit_dag.py
[2024-09-08T04:05:05.489+0000] {processor.py:829} INFO - Processing file /opt/airflow/dags/reddit_dag.py for tasks to queue
[2024-09-08T04:05:05.492+0000] {logging_mixin.py:151} INFO - [2024-09-08T04:05:05.492+0000] {dagbag.py:536} INFO - Filling up the DagBag from /opt/airflow/dags/reddit_dag.py
[2024-09-08T04:05:05.808+0000] {processor.py:839} INFO - DAG(s) dict_keys(['elt_reddit_pipeline']) retrieved from /opt/airflow/dags/reddit_dag.py
[2024-09-08T04:05:05.819+0000] {logging_mixin.py:151} INFO - [2024-09-08T04:05:05.819+0000] {dag.py:2941} INFO - Sync 1 DAGs
[2024-09-08T04:05:05.828+0000] {logging_mixin.py:151} INFO - [2024-09-08T04:05:05.828+0000] {dag.py:3722} INFO - Setting next_dagrun for elt_reddit_pipeline to 2024-09-08T00:00:00+00:00, run_after=2024-09-09T00:00:00+00:00
[2024-09-08T04:05:05.836+0000] {processor.py:179} INFO - Processing /opt/airflow/dags/reddit_dag.py took 0.354 seconds
[2024-09-08T04:05:36.019+0000] {processor.py:157} INFO - Started process (PID=5235) to work on /opt/airflow/dags/reddit_dag.py
[2024-09-08T04:05:36.021+0000] {processor.py:829} INFO - Processing file /opt/airflow/dags/reddit_dag.py for tasks to queue
[2024-09-08T04:05:36.025+0000] {logging_mixin.py:151} INFO - [2024-09-08T04:05:36.024+0000] {dagbag.py:536} INFO - Filling up the DagBag from /opt/airflow/dags/reddit_dag.py
[2024-09-08T04:05:36.337+0000] {processor.py:839} INFO - DAG(s) dict_keys(['elt_reddit_pipeline']) retrieved from /opt/airflow/dags/reddit_dag.py
[2024-09-08T04:05:36.348+0000] {logging_mixin.py:151} INFO - [2024-09-08T04:05:36.347+0000] {dag.py:2941} INFO - Sync 1 DAGs
[2024-09-08T04:05:36.358+0000] {logging_mixin.py:151} INFO - [2024-09-08T04:05:36.357+0000] {dag.py:3722} INFO - Setting next_dagrun for elt_reddit_pipeline to 2024-09-08T00:00:00+00:00, run_after=2024-09-09T00:00:00+00:00
[2024-09-08T04:05:36.366+0000] {processor.py:179} INFO - Processing /opt/airflow/dags/reddit_dag.py took 0.353 seconds
[2024-09-08T04:06:06.893+0000] {processor.py:157} INFO - Started process (PID=5237) to work on /opt/airflow/dags/reddit_dag.py
[2024-09-08T04:06:06.895+0000] {processor.py:829} INFO - Processing file /opt/airflow/dags/reddit_dag.py for tasks to queue
[2024-09-08T04:06:06.899+0000] {logging_mixin.py:151} INFO - [2024-09-08T04:06:06.898+0000] {dagbag.py:536} INFO - Filling up the DagBag from /opt/airflow/dags/reddit_dag.py
[2024-09-08T04:06:07.210+0000] {processor.py:839} INFO - DAG(s) dict_keys(['elt_reddit_pipeline']) retrieved from /opt/airflow/dags/reddit_dag.py
[2024-09-08T04:06:07.221+0000] {logging_mixin.py:151} INFO - [2024-09-08T04:06:07.221+0000] {dag.py:2941} INFO - Sync 1 DAGs
[2024-09-08T04:06:07.231+0000] {logging_mixin.py:151} INFO - [2024-09-08T04:06:07.231+0000] {dag.py:3722} INFO - Setting next_dagrun for elt_reddit_pipeline to 2024-09-08T00:00:00+00:00, run_after=2024-09-09T00:00:00+00:00
[2024-09-08T04:06:07.239+0000] {processor.py:179} INFO - Processing /opt/airflow/dags/reddit_dag.py took 0.351 seconds
[2024-09-08T04:06:37.424+0000] {processor.py:157} INFO - Started process (PID=5239) to work on /opt/airflow/dags/reddit_dag.py
[2024-09-08T04:06:37.425+0000] {processor.py:829} INFO - Processing file /opt/airflow/dags/reddit_dag.py for tasks to queue
[2024-09-08T04:06:37.430+0000] {logging_mixin.py:151} INFO - [2024-09-08T04:06:37.429+0000] {dagbag.py:536} INFO - Filling up the DagBag from /opt/airflow/dags/reddit_dag.py
[2024-09-08T04:06:37.744+0000] {processor.py:839} INFO - DAG(s) dict_keys(['elt_reddit_pipeline']) retrieved from /opt/airflow/dags/reddit_dag.py
[2024-09-08T04:06:37.755+0000] {logging_mixin.py:151} INFO - [2024-09-08T04:06:37.755+0000] {dag.py:2941} INFO - Sync 1 DAGs
[2024-09-08T04:06:37.765+0000] {logging_mixin.py:151} INFO - [2024-09-08T04:06:37.765+0000] {dag.py:3722} INFO - Setting next_dagrun for elt_reddit_pipeline to 2024-09-08T00:00:00+00:00, run_after=2024-09-09T00:00:00+00:00
[2024-09-08T04:06:37.774+0000] {processor.py:179} INFO - Processing /opt/airflow/dags/reddit_dag.py took 0.356 seconds
[2024-09-08T04:07:08.295+0000] {processor.py:157} INFO - Started process (PID=5241) to work on /opt/airflow/dags/reddit_dag.py
[2024-09-08T04:07:08.296+0000] {processor.py:829} INFO - Processing file /opt/airflow/dags/reddit_dag.py for tasks to queue
[2024-09-08T04:07:08.299+0000] {logging_mixin.py:151} INFO - [2024-09-08T04:07:08.299+0000] {dagbag.py:536} INFO - Filling up the DagBag from /opt/airflow/dags/reddit_dag.py
[2024-09-08T04:07:08.613+0000] {processor.py:839} INFO - DAG(s) dict_keys(['elt_reddit_pipeline']) retrieved from /opt/airflow/dags/reddit_dag.py
[2024-09-08T04:07:08.625+0000] {logging_mixin.py:151} INFO - [2024-09-08T04:07:08.624+0000] {dag.py:2941} INFO - Sync 1 DAGs
[2024-09-08T04:07:08.634+0000] {logging_mixin.py:151} INFO - [2024-09-08T04:07:08.634+0000] {dag.py:3722} INFO - Setting next_dagrun for elt_reddit_pipeline to 2024-09-08T00:00:00+00:00, run_after=2024-09-09T00:00:00+00:00
[2024-09-08T04:07:08.642+0000] {processor.py:179} INFO - Processing /opt/airflow/dags/reddit_dag.py took 0.353 seconds
[2024-09-08T04:07:38.844+0000] {processor.py:157} INFO - Started process (PID=5243) to work on /opt/airflow/dags/reddit_dag.py
[2024-09-08T04:07:38.845+0000] {processor.py:829} INFO - Processing file /opt/airflow/dags/reddit_dag.py for tasks to queue
[2024-09-08T04:07:38.848+0000] {logging_mixin.py:151} INFO - [2024-09-08T04:07:38.848+0000] {dagbag.py:536} INFO - Filling up the DagBag from /opt/airflow/dags/reddit_dag.py
[2024-09-08T04:07:39.177+0000] {processor.py:839} INFO - DAG(s) dict_keys(['elt_reddit_pipeline']) retrieved from /opt/airflow/dags/reddit_dag.py
[2024-09-08T04:07:39.189+0000] {logging_mixin.py:151} INFO - [2024-09-08T04:07:39.189+0000] {dag.py:2941} INFO - Sync 1 DAGs
[2024-09-08T04:07:39.199+0000] {logging_mixin.py:151} INFO - [2024-09-08T04:07:39.199+0000] {dag.py:3722} INFO - Setting next_dagrun for elt_reddit_pipeline to 2024-09-08T00:00:00+00:00, run_after=2024-09-09T00:00:00+00:00
[2024-09-08T04:07:39.207+0000] {processor.py:179} INFO - Processing /opt/airflow/dags/reddit_dag.py took 0.369 seconds
[2024-09-08T04:08:09.896+0000] {processor.py:157} INFO - Started process (PID=5245) to work on /opt/airflow/dags/reddit_dag.py
[2024-09-08T04:08:09.897+0000] {processor.py:829} INFO - Processing file /opt/airflow/dags/reddit_dag.py for tasks to queue
[2024-09-08T04:08:09.901+0000] {logging_mixin.py:151} INFO - [2024-09-08T04:08:09.900+0000] {dagbag.py:536} INFO - Filling up the DagBag from /opt/airflow/dags/reddit_dag.py
[2024-09-08T04:08:10.222+0000] {processor.py:839} INFO - DAG(s) dict_keys(['elt_reddit_pipeline']) retrieved from /opt/airflow/dags/reddit_dag.py
[2024-09-08T04:08:10.233+0000] {logging_mixin.py:151} INFO - [2024-09-08T04:08:10.233+0000] {dag.py:2941} INFO - Sync 1 DAGs
[2024-09-08T04:08:10.242+0000] {logging_mixin.py:151} INFO - [2024-09-08T04:08:10.242+0000] {dag.py:3722} INFO - Setting next_dagrun for elt_reddit_pipeline to 2024-09-08T00:00:00+00:00, run_after=2024-09-09T00:00:00+00:00
[2024-09-08T04:08:10.250+0000] {processor.py:179} INFO - Processing /opt/airflow/dags/reddit_dag.py took 0.360 seconds
[2024-09-08T04:08:40.432+0000] {processor.py:157} INFO - Started process (PID=5247) to work on /opt/airflow/dags/reddit_dag.py
[2024-09-08T04:08:40.434+0000] {processor.py:829} INFO - Processing file /opt/airflow/dags/reddit_dag.py for tasks to queue
[2024-09-08T04:08:40.437+0000] {logging_mixin.py:151} INFO - [2024-09-08T04:08:40.437+0000] {dagbag.py:536} INFO - Filling up the DagBag from /opt/airflow/dags/reddit_dag.py
[2024-09-08T04:08:40.755+0000] {processor.py:839} INFO - DAG(s) dict_keys(['elt_reddit_pipeline']) retrieved from /opt/airflow/dags/reddit_dag.py
[2024-09-08T04:08:40.765+0000] {logging_mixin.py:151} INFO - [2024-09-08T04:08:40.765+0000] {dag.py:2941} INFO - Sync 1 DAGs
[2024-09-08T04:08:40.775+0000] {logging_mixin.py:151} INFO - [2024-09-08T04:08:40.775+0000] {dag.py:3722} INFO - Setting next_dagrun for elt_reddit_pipeline to 2024-09-08T00:00:00+00:00, run_after=2024-09-09T00:00:00+00:00
[2024-09-08T04:08:40.783+0000] {processor.py:179} INFO - Processing /opt/airflow/dags/reddit_dag.py took 0.356 seconds
[2024-09-08T04:09:11.174+0000] {processor.py:157} INFO - Started process (PID=5249) to work on /opt/airflow/dags/reddit_dag.py
[2024-09-08T04:09:11.176+0000] {processor.py:829} INFO - Processing file /opt/airflow/dags/reddit_dag.py for tasks to queue
[2024-09-08T04:09:11.179+0000] {logging_mixin.py:151} INFO - [2024-09-08T04:09:11.178+0000] {dagbag.py:536} INFO - Filling up the DagBag from /opt/airflow/dags/reddit_dag.py
[2024-09-08T04:09:11.497+0000] {processor.py:839} INFO - DAG(s) dict_keys(['elt_reddit_pipeline']) retrieved from /opt/airflow/dags/reddit_dag.py
[2024-09-08T04:09:11.508+0000] {logging_mixin.py:151} INFO - [2024-09-08T04:09:11.508+0000] {dag.py:2941} INFO - Sync 1 DAGs
[2024-09-08T04:09:11.518+0000] {logging_mixin.py:151} INFO - [2024-09-08T04:09:11.518+0000] {dag.py:3722} INFO - Setting next_dagrun for elt_reddit_pipeline to 2024-09-08T00:00:00+00:00, run_after=2024-09-09T00:00:00+00:00
[2024-09-08T04:09:11.526+0000] {processor.py:179} INFO - Processing /opt/airflow/dags/reddit_dag.py took 0.357 seconds
[2024-09-08T04:09:41.619+0000] {processor.py:157} INFO - Started process (PID=5251) to work on /opt/airflow/dags/reddit_dag.py
[2024-09-08T04:09:41.620+0000] {processor.py:829} INFO - Processing file /opt/airflow/dags/reddit_dag.py for tasks to queue
[2024-09-08T04:09:41.625+0000] {logging_mixin.py:151} INFO - [2024-09-08T04:09:41.625+0000] {dagbag.py:536} INFO - Filling up the DagBag from /opt/airflow/dags/reddit_dag.py
[2024-09-08T04:09:41.936+0000] {processor.py:839} INFO - DAG(s) dict_keys(['elt_reddit_pipeline']) retrieved from /opt/airflow/dags/reddit_dag.py
[2024-09-08T04:09:41.947+0000] {logging_mixin.py:151} INFO - [2024-09-08T04:09:41.946+0000] {dag.py:2941} INFO - Sync 1 DAGs
[2024-09-08T04:09:41.957+0000] {logging_mixin.py:151} INFO - [2024-09-08T04:09:41.957+0000] {dag.py:3722} INFO - Setting next_dagrun for elt_reddit_pipeline to 2024-09-08T00:00:00+00:00, run_after=2024-09-09T00:00:00+00:00
[2024-09-08T04:09:41.965+0000] {processor.py:179} INFO - Processing /opt/airflow/dags/reddit_dag.py took 0.351 seconds
[2024-09-08T04:10:12.478+0000] {processor.py:157} INFO - Started process (PID=5253) to work on /opt/airflow/dags/reddit_dag.py
[2024-09-08T04:10:12.479+0000] {processor.py:829} INFO - Processing file /opt/airflow/dags/reddit_dag.py for tasks to queue
[2024-09-08T04:10:12.482+0000] {logging_mixin.py:151} INFO - [2024-09-08T04:10:12.482+0000] {dagbag.py:536} INFO - Filling up the DagBag from /opt/airflow/dags/reddit_dag.py
[2024-09-08T04:10:12.798+0000] {processor.py:839} INFO - DAG(s) dict_keys(['elt_reddit_pipeline']) retrieved from /opt/airflow/dags/reddit_dag.py
[2024-09-08T04:10:12.810+0000] {logging_mixin.py:151} INFO - [2024-09-08T04:10:12.809+0000] {dag.py:2941} INFO - Sync 1 DAGs
[2024-09-08T04:10:12.820+0000] {logging_mixin.py:151} INFO - [2024-09-08T04:10:12.819+0000] {dag.py:3722} INFO - Setting next_dagrun for elt_reddit_pipeline to 2024-09-08T00:00:00+00:00, run_after=2024-09-09T00:00:00+00:00
[2024-09-08T04:10:12.827+0000] {processor.py:179} INFO - Processing /opt/airflow/dags/reddit_dag.py took 0.356 seconds
[2024-09-08T04:10:43.006+0000] {processor.py:157} INFO - Started process (PID=5255) to work on /opt/airflow/dags/reddit_dag.py
[2024-09-08T04:10:43.008+0000] {processor.py:829} INFO - Processing file /opt/airflow/dags/reddit_dag.py for tasks to queue
[2024-09-08T04:10:43.011+0000] {logging_mixin.py:151} INFO - [2024-09-08T04:10:43.011+0000] {dagbag.py:536} INFO - Filling up the DagBag from /opt/airflow/dags/reddit_dag.py
[2024-09-08T04:10:43.326+0000] {processor.py:839} INFO - DAG(s) dict_keys(['elt_reddit_pipeline']) retrieved from /opt/airflow/dags/reddit_dag.py
[2024-09-08T04:10:43.337+0000] {logging_mixin.py:151} INFO - [2024-09-08T04:10:43.337+0000] {dag.py:2941} INFO - Sync 1 DAGs
[2024-09-08T04:10:43.347+0000] {logging_mixin.py:151} INFO - [2024-09-08T04:10:43.347+0000] {dag.py:3722} INFO - Setting next_dagrun for elt_reddit_pipeline to 2024-09-08T00:00:00+00:00, run_after=2024-09-09T00:00:00+00:00
[2024-09-08T04:10:43.354+0000] {processor.py:179} INFO - Processing /opt/airflow/dags/reddit_dag.py took 0.354 seconds
[2024-09-08T04:11:14.017+0000] {processor.py:157} INFO - Started process (PID=5257) to work on /opt/airflow/dags/reddit_dag.py
[2024-09-08T04:11:14.019+0000] {processor.py:829} INFO - Processing file /opt/airflow/dags/reddit_dag.py for tasks to queue
[2024-09-08T04:11:14.022+0000] {logging_mixin.py:151} INFO - [2024-09-08T04:11:14.021+0000] {dagbag.py:536} INFO - Filling up the DagBag from /opt/airflow/dags/reddit_dag.py
[2024-09-08T04:11:14.334+0000] {processor.py:839} INFO - DAG(s) dict_keys(['elt_reddit_pipeline']) retrieved from /opt/airflow/dags/reddit_dag.py
[2024-09-08T04:11:14.346+0000] {logging_mixin.py:151} INFO - [2024-09-08T04:11:14.345+0000] {dag.py:2941} INFO - Sync 1 DAGs
[2024-09-08T04:11:14.356+0000] {logging_mixin.py:151} INFO - [2024-09-08T04:11:14.356+0000] {dag.py:3722} INFO - Setting next_dagrun for elt_reddit_pipeline to 2024-09-08T00:00:00+00:00, run_after=2024-09-09T00:00:00+00:00
[2024-09-08T04:11:14.364+0000] {processor.py:179} INFO - Processing /opt/airflow/dags/reddit_dag.py took 0.352 seconds
[2024-09-08T04:11:44.548+0000] {processor.py:157} INFO - Started process (PID=5259) to work on /opt/airflow/dags/reddit_dag.py
[2024-09-08T04:11:44.549+0000] {processor.py:829} INFO - Processing file /opt/airflow/dags/reddit_dag.py for tasks to queue
[2024-09-08T04:11:44.552+0000] {logging_mixin.py:151} INFO - [2024-09-08T04:11:44.552+0000] {dagbag.py:536} INFO - Filling up the DagBag from /opt/airflow/dags/reddit_dag.py
[2024-09-08T04:11:44.871+0000] {processor.py:839} INFO - DAG(s) dict_keys(['elt_reddit_pipeline']) retrieved from /opt/airflow/dags/reddit_dag.py
[2024-09-08T04:11:44.882+0000] {logging_mixin.py:151} INFO - [2024-09-08T04:11:44.881+0000] {dag.py:2941} INFO - Sync 1 DAGs
[2024-09-08T04:11:44.892+0000] {logging_mixin.py:151} INFO - [2024-09-08T04:11:44.892+0000] {dag.py:3722} INFO - Setting next_dagrun for elt_reddit_pipeline to 2024-09-08T00:00:00+00:00, run_after=2024-09-09T00:00:00+00:00
[2024-09-08T04:11:44.900+0000] {processor.py:179} INFO - Processing /opt/airflow/dags/reddit_dag.py took 0.358 seconds
[2024-09-08T04:12:15.254+0000] {processor.py:157} INFO - Started process (PID=5261) to work on /opt/airflow/dags/reddit_dag.py
[2024-09-08T04:12:15.256+0000] {processor.py:829} INFO - Processing file /opt/airflow/dags/reddit_dag.py for tasks to queue
[2024-09-08T04:12:15.259+0000] {logging_mixin.py:151} INFO - [2024-09-08T04:12:15.259+0000] {dagbag.py:536} INFO - Filling up the DagBag from /opt/airflow/dags/reddit_dag.py
[2024-09-08T04:12:15.574+0000] {processor.py:839} INFO - DAG(s) dict_keys(['elt_reddit_pipeline']) retrieved from /opt/airflow/dags/reddit_dag.py
[2024-09-08T04:12:15.585+0000] {logging_mixin.py:151} INFO - [2024-09-08T04:12:15.584+0000] {dag.py:2941} INFO - Sync 1 DAGs
[2024-09-08T04:12:15.595+0000] {logging_mixin.py:151} INFO - [2024-09-08T04:12:15.595+0000] {dag.py:3722} INFO - Setting next_dagrun for elt_reddit_pipeline to 2024-09-08T00:00:00+00:00, run_after=2024-09-09T00:00:00+00:00
[2024-09-08T04:12:15.603+0000] {processor.py:179} INFO - Processing /opt/airflow/dags/reddit_dag.py took 0.354 seconds
[2024-09-08T04:12:45.907+0000] {processor.py:157} INFO - Started process (PID=5263) to work on /opt/airflow/dags/reddit_dag.py
[2024-09-08T04:12:45.909+0000] {processor.py:829} INFO - Processing file /opt/airflow/dags/reddit_dag.py for tasks to queue
[2024-09-08T04:12:45.912+0000] {logging_mixin.py:151} INFO - [2024-09-08T04:12:45.911+0000] {dagbag.py:536} INFO - Filling up the DagBag from /opt/airflow/dags/reddit_dag.py
[2024-09-08T04:12:46.232+0000] {processor.py:839} INFO - DAG(s) dict_keys(['elt_reddit_pipeline']) retrieved from /opt/airflow/dags/reddit_dag.py
[2024-09-08T04:12:46.242+0000] {logging_mixin.py:151} INFO - [2024-09-08T04:12:46.242+0000] {dag.py:2941} INFO - Sync 1 DAGs
[2024-09-08T04:12:46.252+0000] {logging_mixin.py:151} INFO - [2024-09-08T04:12:46.252+0000] {dag.py:3722} INFO - Setting next_dagrun for elt_reddit_pipeline to 2024-09-08T00:00:00+00:00, run_after=2024-09-09T00:00:00+00:00
[2024-09-08T04:12:46.261+0000] {processor.py:179} INFO - Processing /opt/airflow/dags/reddit_dag.py took 0.360 seconds
[2024-09-08T04:13:16.526+0000] {processor.py:157} INFO - Started process (PID=5265) to work on /opt/airflow/dags/reddit_dag.py
[2024-09-08T04:13:16.527+0000] {processor.py:829} INFO - Processing file /opt/airflow/dags/reddit_dag.py for tasks to queue
[2024-09-08T04:13:16.530+0000] {logging_mixin.py:151} INFO - [2024-09-08T04:13:16.530+0000] {dagbag.py:536} INFO - Filling up the DagBag from /opt/airflow/dags/reddit_dag.py
[2024-09-08T04:13:16.844+0000] {processor.py:839} INFO - DAG(s) dict_keys(['elt_reddit_pipeline']) retrieved from /opt/airflow/dags/reddit_dag.py
[2024-09-08T04:13:16.856+0000] {logging_mixin.py:151} INFO - [2024-09-08T04:13:16.856+0000] {dag.py:2941} INFO - Sync 1 DAGs
[2024-09-08T04:13:16.866+0000] {logging_mixin.py:151} INFO - [2024-09-08T04:13:16.866+0000] {dag.py:3722} INFO - Setting next_dagrun for elt_reddit_pipeline to 2024-09-08T00:00:00+00:00, run_after=2024-09-09T00:00:00+00:00
[2024-09-08T04:13:16.874+0000] {processor.py:179} INFO - Processing /opt/airflow/dags/reddit_dag.py took 0.354 seconds
[2024-09-08T04:13:47.046+0000] {processor.py:157} INFO - Started process (PID=5267) to work on /opt/airflow/dags/reddit_dag.py
[2024-09-08T04:13:47.047+0000] {processor.py:829} INFO - Processing file /opt/airflow/dags/reddit_dag.py for tasks to queue
[2024-09-08T04:13:47.051+0000] {logging_mixin.py:151} INFO - [2024-09-08T04:13:47.051+0000] {dagbag.py:536} INFO - Filling up the DagBag from /opt/airflow/dags/reddit_dag.py
[2024-09-08T04:13:47.366+0000] {processor.py:839} INFO - DAG(s) dict_keys(['elt_reddit_pipeline']) retrieved from /opt/airflow/dags/reddit_dag.py
[2024-09-08T04:13:47.377+0000] {logging_mixin.py:151} INFO - [2024-09-08T04:13:47.376+0000] {dag.py:2941} INFO - Sync 1 DAGs
[2024-09-08T04:13:47.386+0000] {logging_mixin.py:151} INFO - [2024-09-08T04:13:47.386+0000] {dag.py:3722} INFO - Setting next_dagrun for elt_reddit_pipeline to 2024-09-08T00:00:00+00:00, run_after=2024-09-09T00:00:00+00:00
[2024-09-08T04:13:47.393+0000] {processor.py:179} INFO - Processing /opt/airflow/dags/reddit_dag.py took 0.353 seconds
[2024-09-08T04:14:18.126+0000] {processor.py:157} INFO - Started process (PID=5269) to work on /opt/airflow/dags/reddit_dag.py
[2024-09-08T04:14:18.128+0000] {processor.py:829} INFO - Processing file /opt/airflow/dags/reddit_dag.py for tasks to queue
[2024-09-08T04:14:18.131+0000] {logging_mixin.py:151} INFO - [2024-09-08T04:14:18.130+0000] {dagbag.py:536} INFO - Filling up the DagBag from /opt/airflow/dags/reddit_dag.py
[2024-09-08T04:14:18.443+0000] {processor.py:839} INFO - DAG(s) dict_keys(['elt_reddit_pipeline']) retrieved from /opt/airflow/dags/reddit_dag.py
[2024-09-08T04:14:18.454+0000] {logging_mixin.py:151} INFO - [2024-09-08T04:14:18.454+0000] {dag.py:2941} INFO - Sync 1 DAGs
[2024-09-08T04:14:18.463+0000] {logging_mixin.py:151} INFO - [2024-09-08T04:14:18.463+0000] {dag.py:3722} INFO - Setting next_dagrun for elt_reddit_pipeline to 2024-09-08T00:00:00+00:00, run_after=2024-09-09T00:00:00+00:00
[2024-09-08T04:14:18.472+0000] {processor.py:179} INFO - Processing /opt/airflow/dags/reddit_dag.py took 0.351 seconds
[2024-09-08T04:14:48.640+0000] {processor.py:157} INFO - Started process (PID=5271) to work on /opt/airflow/dags/reddit_dag.py
[2024-09-08T04:14:48.642+0000] {processor.py:829} INFO - Processing file /opt/airflow/dags/reddit_dag.py for tasks to queue
[2024-09-08T04:14:48.645+0000] {logging_mixin.py:151} INFO - [2024-09-08T04:14:48.644+0000] {dagbag.py:536} INFO - Filling up the DagBag from /opt/airflow/dags/reddit_dag.py
[2024-09-08T04:14:48.959+0000] {processor.py:839} INFO - DAG(s) dict_keys(['elt_reddit_pipeline']) retrieved from /opt/airflow/dags/reddit_dag.py
[2024-09-08T04:14:48.970+0000] {logging_mixin.py:151} INFO - [2024-09-08T04:14:48.969+0000] {dag.py:2941} INFO - Sync 1 DAGs
[2024-09-08T04:14:48.980+0000] {logging_mixin.py:151} INFO - [2024-09-08T04:14:48.980+0000] {dag.py:3722} INFO - Setting next_dagrun for elt_reddit_pipeline to 2024-09-08T00:00:00+00:00, run_after=2024-09-09T00:00:00+00:00
[2024-09-08T04:14:48.988+0000] {processor.py:179} INFO - Processing /opt/airflow/dags/reddit_dag.py took 0.353 seconds
[2024-09-08T04:15:19.386+0000] {processor.py:157} INFO - Started process (PID=5273) to work on /opt/airflow/dags/reddit_dag.py
[2024-09-08T04:15:19.388+0000] {processor.py:829} INFO - Processing file /opt/airflow/dags/reddit_dag.py for tasks to queue
[2024-09-08T04:15:19.390+0000] {logging_mixin.py:151} INFO - [2024-09-08T04:15:19.390+0000] {dagbag.py:536} INFO - Filling up the DagBag from /opt/airflow/dags/reddit_dag.py
[2024-09-08T04:15:19.711+0000] {processor.py:839} INFO - DAG(s) dict_keys(['elt_reddit_pipeline']) retrieved from /opt/airflow/dags/reddit_dag.py
[2024-09-08T04:15:19.722+0000] {logging_mixin.py:151} INFO - [2024-09-08T04:15:19.722+0000] {dag.py:2941} INFO - Sync 1 DAGs
[2024-09-08T04:15:19.733+0000] {logging_mixin.py:151} INFO - [2024-09-08T04:15:19.732+0000] {dag.py:3722} INFO - Setting next_dagrun for elt_reddit_pipeline to 2024-09-08T00:00:00+00:00, run_after=2024-09-09T00:00:00+00:00
[2024-09-08T04:15:19.740+0000] {processor.py:179} INFO - Processing /opt/airflow/dags/reddit_dag.py took 0.360 seconds
[2024-09-08T04:15:49.858+0000] {processor.py:157} INFO - Started process (PID=5275) to work on /opt/airflow/dags/reddit_dag.py
[2024-09-08T04:15:49.860+0000] {processor.py:829} INFO - Processing file /opt/airflow/dags/reddit_dag.py for tasks to queue
[2024-09-08T04:15:49.863+0000] {logging_mixin.py:151} INFO - [2024-09-08T04:15:49.863+0000] {dagbag.py:536} INFO - Filling up the DagBag from /opt/airflow/dags/reddit_dag.py
[2024-09-08T04:15:50.176+0000] {processor.py:839} INFO - DAG(s) dict_keys(['elt_reddit_pipeline']) retrieved from /opt/airflow/dags/reddit_dag.py
[2024-09-08T04:15:50.188+0000] {logging_mixin.py:151} INFO - [2024-09-08T04:15:50.187+0000] {dag.py:2941} INFO - Sync 1 DAGs
[2024-09-08T04:15:50.197+0000] {logging_mixin.py:151} INFO - [2024-09-08T04:15:50.197+0000] {dag.py:3722} INFO - Setting next_dagrun for elt_reddit_pipeline to 2024-09-08T00:00:00+00:00, run_after=2024-09-09T00:00:00+00:00
[2024-09-08T04:15:50.205+0000] {processor.py:179} INFO - Processing /opt/airflow/dags/reddit_dag.py took 0.352 seconds
[2024-09-08T04:16:20.376+0000] {processor.py:157} INFO - Started process (PID=5277) to work on /opt/airflow/dags/reddit_dag.py
[2024-09-08T04:16:20.377+0000] {processor.py:829} INFO - Processing file /opt/airflow/dags/reddit_dag.py for tasks to queue
[2024-09-08T04:16:20.380+0000] {logging_mixin.py:151} INFO - [2024-09-08T04:16:20.380+0000] {dagbag.py:536} INFO - Filling up the DagBag from /opt/airflow/dags/reddit_dag.py
[2024-09-08T04:16:20.700+0000] {processor.py:839} INFO - DAG(s) dict_keys(['elt_reddit_pipeline']) retrieved from /opt/airflow/dags/reddit_dag.py
[2024-09-08T04:16:20.711+0000] {logging_mixin.py:151} INFO - [2024-09-08T04:16:20.711+0000] {dag.py:2941} INFO - Sync 1 DAGs
[2024-09-08T04:16:20.721+0000] {logging_mixin.py:151} INFO - [2024-09-08T04:16:20.721+0000] {dag.py:3722} INFO - Setting next_dagrun for elt_reddit_pipeline to 2024-09-08T00:00:00+00:00, run_after=2024-09-09T00:00:00+00:00
[2024-09-08T04:16:20.729+0000] {processor.py:179} INFO - Processing /opt/airflow/dags/reddit_dag.py took 0.359 seconds
[2024-09-08T04:16:51.225+0000] {processor.py:157} INFO - Started process (PID=5279) to work on /opt/airflow/dags/reddit_dag.py
[2024-09-08T04:16:51.227+0000] {processor.py:829} INFO - Processing file /opt/airflow/dags/reddit_dag.py for tasks to queue
[2024-09-08T04:16:51.230+0000] {logging_mixin.py:151} INFO - [2024-09-08T04:16:51.230+0000] {dagbag.py:536} INFO - Filling up the DagBag from /opt/airflow/dags/reddit_dag.py
[2024-09-08T04:16:51.549+0000] {processor.py:839} INFO - DAG(s) dict_keys(['elt_reddit_pipeline']) retrieved from /opt/airflow/dags/reddit_dag.py
[2024-09-08T04:16:51.560+0000] {logging_mixin.py:151} INFO - [2024-09-08T04:16:51.559+0000] {dag.py:2941} INFO - Sync 1 DAGs
[2024-09-08T04:16:51.569+0000] {logging_mixin.py:151} INFO - [2024-09-08T04:16:51.569+0000] {dag.py:3722} INFO - Setting next_dagrun for elt_reddit_pipeline to 2024-09-08T00:00:00+00:00, run_after=2024-09-09T00:00:00+00:00
[2024-09-08T04:16:51.577+0000] {processor.py:179} INFO - Processing /opt/airflow/dags/reddit_dag.py took 0.357 seconds
[2024-09-08T04:17:21.785+0000] {processor.py:157} INFO - Started process (PID=5281) to work on /opt/airflow/dags/reddit_dag.py
[2024-09-08T04:17:21.787+0000] {processor.py:829} INFO - Processing file /opt/airflow/dags/reddit_dag.py for tasks to queue
[2024-09-08T04:17:21.791+0000] {logging_mixin.py:151} INFO - [2024-09-08T04:17:21.791+0000] {dagbag.py:536} INFO - Filling up the DagBag from /opt/airflow/dags/reddit_dag.py
[2024-09-08T04:17:22.105+0000] {processor.py:839} INFO - DAG(s) dict_keys(['elt_reddit_pipeline']) retrieved from /opt/airflow/dags/reddit_dag.py
[2024-09-08T04:17:22.115+0000] {logging_mixin.py:151} INFO - [2024-09-08T04:17:22.115+0000] {dag.py:2941} INFO - Sync 1 DAGs
[2024-09-08T04:17:22.125+0000] {logging_mixin.py:151} INFO - [2024-09-08T04:17:22.125+0000] {dag.py:3722} INFO - Setting next_dagrun for elt_reddit_pipeline to 2024-09-08T00:00:00+00:00, run_after=2024-09-09T00:00:00+00:00
[2024-09-08T04:17:22.134+0000] {processor.py:179} INFO - Processing /opt/airflow/dags/reddit_dag.py took 0.355 seconds
[2024-09-08T04:17:52.634+0000] {processor.py:157} INFO - Started process (PID=5283) to work on /opt/airflow/dags/reddit_dag.py
[2024-09-08T04:17:52.636+0000] {processor.py:829} INFO - Processing file /opt/airflow/dags/reddit_dag.py for tasks to queue
[2024-09-08T04:17:52.640+0000] {logging_mixin.py:151} INFO - [2024-09-08T04:17:52.639+0000] {dagbag.py:536} INFO - Filling up the DagBag from /opt/airflow/dags/reddit_dag.py
[2024-09-08T04:17:52.960+0000] {processor.py:839} INFO - DAG(s) dict_keys(['elt_reddit_pipeline']) retrieved from /opt/airflow/dags/reddit_dag.py
[2024-09-08T04:17:52.971+0000] {logging_mixin.py:151} INFO - [2024-09-08T04:17:52.970+0000] {dag.py:2941} INFO - Sync 1 DAGs
[2024-09-08T04:17:52.981+0000] {logging_mixin.py:151} INFO - [2024-09-08T04:17:52.981+0000] {dag.py:3722} INFO - Setting next_dagrun for elt_reddit_pipeline to 2024-09-08T00:00:00+00:00, run_after=2024-09-09T00:00:00+00:00
[2024-09-08T04:17:52.989+0000] {processor.py:179} INFO - Processing /opt/airflow/dags/reddit_dag.py took 0.360 seconds
[2024-09-08T04:18:23.164+0000] {processor.py:157} INFO - Started process (PID=5285) to work on /opt/airflow/dags/reddit_dag.py
[2024-09-08T04:18:23.166+0000] {processor.py:829} INFO - Processing file /opt/airflow/dags/reddit_dag.py for tasks to queue
[2024-09-08T04:18:23.169+0000] {logging_mixin.py:151} INFO - [2024-09-08T04:18:23.168+0000] {dagbag.py:536} INFO - Filling up the DagBag from /opt/airflow/dags/reddit_dag.py
[2024-09-08T04:18:23.484+0000] {processor.py:839} INFO - DAG(s) dict_keys(['elt_reddit_pipeline']) retrieved from /opt/airflow/dags/reddit_dag.py
[2024-09-08T04:18:23.494+0000] {logging_mixin.py:151} INFO - [2024-09-08T04:18:23.494+0000] {dag.py:2941} INFO - Sync 1 DAGs
[2024-09-08T04:18:23.504+0000] {logging_mixin.py:151} INFO - [2024-09-08T04:18:23.504+0000] {dag.py:3722} INFO - Setting next_dagrun for elt_reddit_pipeline to 2024-09-08T00:00:00+00:00, run_after=2024-09-09T00:00:00+00:00
[2024-09-08T04:18:23.512+0000] {processor.py:179} INFO - Processing /opt/airflow/dags/reddit_dag.py took 0.354 seconds
[2024-09-08T04:18:53.994+0000] {processor.py:157} INFO - Started process (PID=5287) to work on /opt/airflow/dags/reddit_dag.py
[2024-09-08T04:18:53.996+0000] {processor.py:829} INFO - Processing file /opt/airflow/dags/reddit_dag.py for tasks to queue
[2024-09-08T04:18:53.999+0000] {logging_mixin.py:151} INFO - [2024-09-08T04:18:53.999+0000] {dagbag.py:536} INFO - Filling up the DagBag from /opt/airflow/dags/reddit_dag.py
[2024-09-08T04:18:54.312+0000] {processor.py:839} INFO - DAG(s) dict_keys(['elt_reddit_pipeline']) retrieved from /opt/airflow/dags/reddit_dag.py
[2024-09-08T04:18:54.324+0000] {logging_mixin.py:151} INFO - [2024-09-08T04:18:54.324+0000] {dag.py:2941} INFO - Sync 1 DAGs
[2024-09-08T04:18:54.334+0000] {logging_mixin.py:151} INFO - [2024-09-08T04:18:54.334+0000] {dag.py:3722} INFO - Setting next_dagrun for elt_reddit_pipeline to 2024-09-08T00:00:00+00:00, run_after=2024-09-09T00:00:00+00:00
[2024-09-08T04:18:54.342+0000] {processor.py:179} INFO - Processing /opt/airflow/dags/reddit_dag.py took 0.352 seconds
[2024-09-08T04:19:24.585+0000] {processor.py:157} INFO - Started process (PID=5289) to work on /opt/airflow/dags/reddit_dag.py
[2024-09-08T04:19:24.587+0000] {processor.py:829} INFO - Processing file /opt/airflow/dags/reddit_dag.py for tasks to queue
[2024-09-08T04:19:24.591+0000] {logging_mixin.py:151} INFO - [2024-09-08T04:19:24.590+0000] {dagbag.py:536} INFO - Filling up the DagBag from /opt/airflow/dags/reddit_dag.py
[2024-09-08T04:19:24.913+0000] {processor.py:839} INFO - DAG(s) dict_keys(['elt_reddit_pipeline']) retrieved from /opt/airflow/dags/reddit_dag.py
[2024-09-08T04:19:24.924+0000] {logging_mixin.py:151} INFO - [2024-09-08T04:19:24.924+0000] {dag.py:2941} INFO - Sync 1 DAGs
[2024-09-08T04:19:24.933+0000] {logging_mixin.py:151} INFO - [2024-09-08T04:19:24.933+0000] {dag.py:3722} INFO - Setting next_dagrun for elt_reddit_pipeline to 2024-09-08T00:00:00+00:00, run_after=2024-09-09T00:00:00+00:00
[2024-09-08T04:19:24.941+0000] {processor.py:179} INFO - Processing /opt/airflow/dags/reddit_dag.py took 0.362 seconds
[2024-09-08T04:19:55.385+0000] {processor.py:157} INFO - Started process (PID=5291) to work on /opt/airflow/dags/reddit_dag.py
[2024-09-08T04:19:55.386+0000] {processor.py:829} INFO - Processing file /opt/airflow/dags/reddit_dag.py for tasks to queue
[2024-09-08T04:19:55.390+0000] {logging_mixin.py:151} INFO - [2024-09-08T04:19:55.390+0000] {dagbag.py:536} INFO - Filling up the DagBag from /opt/airflow/dags/reddit_dag.py
[2024-09-08T04:19:55.702+0000] {processor.py:839} INFO - DAG(s) dict_keys(['elt_reddit_pipeline']) retrieved from /opt/airflow/dags/reddit_dag.py
[2024-09-08T04:19:55.713+0000] {logging_mixin.py:151} INFO - [2024-09-08T04:19:55.713+0000] {dag.py:2941} INFO - Sync 1 DAGs
[2024-09-08T04:19:55.723+0000] {logging_mixin.py:151} INFO - [2024-09-08T04:19:55.723+0000] {dag.py:3722} INFO - Setting next_dagrun for elt_reddit_pipeline to 2024-09-08T00:00:00+00:00, run_after=2024-09-09T00:00:00+00:00
[2024-09-08T04:19:55.731+0000] {processor.py:179} INFO - Processing /opt/airflow/dags/reddit_dag.py took 0.352 seconds
[2024-09-08T04:20:25.947+0000] {processor.py:157} INFO - Started process (PID=5293) to work on /opt/airflow/dags/reddit_dag.py
[2024-09-08T04:20:25.948+0000] {processor.py:829} INFO - Processing file /opt/airflow/dags/reddit_dag.py for tasks to queue
[2024-09-08T04:20:25.952+0000] {logging_mixin.py:151} INFO - [2024-09-08T04:20:25.952+0000] {dagbag.py:536} INFO - Filling up the DagBag from /opt/airflow/dags/reddit_dag.py
[2024-09-08T04:20:26.267+0000] {processor.py:839} INFO - DAG(s) dict_keys(['elt_reddit_pipeline']) retrieved from /opt/airflow/dags/reddit_dag.py
[2024-09-08T04:20:26.278+0000] {logging_mixin.py:151} INFO - [2024-09-08T04:20:26.278+0000] {dag.py:2941} INFO - Sync 1 DAGs
[2024-09-08T04:20:26.288+0000] {logging_mixin.py:151} INFO - [2024-09-08T04:20:26.288+0000] {dag.py:3722} INFO - Setting next_dagrun for elt_reddit_pipeline to 2024-09-08T00:00:00+00:00, run_after=2024-09-09T00:00:00+00:00
[2024-09-08T04:20:26.296+0000] {processor.py:179} INFO - Processing /opt/airflow/dags/reddit_dag.py took 0.355 seconds
[2024-09-08T04:20:56.723+0000] {processor.py:157} INFO - Started process (PID=5295) to work on /opt/airflow/dags/reddit_dag.py
[2024-09-08T04:20:56.724+0000] {processor.py:829} INFO - Processing file /opt/airflow/dags/reddit_dag.py for tasks to queue
[2024-09-08T04:20:56.728+0000] {logging_mixin.py:151} INFO - [2024-09-08T04:20:56.728+0000] {dagbag.py:536} INFO - Filling up the DagBag from /opt/airflow/dags/reddit_dag.py
[2024-09-08T04:20:57.040+0000] {processor.py:839} INFO - DAG(s) dict_keys(['elt_reddit_pipeline']) retrieved from /opt/airflow/dags/reddit_dag.py
[2024-09-08T04:20:57.051+0000] {logging_mixin.py:151} INFO - [2024-09-08T04:20:57.050+0000] {dag.py:2941} INFO - Sync 1 DAGs
[2024-09-08T04:20:57.061+0000] {logging_mixin.py:151} INFO - [2024-09-08T04:20:57.061+0000] {dag.py:3722} INFO - Setting next_dagrun for elt_reddit_pipeline to 2024-09-08T00:00:00+00:00, run_after=2024-09-09T00:00:00+00:00
[2024-09-08T04:20:57.069+0000] {processor.py:179} INFO - Processing /opt/airflow/dags/reddit_dag.py took 0.351 seconds
[2024-09-08T04:21:27.205+0000] {processor.py:157} INFO - Started process (PID=5297) to work on /opt/airflow/dags/reddit_dag.py
[2024-09-08T04:21:27.207+0000] {processor.py:829} INFO - Processing file /opt/airflow/dags/reddit_dag.py for tasks to queue
[2024-09-08T04:21:27.210+0000] {logging_mixin.py:151} INFO - [2024-09-08T04:21:27.209+0000] {dagbag.py:536} INFO - Filling up the DagBag from /opt/airflow/dags/reddit_dag.py
[2024-09-08T04:21:27.523+0000] {processor.py:839} INFO - DAG(s) dict_keys(['elt_reddit_pipeline']) retrieved from /opt/airflow/dags/reddit_dag.py
[2024-09-08T04:21:27.534+0000] {logging_mixin.py:151} INFO - [2024-09-08T04:21:27.533+0000] {dag.py:2941} INFO - Sync 1 DAGs
[2024-09-08T04:21:27.543+0000] {logging_mixin.py:151} INFO - [2024-09-08T04:21:27.543+0000] {dag.py:3722} INFO - Setting next_dagrun for elt_reddit_pipeline to 2024-09-08T00:00:00+00:00, run_after=2024-09-09T00:00:00+00:00
[2024-09-08T04:21:27.551+0000] {processor.py:179} INFO - Processing /opt/airflow/dags/reddit_dag.py took 0.352 seconds
[2024-09-08T04:21:58.040+0000] {processor.py:157} INFO - Started process (PID=5299) to work on /opt/airflow/dags/reddit_dag.py
[2024-09-08T04:21:58.041+0000] {processor.py:829} INFO - Processing file /opt/airflow/dags/reddit_dag.py for tasks to queue
[2024-09-08T04:21:58.045+0000] {logging_mixin.py:151} INFO - [2024-09-08T04:21:58.044+0000] {dagbag.py:536} INFO - Filling up the DagBag from /opt/airflow/dags/reddit_dag.py
[2024-09-08T04:21:58.363+0000] {processor.py:839} INFO - DAG(s) dict_keys(['elt_reddit_pipeline']) retrieved from /opt/airflow/dags/reddit_dag.py
[2024-09-08T04:21:58.374+0000] {logging_mixin.py:151} INFO - [2024-09-08T04:21:58.374+0000] {dag.py:2941} INFO - Sync 1 DAGs
[2024-09-08T04:21:58.383+0000] {logging_mixin.py:151} INFO - [2024-09-08T04:21:58.383+0000] {dag.py:3722} INFO - Setting next_dagrun for elt_reddit_pipeline to 2024-09-08T00:00:00+00:00, run_after=2024-09-09T00:00:00+00:00
[2024-09-08T04:21:58.391+0000] {processor.py:179} INFO - Processing /opt/airflow/dags/reddit_dag.py took 0.355 seconds
[2024-09-08T04:22:28.555+0000] {processor.py:157} INFO - Started process (PID=5301) to work on /opt/airflow/dags/reddit_dag.py
[2024-09-08T04:22:28.556+0000] {processor.py:829} INFO - Processing file /opt/airflow/dags/reddit_dag.py for tasks to queue
[2024-09-08T04:22:28.559+0000] {logging_mixin.py:151} INFO - [2024-09-08T04:22:28.559+0000] {dagbag.py:536} INFO - Filling up the DagBag from /opt/airflow/dags/reddit_dag.py
[2024-09-08T04:22:28.872+0000] {processor.py:839} INFO - DAG(s) dict_keys(['elt_reddit_pipeline']) retrieved from /opt/airflow/dags/reddit_dag.py
[2024-09-08T04:22:28.882+0000] {logging_mixin.py:151} INFO - [2024-09-08T04:22:28.882+0000] {dag.py:2941} INFO - Sync 1 DAGs
[2024-09-08T04:22:28.892+0000] {logging_mixin.py:151} INFO - [2024-09-08T04:22:28.892+0000] {dag.py:3722} INFO - Setting next_dagrun for elt_reddit_pipeline to 2024-09-08T00:00:00+00:00, run_after=2024-09-09T00:00:00+00:00
[2024-09-08T04:22:28.900+0000] {processor.py:179} INFO - Processing /opt/airflow/dags/reddit_dag.py took 0.351 seconds
[2024-09-08T04:22:59.335+0000] {processor.py:157} INFO - Started process (PID=5303) to work on /opt/airflow/dags/reddit_dag.py
[2024-09-08T04:22:59.337+0000] {processor.py:829} INFO - Processing file /opt/airflow/dags/reddit_dag.py for tasks to queue
[2024-09-08T04:22:59.340+0000] {logging_mixin.py:151} INFO - [2024-09-08T04:22:59.339+0000] {dagbag.py:536} INFO - Filling up the DagBag from /opt/airflow/dags/reddit_dag.py
[2024-09-08T04:22:59.660+0000] {processor.py:839} INFO - DAG(s) dict_keys(['elt_reddit_pipeline']) retrieved from /opt/airflow/dags/reddit_dag.py
[2024-09-08T04:22:59.671+0000] {logging_mixin.py:151} INFO - [2024-09-08T04:22:59.671+0000] {dag.py:2941} INFO - Sync 1 DAGs
[2024-09-08T04:22:59.681+0000] {logging_mixin.py:151} INFO - [2024-09-08T04:22:59.681+0000] {dag.py:3722} INFO - Setting next_dagrun for elt_reddit_pipeline to 2024-09-08T00:00:00+00:00, run_after=2024-09-09T00:00:00+00:00
[2024-09-08T04:22:59.689+0000] {processor.py:179} INFO - Processing /opt/airflow/dags/reddit_dag.py took 0.359 seconds
[2024-09-08T04:23:29.921+0000] {processor.py:157} INFO - Started process (PID=5305) to work on /opt/airflow/dags/reddit_dag.py
[2024-09-08T04:23:29.923+0000] {processor.py:829} INFO - Processing file /opt/airflow/dags/reddit_dag.py for tasks to queue
[2024-09-08T04:23:29.926+0000] {logging_mixin.py:151} INFO - [2024-09-08T04:23:29.925+0000] {dagbag.py:536} INFO - Filling up the DagBag from /opt/airflow/dags/reddit_dag.py
[2024-09-08T04:23:30.240+0000] {processor.py:839} INFO - DAG(s) dict_keys(['elt_reddit_pipeline']) retrieved from /opt/airflow/dags/reddit_dag.py
[2024-09-08T04:23:30.251+0000] {logging_mixin.py:151} INFO - [2024-09-08T04:23:30.251+0000] {dag.py:2941} INFO - Sync 1 DAGs
[2024-09-08T04:23:30.261+0000] {logging_mixin.py:151} INFO - [2024-09-08T04:23:30.261+0000] {dag.py:3722} INFO - Setting next_dagrun for elt_reddit_pipeline to 2024-09-08T00:00:00+00:00, run_after=2024-09-09T00:00:00+00:00
[2024-09-08T04:23:30.269+0000] {processor.py:179} INFO - Processing /opt/airflow/dags/reddit_dag.py took 0.354 seconds
[2024-09-08T04:24:00.767+0000] {processor.py:157} INFO - Started process (PID=5307) to work on /opt/airflow/dags/reddit_dag.py
[2024-09-08T04:24:00.768+0000] {processor.py:829} INFO - Processing file /opt/airflow/dags/reddit_dag.py for tasks to queue
[2024-09-08T04:24:00.772+0000] {logging_mixin.py:151} INFO - [2024-09-08T04:24:00.772+0000] {dagbag.py:536} INFO - Filling up the DagBag from /opt/airflow/dags/reddit_dag.py
[2024-09-08T04:24:01.093+0000] {processor.py:839} INFO - DAG(s) dict_keys(['elt_reddit_pipeline']) retrieved from /opt/airflow/dags/reddit_dag.py
[2024-09-08T04:24:01.104+0000] {logging_mixin.py:151} INFO - [2024-09-08T04:24:01.103+0000] {dag.py:2941} INFO - Sync 1 DAGs
[2024-09-08T04:24:01.114+0000] {logging_mixin.py:151} INFO - [2024-09-08T04:24:01.114+0000] {dag.py:3722} INFO - Setting next_dagrun for elt_reddit_pipeline to 2024-09-08T00:00:00+00:00, run_after=2024-09-09T00:00:00+00:00
[2024-09-08T04:24:01.121+0000] {processor.py:179} INFO - Processing /opt/airflow/dags/reddit_dag.py took 0.360 seconds
[2024-09-08T04:24:31.346+0000] {processor.py:157} INFO - Started process (PID=5309) to work on /opt/airflow/dags/reddit_dag.py
[2024-09-08T04:24:31.347+0000] {processor.py:829} INFO - Processing file /opt/airflow/dags/reddit_dag.py for tasks to queue
[2024-09-08T04:24:31.351+0000] {logging_mixin.py:151} INFO - [2024-09-08T04:24:31.351+0000] {dagbag.py:536} INFO - Filling up the DagBag from /opt/airflow/dags/reddit_dag.py
[2024-09-08T04:24:31.665+0000] {processor.py:839} INFO - DAG(s) dict_keys(['elt_reddit_pipeline']) retrieved from /opt/airflow/dags/reddit_dag.py
[2024-09-08T04:24:31.678+0000] {logging_mixin.py:151} INFO - [2024-09-08T04:24:31.677+0000] {dag.py:2941} INFO - Sync 1 DAGs
[2024-09-08T04:24:31.688+0000] {logging_mixin.py:151} INFO - [2024-09-08T04:24:31.687+0000] {dag.py:3722} INFO - Setting next_dagrun for elt_reddit_pipeline to 2024-09-08T00:00:00+00:00, run_after=2024-09-09T00:00:00+00:00
[2024-09-08T04:24:31.696+0000] {processor.py:179} INFO - Processing /opt/airflow/dags/reddit_dag.py took 0.356 seconds
[2024-09-08T04:25:02.088+0000] {processor.py:157} INFO - Started process (PID=5311) to work on /opt/airflow/dags/reddit_dag.py
[2024-09-08T04:25:02.089+0000] {processor.py:829} INFO - Processing file /opt/airflow/dags/reddit_dag.py for tasks to queue
[2024-09-08T04:25:02.092+0000] {logging_mixin.py:151} INFO - [2024-09-08T04:25:02.092+0000] {dagbag.py:536} INFO - Filling up the DagBag from /opt/airflow/dags/reddit_dag.py
[2024-09-08T04:25:02.405+0000] {processor.py:839} INFO - DAG(s) dict_keys(['elt_reddit_pipeline']) retrieved from /opt/airflow/dags/reddit_dag.py
[2024-09-08T04:25:02.416+0000] {logging_mixin.py:151} INFO - [2024-09-08T04:25:02.416+0000] {dag.py:2941} INFO - Sync 1 DAGs
[2024-09-08T04:25:02.426+0000] {logging_mixin.py:151} INFO - [2024-09-08T04:25:02.426+0000] {dag.py:3722} INFO - Setting next_dagrun for elt_reddit_pipeline to 2024-09-08T00:00:00+00:00, run_after=2024-09-09T00:00:00+00:00
[2024-09-08T04:25:02.434+0000] {processor.py:179} INFO - Processing /opt/airflow/dags/reddit_dag.py took 0.352 seconds
[2024-09-08T04:25:32.673+0000] {processor.py:157} INFO - Started process (PID=5313) to work on /opt/airflow/dags/reddit_dag.py
[2024-09-08T04:25:32.674+0000] {processor.py:829} INFO - Processing file /opt/airflow/dags/reddit_dag.py for tasks to queue
[2024-09-08T04:25:32.677+0000] {logging_mixin.py:151} INFO - [2024-09-08T04:25:32.677+0000] {dagbag.py:536} INFO - Filling up the DagBag from /opt/airflow/dags/reddit_dag.py
[2024-09-08T04:25:32.991+0000] {processor.py:839} INFO - DAG(s) dict_keys(['elt_reddit_pipeline']) retrieved from /opt/airflow/dags/reddit_dag.py
[2024-09-08T04:25:33.002+0000] {logging_mixin.py:151} INFO - [2024-09-08T04:25:33.001+0000] {dag.py:2941} INFO - Sync 1 DAGs
[2024-09-08T04:25:33.011+0000] {logging_mixin.py:151} INFO - [2024-09-08T04:25:33.011+0000] {dag.py:3722} INFO - Setting next_dagrun for elt_reddit_pipeline to 2024-09-08T00:00:00+00:00, run_after=2024-09-09T00:00:00+00:00
[2024-09-08T04:25:33.019+0000] {processor.py:179} INFO - Processing /opt/airflow/dags/reddit_dag.py took 0.352 seconds
[2024-09-08T04:26:03.338+0000] {processor.py:157} INFO - Started process (PID=5315) to work on /opt/airflow/dags/reddit_dag.py
[2024-09-08T04:26:03.340+0000] {processor.py:829} INFO - Processing file /opt/airflow/dags/reddit_dag.py for tasks to queue
[2024-09-08T04:26:03.343+0000] {logging_mixin.py:151} INFO - [2024-09-08T04:26:03.342+0000] {dagbag.py:536} INFO - Filling up the DagBag from /opt/airflow/dags/reddit_dag.py
[2024-09-08T04:26:03.653+0000] {processor.py:839} INFO - DAG(s) dict_keys(['elt_reddit_pipeline']) retrieved from /opt/airflow/dags/reddit_dag.py
[2024-09-08T04:26:03.664+0000] {logging_mixin.py:151} INFO - [2024-09-08T04:26:03.663+0000] {dag.py:2941} INFO - Sync 1 DAGs
[2024-09-08T04:26:03.674+0000] {logging_mixin.py:151} INFO - [2024-09-08T04:26:03.674+0000] {dag.py:3722} INFO - Setting next_dagrun for elt_reddit_pipeline to 2024-09-08T00:00:00+00:00, run_after=2024-09-09T00:00:00+00:00
[2024-09-08T04:26:03.682+0000] {processor.py:179} INFO - Processing /opt/airflow/dags/reddit_dag.py took 0.349 seconds
[2024-09-08T04:26:33.925+0000] {processor.py:157} INFO - Started process (PID=5317) to work on /opt/airflow/dags/reddit_dag.py
[2024-09-08T04:26:33.926+0000] {processor.py:829} INFO - Processing file /opt/airflow/dags/reddit_dag.py for tasks to queue
[2024-09-08T04:26:33.929+0000] {logging_mixin.py:151} INFO - [2024-09-08T04:26:33.929+0000] {dagbag.py:536} INFO - Filling up the DagBag from /opt/airflow/dags/reddit_dag.py
[2024-09-08T04:26:34.245+0000] {processor.py:839} INFO - DAG(s) dict_keys(['elt_reddit_pipeline']) retrieved from /opt/airflow/dags/reddit_dag.py
[2024-09-08T04:26:34.256+0000] {logging_mixin.py:151} INFO - [2024-09-08T04:26:34.256+0000] {dag.py:2941} INFO - Sync 1 DAGs
[2024-09-08T04:26:34.266+0000] {logging_mixin.py:151} INFO - [2024-09-08T04:26:34.266+0000] {dag.py:3722} INFO - Setting next_dagrun for elt_reddit_pipeline to 2024-09-08T00:00:00+00:00, run_after=2024-09-09T00:00:00+00:00
[2024-09-08T04:26:34.274+0000] {processor.py:179} INFO - Processing /opt/airflow/dags/reddit_dag.py took 0.355 seconds
[2024-09-08T04:27:04.861+0000] {processor.py:157} INFO - Started process (PID=5319) to work on /opt/airflow/dags/reddit_dag.py
[2024-09-08T04:27:04.863+0000] {processor.py:829} INFO - Processing file /opt/airflow/dags/reddit_dag.py for tasks to queue
[2024-09-08T04:27:04.866+0000] {logging_mixin.py:151} INFO - [2024-09-08T04:27:04.865+0000] {dagbag.py:536} INFO - Filling up the DagBag from /opt/airflow/dags/reddit_dag.py
[2024-09-08T04:27:05.181+0000] {processor.py:839} INFO - DAG(s) dict_keys(['elt_reddit_pipeline']) retrieved from /opt/airflow/dags/reddit_dag.py
[2024-09-08T04:27:05.192+0000] {logging_mixin.py:151} INFO - [2024-09-08T04:27:05.191+0000] {dag.py:2941} INFO - Sync 1 DAGs
[2024-09-08T04:27:05.202+0000] {logging_mixin.py:151} INFO - [2024-09-08T04:27:05.202+0000] {dag.py:3722} INFO - Setting next_dagrun for elt_reddit_pipeline to 2024-09-08T00:00:00+00:00, run_after=2024-09-09T00:00:00+00:00
[2024-09-08T04:27:05.209+0000] {processor.py:179} INFO - Processing /opt/airflow/dags/reddit_dag.py took 0.352 seconds
[2024-09-08T04:27:35.397+0000] {processor.py:157} INFO - Started process (PID=5321) to work on /opt/airflow/dags/reddit_dag.py
[2024-09-08T04:27:35.398+0000] {processor.py:829} INFO - Processing file /opt/airflow/dags/reddit_dag.py for tasks to queue
[2024-09-08T04:27:35.402+0000] {logging_mixin.py:151} INFO - [2024-09-08T04:27:35.402+0000] {dagbag.py:536} INFO - Filling up the DagBag from /opt/airflow/dags/reddit_dag.py
[2024-09-08T04:27:35.716+0000] {processor.py:839} INFO - DAG(s) dict_keys(['elt_reddit_pipeline']) retrieved from /opt/airflow/dags/reddit_dag.py
[2024-09-08T04:27:35.728+0000] {logging_mixin.py:151} INFO - [2024-09-08T04:27:35.728+0000] {dag.py:2941} INFO - Sync 1 DAGs
[2024-09-08T04:27:35.737+0000] {logging_mixin.py:151} INFO - [2024-09-08T04:27:35.737+0000] {dag.py:3722} INFO - Setting next_dagrun for elt_reddit_pipeline to 2024-09-08T00:00:00+00:00, run_after=2024-09-09T00:00:00+00:00
[2024-09-08T04:27:35.746+0000] {processor.py:179} INFO - Processing /opt/airflow/dags/reddit_dag.py took 0.355 seconds
[2024-09-08T04:28:06.067+0000] {processor.py:157} INFO - Started process (PID=5323) to work on /opt/airflow/dags/reddit_dag.py
[2024-09-08T04:28:06.068+0000] {processor.py:829} INFO - Processing file /opt/airflow/dags/reddit_dag.py for tasks to queue
[2024-09-08T04:28:06.072+0000] {logging_mixin.py:151} INFO - [2024-09-08T04:28:06.072+0000] {dagbag.py:536} INFO - Filling up the DagBag from /opt/airflow/dags/reddit_dag.py
[2024-09-08T04:28:06.386+0000] {processor.py:839} INFO - DAG(s) dict_keys(['elt_reddit_pipeline']) retrieved from /opt/airflow/dags/reddit_dag.py
[2024-09-08T04:28:06.397+0000] {logging_mixin.py:151} INFO - [2024-09-08T04:28:06.397+0000] {dag.py:2941} INFO - Sync 1 DAGs
[2024-09-08T04:28:06.407+0000] {logging_mixin.py:151} INFO - [2024-09-08T04:28:06.407+0000] {dag.py:3722} INFO - Setting next_dagrun for elt_reddit_pipeline to 2024-09-08T00:00:00+00:00, run_after=2024-09-09T00:00:00+00:00
[2024-09-08T04:28:06.414+0000] {processor.py:179} INFO - Processing /opt/airflow/dags/reddit_dag.py took 0.353 seconds
[2024-09-08T04:28:36.684+0000] {processor.py:157} INFO - Started process (PID=5325) to work on /opt/airflow/dags/reddit_dag.py
[2024-09-08T04:28:36.686+0000] {processor.py:829} INFO - Processing file /opt/airflow/dags/reddit_dag.py for tasks to queue
[2024-09-08T04:28:36.690+0000] {logging_mixin.py:151} INFO - [2024-09-08T04:28:36.690+0000] {dagbag.py:536} INFO - Filling up the DagBag from /opt/airflow/dags/reddit_dag.py
[2024-09-08T04:28:37.001+0000] {processor.py:839} INFO - DAG(s) dict_keys(['elt_reddit_pipeline']) retrieved from /opt/airflow/dags/reddit_dag.py
[2024-09-08T04:28:37.012+0000] {logging_mixin.py:151} INFO - [2024-09-08T04:28:37.011+0000] {dag.py:2941} INFO - Sync 1 DAGs
[2024-09-08T04:28:37.021+0000] {logging_mixin.py:151} INFO - [2024-09-08T04:28:37.021+0000] {dag.py:3722} INFO - Setting next_dagrun for elt_reddit_pipeline to 2024-09-08T00:00:00+00:00, run_after=2024-09-09T00:00:00+00:00
[2024-09-08T04:28:37.030+0000] {processor.py:179} INFO - Processing /opt/airflow/dags/reddit_dag.py took 0.352 seconds
[2024-09-08T04:29:07.315+0000] {processor.py:157} INFO - Started process (PID=5327) to work on /opt/airflow/dags/reddit_dag.py
[2024-09-08T04:29:07.316+0000] {processor.py:829} INFO - Processing file /opt/airflow/dags/reddit_dag.py for tasks to queue
[2024-09-08T04:29:07.319+0000] {logging_mixin.py:151} INFO - [2024-09-08T04:29:07.319+0000] {dagbag.py:536} INFO - Filling up the DagBag from /opt/airflow/dags/reddit_dag.py
[2024-09-08T04:29:07.631+0000] {processor.py:839} INFO - DAG(s) dict_keys(['elt_reddit_pipeline']) retrieved from /opt/airflow/dags/reddit_dag.py
[2024-09-08T04:29:07.641+0000] {logging_mixin.py:151} INFO - [2024-09-08T04:29:07.641+0000] {dag.py:2941} INFO - Sync 1 DAGs
[2024-09-08T04:29:07.651+0000] {logging_mixin.py:151} INFO - [2024-09-08T04:29:07.651+0000] {dag.py:3722} INFO - Setting next_dagrun for elt_reddit_pipeline to 2024-09-08T00:00:00+00:00, run_after=2024-09-09T00:00:00+00:00
[2024-09-08T04:29:07.659+0000] {processor.py:179} INFO - Processing /opt/airflow/dags/reddit_dag.py took 0.351 seconds
[2024-09-08T04:29:38.006+0000] {processor.py:157} INFO - Started process (PID=5329) to work on /opt/airflow/dags/reddit_dag.py
[2024-09-08T04:29:38.008+0000] {processor.py:829} INFO - Processing file /opt/airflow/dags/reddit_dag.py for tasks to queue
[2024-09-08T04:29:38.011+0000] {logging_mixin.py:151} INFO - [2024-09-08T04:29:38.010+0000] {dagbag.py:536} INFO - Filling up the DagBag from /opt/airflow/dags/reddit_dag.py
[2024-09-08T04:29:38.332+0000] {processor.py:839} INFO - DAG(s) dict_keys(['elt_reddit_pipeline']) retrieved from /opt/airflow/dags/reddit_dag.py
[2024-09-08T04:29:38.343+0000] {logging_mixin.py:151} INFO - [2024-09-08T04:29:38.343+0000] {dag.py:2941} INFO - Sync 1 DAGs
[2024-09-08T04:29:38.354+0000] {logging_mixin.py:151} INFO - [2024-09-08T04:29:38.354+0000] {dag.py:3722} INFO - Setting next_dagrun for elt_reddit_pipeline to 2024-09-08T00:00:00+00:00, run_after=2024-09-09T00:00:00+00:00
[2024-09-08T04:29:38.362+0000] {processor.py:179} INFO - Processing /opt/airflow/dags/reddit_dag.py took 0.361 seconds
[2024-09-08T04:30:08.524+0000] {processor.py:157} INFO - Started process (PID=5331) to work on /opt/airflow/dags/reddit_dag.py
[2024-09-08T04:30:08.526+0000] {processor.py:829} INFO - Processing file /opt/airflow/dags/reddit_dag.py for tasks to queue
[2024-09-08T04:30:08.528+0000] {logging_mixin.py:151} INFO - [2024-09-08T04:30:08.528+0000] {dagbag.py:536} INFO - Filling up the DagBag from /opt/airflow/dags/reddit_dag.py
[2024-09-08T04:30:08.835+0000] {processor.py:839} INFO - DAG(s) dict_keys(['elt_reddit_pipeline']) retrieved from /opt/airflow/dags/reddit_dag.py
[2024-09-08T04:30:08.846+0000] {logging_mixin.py:151} INFO - [2024-09-08T04:30:08.845+0000] {dag.py:2941} INFO - Sync 1 DAGs
[2024-09-08T04:30:08.856+0000] {logging_mixin.py:151} INFO - [2024-09-08T04:30:08.855+0000] {dag.py:3722} INFO - Setting next_dagrun for elt_reddit_pipeline to 2024-09-08T00:00:00+00:00, run_after=2024-09-09T00:00:00+00:00
[2024-09-08T04:30:08.863+0000] {processor.py:179} INFO - Processing /opt/airflow/dags/reddit_dag.py took 0.343 seconds
[2024-09-08T04:30:39.405+0000] {processor.py:157} INFO - Started process (PID=5333) to work on /opt/airflow/dags/reddit_dag.py
[2024-09-08T04:30:39.407+0000] {processor.py:829} INFO - Processing file /opt/airflow/dags/reddit_dag.py for tasks to queue
[2024-09-08T04:30:39.410+0000] {logging_mixin.py:151} INFO - [2024-09-08T04:30:39.409+0000] {dagbag.py:536} INFO - Filling up the DagBag from /opt/airflow/dags/reddit_dag.py
[2024-09-08T04:30:39.728+0000] {processor.py:839} INFO - DAG(s) dict_keys(['elt_reddit_pipeline']) retrieved from /opt/airflow/dags/reddit_dag.py
[2024-09-08T04:30:39.740+0000] {logging_mixin.py:151} INFO - [2024-09-08T04:30:39.740+0000] {dag.py:2941} INFO - Sync 1 DAGs
[2024-09-08T04:30:39.750+0000] {logging_mixin.py:151} INFO - [2024-09-08T04:30:39.750+0000] {dag.py:3722} INFO - Setting next_dagrun for elt_reddit_pipeline to 2024-09-08T00:00:00+00:00, run_after=2024-09-09T00:00:00+00:00
[2024-09-08T04:30:39.758+0000] {processor.py:179} INFO - Processing /opt/airflow/dags/reddit_dag.py took 0.358 seconds
[2024-09-08T04:31:09.938+0000] {processor.py:157} INFO - Started process (PID=5335) to work on /opt/airflow/dags/reddit_dag.py
[2024-09-08T04:31:09.939+0000] {processor.py:829} INFO - Processing file /opt/airflow/dags/reddit_dag.py for tasks to queue
[2024-09-08T04:31:09.943+0000] {logging_mixin.py:151} INFO - [2024-09-08T04:31:09.943+0000] {dagbag.py:536} INFO - Filling up the DagBag from /opt/airflow/dags/reddit_dag.py
[2024-09-08T04:31:10.254+0000] {processor.py:839} INFO - DAG(s) dict_keys(['elt_reddit_pipeline']) retrieved from /opt/airflow/dags/reddit_dag.py
[2024-09-08T04:31:10.265+0000] {logging_mixin.py:151} INFO - [2024-09-08T04:31:10.265+0000] {dag.py:2941} INFO - Sync 1 DAGs
[2024-09-08T04:31:10.274+0000] {logging_mixin.py:151} INFO - [2024-09-08T04:31:10.274+0000] {dag.py:3722} INFO - Setting next_dagrun for elt_reddit_pipeline to 2024-09-08T00:00:00+00:00, run_after=2024-09-09T00:00:00+00:00
[2024-09-08T04:31:10.284+0000] {processor.py:179} INFO - Processing /opt/airflow/dags/reddit_dag.py took 0.351 seconds
[2024-09-08T04:31:40.709+0000] {processor.py:157} INFO - Started process (PID=5337) to work on /opt/airflow/dags/reddit_dag.py
[2024-09-08T04:31:40.710+0000] {processor.py:829} INFO - Processing file /opt/airflow/dags/reddit_dag.py for tasks to queue
[2024-09-08T04:31:40.714+0000] {logging_mixin.py:151} INFO - [2024-09-08T04:31:40.714+0000] {dagbag.py:536} INFO - Filling up the DagBag from /opt/airflow/dags/reddit_dag.py
[2024-09-08T04:31:41.025+0000] {processor.py:839} INFO - DAG(s) dict_keys(['elt_reddit_pipeline']) retrieved from /opt/airflow/dags/reddit_dag.py
[2024-09-08T04:31:41.036+0000] {logging_mixin.py:151} INFO - [2024-09-08T04:31:41.036+0000] {dag.py:2941} INFO - Sync 1 DAGs
[2024-09-08T04:31:41.046+0000] {logging_mixin.py:151} INFO - [2024-09-08T04:31:41.045+0000] {dag.py:3722} INFO - Setting next_dagrun for elt_reddit_pipeline to 2024-09-08T00:00:00+00:00, run_after=2024-09-09T00:00:00+00:00
[2024-09-08T04:31:41.054+0000] {processor.py:179} INFO - Processing /opt/airflow/dags/reddit_dag.py took 0.350 seconds
[2024-09-08T04:32:11.205+0000] {processor.py:157} INFO - Started process (PID=5339) to work on /opt/airflow/dags/reddit_dag.py
[2024-09-08T04:32:11.206+0000] {processor.py:829} INFO - Processing file /opt/airflow/dags/reddit_dag.py for tasks to queue
[2024-09-08T04:32:11.210+0000] {logging_mixin.py:151} INFO - [2024-09-08T04:32:11.210+0000] {dagbag.py:536} INFO - Filling up the DagBag from /opt/airflow/dags/reddit_dag.py
[2024-09-08T04:32:11.538+0000] {processor.py:839} INFO - DAG(s) dict_keys(['elt_reddit_pipeline']) retrieved from /opt/airflow/dags/reddit_dag.py
[2024-09-08T04:32:11.549+0000] {logging_mixin.py:151} INFO - [2024-09-08T04:32:11.549+0000] {dag.py:2941} INFO - Sync 1 DAGs
[2024-09-08T04:32:11.560+0000] {logging_mixin.py:151} INFO - [2024-09-08T04:32:11.559+0000] {dag.py:3722} INFO - Setting next_dagrun for elt_reddit_pipeline to 2024-09-08T00:00:00+00:00, run_after=2024-09-09T00:00:00+00:00
[2024-09-08T04:32:11.567+0000] {processor.py:179} INFO - Processing /opt/airflow/dags/reddit_dag.py took 0.368 seconds
[2024-09-08T04:32:42.095+0000] {processor.py:157} INFO - Started process (PID=5341) to work on /opt/airflow/dags/reddit_dag.py
[2024-09-08T04:32:42.096+0000] {processor.py:829} INFO - Processing file /opt/airflow/dags/reddit_dag.py for tasks to queue
[2024-09-08T04:32:42.100+0000] {logging_mixin.py:151} INFO - [2024-09-08T04:32:42.099+0000] {dagbag.py:536} INFO - Filling up the DagBag from /opt/airflow/dags/reddit_dag.py
[2024-09-08T04:32:42.414+0000] {processor.py:839} INFO - DAG(s) dict_keys(['elt_reddit_pipeline']) retrieved from /opt/airflow/dags/reddit_dag.py
[2024-09-08T04:32:42.426+0000] {logging_mixin.py:151} INFO - [2024-09-08T04:32:42.425+0000] {dag.py:2941} INFO - Sync 1 DAGs
[2024-09-08T04:32:42.436+0000] {logging_mixin.py:151} INFO - [2024-09-08T04:32:42.436+0000] {dag.py:3722} INFO - Setting next_dagrun for elt_reddit_pipeline to 2024-09-08T00:00:00+00:00, run_after=2024-09-09T00:00:00+00:00
[2024-09-08T04:32:42.444+0000] {processor.py:179} INFO - Processing /opt/airflow/dags/reddit_dag.py took 0.356 seconds
[2024-09-08T04:33:12.626+0000] {processor.py:157} INFO - Started process (PID=5343) to work on /opt/airflow/dags/reddit_dag.py
[2024-09-08T04:33:12.628+0000] {processor.py:829} INFO - Processing file /opt/airflow/dags/reddit_dag.py for tasks to queue
[2024-09-08T04:33:12.631+0000] {logging_mixin.py:151} INFO - [2024-09-08T04:33:12.631+0000] {dagbag.py:536} INFO - Filling up the DagBag from /opt/airflow/dags/reddit_dag.py
[2024-09-08T04:33:12.950+0000] {processor.py:839} INFO - DAG(s) dict_keys(['elt_reddit_pipeline']) retrieved from /opt/airflow/dags/reddit_dag.py
[2024-09-08T04:33:12.962+0000] {logging_mixin.py:151} INFO - [2024-09-08T04:33:12.962+0000] {dag.py:2941} INFO - Sync 1 DAGs
[2024-09-08T04:33:12.972+0000] {logging_mixin.py:151} INFO - [2024-09-08T04:33:12.972+0000] {dag.py:3722} INFO - Setting next_dagrun for elt_reddit_pipeline to 2024-09-08T00:00:00+00:00, run_after=2024-09-09T00:00:00+00:00
[2024-09-08T04:33:12.980+0000] {processor.py:179} INFO - Processing /opt/airflow/dags/reddit_dag.py took 0.359 seconds
[2024-09-08T04:33:43.518+0000] {processor.py:157} INFO - Started process (PID=5345) to work on /opt/airflow/dags/reddit_dag.py
[2024-09-08T04:33:43.520+0000] {processor.py:829} INFO - Processing file /opt/airflow/dags/reddit_dag.py for tasks to queue
[2024-09-08T04:33:43.523+0000] {logging_mixin.py:151} INFO - [2024-09-08T04:33:43.523+0000] {dagbag.py:536} INFO - Filling up the DagBag from /opt/airflow/dags/reddit_dag.py
[2024-09-08T04:33:43.839+0000] {processor.py:839} INFO - DAG(s) dict_keys(['elt_reddit_pipeline']) retrieved from /opt/airflow/dags/reddit_dag.py
[2024-09-08T04:33:43.850+0000] {logging_mixin.py:151} INFO - [2024-09-08T04:33:43.850+0000] {dag.py:2941} INFO - Sync 1 DAGs
[2024-09-08T04:33:43.859+0000] {logging_mixin.py:151} INFO - [2024-09-08T04:33:43.859+0000] {dag.py:3722} INFO - Setting next_dagrun for elt_reddit_pipeline to 2024-09-08T00:00:00+00:00, run_after=2024-09-09T00:00:00+00:00
[2024-09-08T04:33:43.867+0000] {processor.py:179} INFO - Processing /opt/airflow/dags/reddit_dag.py took 0.355 seconds
[2024-09-08T04:34:14.013+0000] {processor.py:157} INFO - Started process (PID=5347) to work on /opt/airflow/dags/reddit_dag.py
[2024-09-08T04:34:14.014+0000] {processor.py:829} INFO - Processing file /opt/airflow/dags/reddit_dag.py for tasks to queue
[2024-09-08T04:34:14.017+0000] {logging_mixin.py:151} INFO - [2024-09-08T04:34:14.017+0000] {dagbag.py:536} INFO - Filling up the DagBag from /opt/airflow/dags/reddit_dag.py
[2024-09-08T04:34:14.333+0000] {processor.py:839} INFO - DAG(s) dict_keys(['elt_reddit_pipeline']) retrieved from /opt/airflow/dags/reddit_dag.py
[2024-09-08T04:34:14.343+0000] {logging_mixin.py:151} INFO - [2024-09-08T04:34:14.343+0000] {dag.py:2941} INFO - Sync 1 DAGs
[2024-09-08T04:34:14.353+0000] {logging_mixin.py:151} INFO - [2024-09-08T04:34:14.353+0000] {dag.py:3722} INFO - Setting next_dagrun for elt_reddit_pipeline to 2024-09-08T00:00:00+00:00, run_after=2024-09-09T00:00:00+00:00
[2024-09-08T04:34:14.361+0000] {processor.py:179} INFO - Processing /opt/airflow/dags/reddit_dag.py took 0.354 seconds
[2024-09-08T04:34:44.880+0000] {processor.py:157} INFO - Started process (PID=5349) to work on /opt/airflow/dags/reddit_dag.py
[2024-09-08T04:34:44.881+0000] {processor.py:829} INFO - Processing file /opt/airflow/dags/reddit_dag.py for tasks to queue
[2024-09-08T04:34:44.885+0000] {logging_mixin.py:151} INFO - [2024-09-08T04:34:44.885+0000] {dagbag.py:536} INFO - Filling up the DagBag from /opt/airflow/dags/reddit_dag.py
[2024-09-08T04:34:45.195+0000] {processor.py:839} INFO - DAG(s) dict_keys(['elt_reddit_pipeline']) retrieved from /opt/airflow/dags/reddit_dag.py
[2024-09-08T04:34:45.206+0000] {logging_mixin.py:151} INFO - [2024-09-08T04:34:45.205+0000] {dag.py:2941} INFO - Sync 1 DAGs
[2024-09-08T04:34:45.216+0000] {logging_mixin.py:151} INFO - [2024-09-08T04:34:45.216+0000] {dag.py:3722} INFO - Setting next_dagrun for elt_reddit_pipeline to 2024-09-08T00:00:00+00:00, run_after=2024-09-09T00:00:00+00:00
[2024-09-08T04:34:45.225+0000] {processor.py:179} INFO - Processing /opt/airflow/dags/reddit_dag.py took 0.350 seconds
[2024-09-08T04:35:15.396+0000] {processor.py:157} INFO - Started process (PID=5351) to work on /opt/airflow/dags/reddit_dag.py
[2024-09-08T04:35:15.398+0000] {processor.py:829} INFO - Processing file /opt/airflow/dags/reddit_dag.py for tasks to queue
[2024-09-08T04:35:15.402+0000] {logging_mixin.py:151} INFO - [2024-09-08T04:35:15.402+0000] {dagbag.py:536} INFO - Filling up the DagBag from /opt/airflow/dags/reddit_dag.py
[2024-09-08T04:35:15.724+0000] {processor.py:839} INFO - DAG(s) dict_keys(['elt_reddit_pipeline']) retrieved from /opt/airflow/dags/reddit_dag.py
[2024-09-08T04:35:15.735+0000] {logging_mixin.py:151} INFO - [2024-09-08T04:35:15.734+0000] {dag.py:2941} INFO - Sync 1 DAGs
[2024-09-08T04:35:15.745+0000] {logging_mixin.py:151} INFO - [2024-09-08T04:35:15.745+0000] {dag.py:3722} INFO - Setting next_dagrun for elt_reddit_pipeline to 2024-09-08T00:00:00+00:00, run_after=2024-09-09T00:00:00+00:00
[2024-09-08T04:35:15.753+0000] {processor.py:179} INFO - Processing /opt/airflow/dags/reddit_dag.py took 0.362 seconds
[2024-09-08T04:35:46.246+0000] {processor.py:157} INFO - Started process (PID=5353) to work on /opt/airflow/dags/reddit_dag.py
[2024-09-08T04:35:46.248+0000] {processor.py:829} INFO - Processing file /opt/airflow/dags/reddit_dag.py for tasks to queue
[2024-09-08T04:35:46.250+0000] {logging_mixin.py:151} INFO - [2024-09-08T04:35:46.250+0000] {dagbag.py:536} INFO - Filling up the DagBag from /opt/airflow/dags/reddit_dag.py
[2024-09-08T04:35:46.566+0000] {processor.py:839} INFO - DAG(s) dict_keys(['elt_reddit_pipeline']) retrieved from /opt/airflow/dags/reddit_dag.py
[2024-09-08T04:35:46.578+0000] {logging_mixin.py:151} INFO - [2024-09-08T04:35:46.577+0000] {dag.py:2941} INFO - Sync 1 DAGs
[2024-09-08T04:35:46.588+0000] {logging_mixin.py:151} INFO - [2024-09-08T04:35:46.588+0000] {dag.py:3722} INFO - Setting next_dagrun for elt_reddit_pipeline to 2024-09-08T00:00:00+00:00, run_after=2024-09-09T00:00:00+00:00
[2024-09-08T04:35:46.595+0000] {processor.py:179} INFO - Processing /opt/airflow/dags/reddit_dag.py took 0.354 seconds
[2024-09-08T04:36:17.044+0000] {processor.py:157} INFO - Started process (PID=5355) to work on /opt/airflow/dags/reddit_dag.py
[2024-09-08T04:36:17.046+0000] {processor.py:829} INFO - Processing file /opt/airflow/dags/reddit_dag.py for tasks to queue
[2024-09-08T04:36:17.049+0000] {logging_mixin.py:151} INFO - [2024-09-08T04:36:17.049+0000] {dagbag.py:536} INFO - Filling up the DagBag from /opt/airflow/dags/reddit_dag.py
[2024-09-08T04:36:17.369+0000] {processor.py:839} INFO - DAG(s) dict_keys(['elt_reddit_pipeline']) retrieved from /opt/airflow/dags/reddit_dag.py
[2024-09-08T04:36:17.381+0000] {logging_mixin.py:151} INFO - [2024-09-08T04:36:17.380+0000] {dag.py:2941} INFO - Sync 1 DAGs
[2024-09-08T04:36:17.390+0000] {logging_mixin.py:151} INFO - [2024-09-08T04:36:17.390+0000] {dag.py:3722} INFO - Setting next_dagrun for elt_reddit_pipeline to 2024-09-08T00:00:00+00:00, run_after=2024-09-09T00:00:00+00:00
[2024-09-08T04:36:17.398+0000] {processor.py:179} INFO - Processing /opt/airflow/dags/reddit_dag.py took 0.360 seconds
[2024-09-08T04:36:47.576+0000] {processor.py:157} INFO - Started process (PID=5357) to work on /opt/airflow/dags/reddit_dag.py
[2024-09-08T04:36:47.578+0000] {processor.py:829} INFO - Processing file /opt/airflow/dags/reddit_dag.py for tasks to queue
[2024-09-08T04:36:47.581+0000] {logging_mixin.py:151} INFO - [2024-09-08T04:36:47.580+0000] {dagbag.py:536} INFO - Filling up the DagBag from /opt/airflow/dags/reddit_dag.py
[2024-09-08T04:36:47.898+0000] {processor.py:839} INFO - DAG(s) dict_keys(['elt_reddit_pipeline']) retrieved from /opt/airflow/dags/reddit_dag.py
[2024-09-08T04:36:47.909+0000] {logging_mixin.py:151} INFO - [2024-09-08T04:36:47.909+0000] {dag.py:2941} INFO - Sync 1 DAGs
[2024-09-08T04:36:47.919+0000] {logging_mixin.py:151} INFO - [2024-09-08T04:36:47.918+0000] {dag.py:3722} INFO - Setting next_dagrun for elt_reddit_pipeline to 2024-09-08T00:00:00+00:00, run_after=2024-09-09T00:00:00+00:00
[2024-09-08T04:36:47.926+0000] {processor.py:179} INFO - Processing /opt/airflow/dags/reddit_dag.py took 0.356 seconds
[2024-09-08T04:37:18.363+0000] {processor.py:157} INFO - Started process (PID=5359) to work on /opt/airflow/dags/reddit_dag.py
[2024-09-08T04:37:18.365+0000] {processor.py:829} INFO - Processing file /opt/airflow/dags/reddit_dag.py for tasks to queue
[2024-09-08T04:37:18.368+0000] {logging_mixin.py:151} INFO - [2024-09-08T04:37:18.368+0000] {dagbag.py:536} INFO - Filling up the DagBag from /opt/airflow/dags/reddit_dag.py
[2024-09-08T04:37:18.684+0000] {processor.py:839} INFO - DAG(s) dict_keys(['elt_reddit_pipeline']) retrieved from /opt/airflow/dags/reddit_dag.py
[2024-09-08T04:37:18.695+0000] {logging_mixin.py:151} INFO - [2024-09-08T04:37:18.695+0000] {dag.py:2941} INFO - Sync 1 DAGs
[2024-09-08T04:37:18.705+0000] {logging_mixin.py:151} INFO - [2024-09-08T04:37:18.705+0000] {dag.py:3722} INFO - Setting next_dagrun for elt_reddit_pipeline to 2024-09-08T00:00:00+00:00, run_after=2024-09-09T00:00:00+00:00
[2024-09-08T04:37:18.713+0000] {processor.py:179} INFO - Processing /opt/airflow/dags/reddit_dag.py took 0.356 seconds
[2024-09-08T04:37:48.930+0000] {processor.py:157} INFO - Started process (PID=5361) to work on /opt/airflow/dags/reddit_dag.py
[2024-09-08T04:37:48.932+0000] {processor.py:829} INFO - Processing file /opt/airflow/dags/reddit_dag.py for tasks to queue
[2024-09-08T04:37:48.935+0000] {logging_mixin.py:151} INFO - [2024-09-08T04:37:48.935+0000] {dagbag.py:536} INFO - Filling up the DagBag from /opt/airflow/dags/reddit_dag.py
[2024-09-08T04:37:49.255+0000] {processor.py:839} INFO - DAG(s) dict_keys(['elt_reddit_pipeline']) retrieved from /opt/airflow/dags/reddit_dag.py
[2024-09-08T04:37:49.363+0000] {logging_mixin.py:151} INFO - [2024-09-08T04:37:49.361+0000] {dag.py:2941} INFO - Sync 1 DAGs
[2024-09-08T04:37:49.551+0000] {logging_mixin.py:151} INFO - [2024-09-08T04:37:49.551+0000] {dag.py:3722} INFO - Setting next_dagrun for elt_reddit_pipeline to 2024-09-08T00:00:00+00:00, run_after=2024-09-09T00:00:00+00:00
[2024-09-08T04:37:49.566+0000] {processor.py:179} INFO - Processing /opt/airflow/dags/reddit_dag.py took 0.641 seconds
[2024-09-08T04:38:19.655+0000] {processor.py:157} INFO - Started process (PID=5363) to work on /opt/airflow/dags/reddit_dag.py
[2024-09-08T04:38:19.656+0000] {processor.py:829} INFO - Processing file /opt/airflow/dags/reddit_dag.py for tasks to queue
[2024-09-08T04:38:19.660+0000] {logging_mixin.py:151} INFO - [2024-09-08T04:38:19.660+0000] {dagbag.py:536} INFO - Filling up the DagBag from /opt/airflow/dags/reddit_dag.py
[2024-09-08T04:38:19.980+0000] {processor.py:839} INFO - DAG(s) dict_keys(['elt_reddit_pipeline']) retrieved from /opt/airflow/dags/reddit_dag.py
[2024-09-08T04:38:19.991+0000] {logging_mixin.py:151} INFO - [2024-09-08T04:38:19.991+0000] {dag.py:2941} INFO - Sync 1 DAGs
[2024-09-08T04:38:20.001+0000] {logging_mixin.py:151} INFO - [2024-09-08T04:38:20.001+0000] {dag.py:3722} INFO - Setting next_dagrun for elt_reddit_pipeline to 2024-09-08T00:00:00+00:00, run_after=2024-09-09T00:00:00+00:00
[2024-09-08T04:38:20.009+0000] {processor.py:179} INFO - Processing /opt/airflow/dags/reddit_dag.py took 0.360 seconds
[2024-09-08T04:38:50.129+0000] {processor.py:157} INFO - Started process (PID=5365) to work on /opt/airflow/dags/reddit_dag.py
[2024-09-08T04:38:50.130+0000] {processor.py:829} INFO - Processing file /opt/airflow/dags/reddit_dag.py for tasks to queue
[2024-09-08T04:38:50.135+0000] {logging_mixin.py:151} INFO - [2024-09-08T04:38:50.134+0000] {dagbag.py:536} INFO - Filling up the DagBag from /opt/airflow/dags/reddit_dag.py
[2024-09-08T04:38:50.447+0000] {processor.py:839} INFO - DAG(s) dict_keys(['elt_reddit_pipeline']) retrieved from /opt/airflow/dags/reddit_dag.py
[2024-09-08T04:38:50.459+0000] {logging_mixin.py:151} INFO - [2024-09-08T04:38:50.458+0000] {dag.py:2941} INFO - Sync 1 DAGs
[2024-09-08T04:38:50.468+0000] {logging_mixin.py:151} INFO - [2024-09-08T04:38:50.468+0000] {dag.py:3722} INFO - Setting next_dagrun for elt_reddit_pipeline to 2024-09-08T00:00:00+00:00, run_after=2024-09-09T00:00:00+00:00
[2024-09-08T04:38:50.476+0000] {processor.py:179} INFO - Processing /opt/airflow/dags/reddit_dag.py took 0.353 seconds
[2024-09-08T04:39:20.644+0000] {processor.py:157} INFO - Started process (PID=5367) to work on /opt/airflow/dags/reddit_dag.py
[2024-09-08T04:39:20.646+0000] {processor.py:829} INFO - Processing file /opt/airflow/dags/reddit_dag.py for tasks to queue
[2024-09-08T04:39:20.649+0000] {logging_mixin.py:151} INFO - [2024-09-08T04:39:20.649+0000] {dagbag.py:536} INFO - Filling up the DagBag from /opt/airflow/dags/reddit_dag.py
[2024-09-08T04:39:20.964+0000] {processor.py:839} INFO - DAG(s) dict_keys(['elt_reddit_pipeline']) retrieved from /opt/airflow/dags/reddit_dag.py
[2024-09-08T04:39:20.976+0000] {logging_mixin.py:151} INFO - [2024-09-08T04:39:20.975+0000] {dag.py:2941} INFO - Sync 1 DAGs
[2024-09-08T04:39:20.985+0000] {logging_mixin.py:151} INFO - [2024-09-08T04:39:20.985+0000] {dag.py:3722} INFO - Setting next_dagrun for elt_reddit_pipeline to 2024-09-08T00:00:00+00:00, run_after=2024-09-09T00:00:00+00:00
[2024-09-08T04:39:20.993+0000] {processor.py:179} INFO - Processing /opt/airflow/dags/reddit_dag.py took 0.355 seconds
[2024-09-08T04:39:51.585+0000] {processor.py:157} INFO - Started process (PID=5369) to work on /opt/airflow/dags/reddit_dag.py
[2024-09-08T04:39:51.587+0000] {processor.py:829} INFO - Processing file /opt/airflow/dags/reddit_dag.py for tasks to queue
[2024-09-08T04:39:51.590+0000] {logging_mixin.py:151} INFO - [2024-09-08T04:39:51.589+0000] {dagbag.py:536} INFO - Filling up the DagBag from /opt/airflow/dags/reddit_dag.py
[2024-09-08T04:39:51.904+0000] {processor.py:839} INFO - DAG(s) dict_keys(['elt_reddit_pipeline']) retrieved from /opt/airflow/dags/reddit_dag.py
[2024-09-08T04:39:51.915+0000] {logging_mixin.py:151} INFO - [2024-09-08T04:39:51.915+0000] {dag.py:2941} INFO - Sync 1 DAGs
[2024-09-08T04:39:51.925+0000] {logging_mixin.py:151} INFO - [2024-09-08T04:39:51.925+0000] {dag.py:3722} INFO - Setting next_dagrun for elt_reddit_pipeline to 2024-09-08T00:00:00+00:00, run_after=2024-09-09T00:00:00+00:00
[2024-09-08T04:39:51.933+0000] {processor.py:179} INFO - Processing /opt/airflow/dags/reddit_dag.py took 0.353 seconds
[2024-09-08T04:40:22.062+0000] {processor.py:157} INFO - Started process (PID=5371) to work on /opt/airflow/dags/reddit_dag.py
[2024-09-08T04:40:22.063+0000] {processor.py:829} INFO - Processing file /opt/airflow/dags/reddit_dag.py for tasks to queue
[2024-09-08T04:40:22.066+0000] {logging_mixin.py:151} INFO - [2024-09-08T04:40:22.066+0000] {dagbag.py:536} INFO - Filling up the DagBag from /opt/airflow/dags/reddit_dag.py
[2024-09-08T04:40:22.391+0000] {processor.py:839} INFO - DAG(s) dict_keys(['elt_reddit_pipeline']) retrieved from /opt/airflow/dags/reddit_dag.py
[2024-09-08T04:40:22.402+0000] {logging_mixin.py:151} INFO - [2024-09-08T04:40:22.402+0000] {dag.py:2941} INFO - Sync 1 DAGs
[2024-09-08T04:40:22.412+0000] {logging_mixin.py:151} INFO - [2024-09-08T04:40:22.412+0000] {dag.py:3722} INFO - Setting next_dagrun for elt_reddit_pipeline to 2024-09-08T00:00:00+00:00, run_after=2024-09-09T00:00:00+00:00
[2024-09-08T04:40:22.420+0000] {processor.py:179} INFO - Processing /opt/airflow/dags/reddit_dag.py took 0.364 seconds
[2024-09-08T04:40:52.939+0000] {processor.py:157} INFO - Started process (PID=5373) to work on /opt/airflow/dags/reddit_dag.py
[2024-09-08T04:40:52.940+0000] {processor.py:829} INFO - Processing file /opt/airflow/dags/reddit_dag.py for tasks to queue
[2024-09-08T04:40:52.943+0000] {logging_mixin.py:151} INFO - [2024-09-08T04:40:52.943+0000] {dagbag.py:536} INFO - Filling up the DagBag from /opt/airflow/dags/reddit_dag.py
[2024-09-08T04:40:53.257+0000] {processor.py:839} INFO - DAG(s) dict_keys(['elt_reddit_pipeline']) retrieved from /opt/airflow/dags/reddit_dag.py
[2024-09-08T04:40:53.268+0000] {logging_mixin.py:151} INFO - [2024-09-08T04:40:53.268+0000] {dag.py:2941} INFO - Sync 1 DAGs
[2024-09-08T04:40:53.278+0000] {logging_mixin.py:151} INFO - [2024-09-08T04:40:53.278+0000] {dag.py:3722} INFO - Setting next_dagrun for elt_reddit_pipeline to 2024-09-08T00:00:00+00:00, run_after=2024-09-09T00:00:00+00:00
[2024-09-08T04:40:53.286+0000] {processor.py:179} INFO - Processing /opt/airflow/dags/reddit_dag.py took 0.353 seconds
[2024-09-08T04:41:23.472+0000] {processor.py:157} INFO - Started process (PID=5375) to work on /opt/airflow/dags/reddit_dag.py
[2024-09-08T04:41:23.473+0000] {processor.py:829} INFO - Processing file /opt/airflow/dags/reddit_dag.py for tasks to queue
[2024-09-08T04:41:23.477+0000] {logging_mixin.py:151} INFO - [2024-09-08T04:41:23.477+0000] {dagbag.py:536} INFO - Filling up the DagBag from /opt/airflow/dags/reddit_dag.py
[2024-09-08T04:41:23.793+0000] {processor.py:839} INFO - DAG(s) dict_keys(['elt_reddit_pipeline']) retrieved from /opt/airflow/dags/reddit_dag.py
[2024-09-08T04:41:23.804+0000] {logging_mixin.py:151} INFO - [2024-09-08T04:41:23.804+0000] {dag.py:2941} INFO - Sync 1 DAGs
[2024-09-08T04:41:23.814+0000] {logging_mixin.py:151} INFO - [2024-09-08T04:41:23.814+0000] {dag.py:3722} INFO - Setting next_dagrun for elt_reddit_pipeline to 2024-09-08T00:00:00+00:00, run_after=2024-09-09T00:00:00+00:00
[2024-09-08T04:41:23.822+0000] {processor.py:179} INFO - Processing /opt/airflow/dags/reddit_dag.py took 0.357 seconds
[2024-09-08T04:41:54.244+0000] {processor.py:157} INFO - Started process (PID=5377) to work on /opt/airflow/dags/reddit_dag.py
[2024-09-08T04:41:54.246+0000] {processor.py:829} INFO - Processing file /opt/airflow/dags/reddit_dag.py for tasks to queue
[2024-09-08T04:41:54.250+0000] {logging_mixin.py:151} INFO - [2024-09-08T04:41:54.249+0000] {dagbag.py:536} INFO - Filling up the DagBag from /opt/airflow/dags/reddit_dag.py
[2024-09-08T04:41:54.567+0000] {processor.py:839} INFO - DAG(s) dict_keys(['elt_reddit_pipeline']) retrieved from /opt/airflow/dags/reddit_dag.py
[2024-09-08T04:41:54.579+0000] {logging_mixin.py:151} INFO - [2024-09-08T04:41:54.578+0000] {dag.py:2941} INFO - Sync 1 DAGs
[2024-09-08T04:41:54.588+0000] {logging_mixin.py:151} INFO - [2024-09-08T04:41:54.588+0000] {dag.py:3722} INFO - Setting next_dagrun for elt_reddit_pipeline to 2024-09-08T00:00:00+00:00, run_after=2024-09-09T00:00:00+00:00
[2024-09-08T04:41:54.596+0000] {processor.py:179} INFO - Processing /opt/airflow/dags/reddit_dag.py took 0.354 seconds
[2024-09-08T04:42:24.790+0000] {processor.py:157} INFO - Started process (PID=5379) to work on /opt/airflow/dags/reddit_dag.py
[2024-09-08T04:42:24.791+0000] {processor.py:829} INFO - Processing file /opt/airflow/dags/reddit_dag.py for tasks to queue
[2024-09-08T04:42:24.795+0000] {logging_mixin.py:151} INFO - [2024-09-08T04:42:24.795+0000] {dagbag.py:536} INFO - Filling up the DagBag from /opt/airflow/dags/reddit_dag.py
[2024-09-08T04:42:25.114+0000] {processor.py:839} INFO - DAG(s) dict_keys(['elt_reddit_pipeline']) retrieved from /opt/airflow/dags/reddit_dag.py
[2024-09-08T04:42:25.126+0000] {logging_mixin.py:151} INFO - [2024-09-08T04:42:25.125+0000] {dag.py:2941} INFO - Sync 1 DAGs
[2024-09-08T04:42:25.135+0000] {logging_mixin.py:151} INFO - [2024-09-08T04:42:25.135+0000] {dag.py:3722} INFO - Setting next_dagrun for elt_reddit_pipeline to 2024-09-08T00:00:00+00:00, run_after=2024-09-09T00:00:00+00:00
[2024-09-08T04:42:25.143+0000] {processor.py:179} INFO - Processing /opt/airflow/dags/reddit_dag.py took 0.359 seconds
[2024-09-08T04:42:55.693+0000] {processor.py:157} INFO - Started process (PID=5381) to work on /opt/airflow/dags/reddit_dag.py
[2024-09-08T04:42:55.695+0000] {processor.py:829} INFO - Processing file /opt/airflow/dags/reddit_dag.py for tasks to queue
[2024-09-08T04:42:55.699+0000] {logging_mixin.py:151} INFO - [2024-09-08T04:42:55.698+0000] {dagbag.py:536} INFO - Filling up the DagBag from /opt/airflow/dags/reddit_dag.py
[2024-09-08T04:42:56.010+0000] {processor.py:839} INFO - DAG(s) dict_keys(['elt_reddit_pipeline']) retrieved from /opt/airflow/dags/reddit_dag.py
[2024-09-08T04:42:56.021+0000] {logging_mixin.py:151} INFO - [2024-09-08T04:42:56.020+0000] {dag.py:2941} INFO - Sync 1 DAGs
[2024-09-08T04:42:56.030+0000] {logging_mixin.py:151} INFO - [2024-09-08T04:42:56.030+0000] {dag.py:3722} INFO - Setting next_dagrun for elt_reddit_pipeline to 2024-09-08T00:00:00+00:00, run_after=2024-09-09T00:00:00+00:00
[2024-09-08T04:42:56.039+0000] {processor.py:179} INFO - Processing /opt/airflow/dags/reddit_dag.py took 0.351 seconds
[2024-09-08T04:43:26.243+0000] {processor.py:157} INFO - Started process (PID=5383) to work on /opt/airflow/dags/reddit_dag.py
[2024-09-08T04:43:26.245+0000] {processor.py:829} INFO - Processing file /opt/airflow/dags/reddit_dag.py for tasks to queue
[2024-09-08T04:43:26.248+0000] {logging_mixin.py:151} INFO - [2024-09-08T04:43:26.247+0000] {dagbag.py:536} INFO - Filling up the DagBag from /opt/airflow/dags/reddit_dag.py
[2024-09-08T04:43:26.568+0000] {processor.py:839} INFO - DAG(s) dict_keys(['elt_reddit_pipeline']) retrieved from /opt/airflow/dags/reddit_dag.py
[2024-09-08T04:43:26.579+0000] {logging_mixin.py:151} INFO - [2024-09-08T04:43:26.578+0000] {dag.py:2941} INFO - Sync 1 DAGs
[2024-09-08T04:43:26.589+0000] {logging_mixin.py:151} INFO - [2024-09-08T04:43:26.589+0000] {dag.py:3722} INFO - Setting next_dagrun for elt_reddit_pipeline to 2024-09-08T00:00:00+00:00, run_after=2024-09-09T00:00:00+00:00
[2024-09-08T04:43:26.597+0000] {processor.py:179} INFO - Processing /opt/airflow/dags/reddit_dag.py took 0.360 seconds
[2024-09-08T04:43:56.913+0000] {processor.py:157} INFO - Started process (PID=5385) to work on /opt/airflow/dags/reddit_dag.py
[2024-09-08T04:43:56.915+0000] {processor.py:829} INFO - Processing file /opt/airflow/dags/reddit_dag.py for tasks to queue
[2024-09-08T04:43:56.918+0000] {logging_mixin.py:151} INFO - [2024-09-08T04:43:56.917+0000] {dagbag.py:536} INFO - Filling up the DagBag from /opt/airflow/dags/reddit_dag.py
[2024-09-08T04:43:57.230+0000] {processor.py:839} INFO - DAG(s) dict_keys(['elt_reddit_pipeline']) retrieved from /opt/airflow/dags/reddit_dag.py
[2024-09-08T04:43:57.240+0000] {logging_mixin.py:151} INFO - [2024-09-08T04:43:57.240+0000] {dag.py:2941} INFO - Sync 1 DAGs
[2024-09-08T04:43:57.251+0000] {logging_mixin.py:151} INFO - [2024-09-08T04:43:57.250+0000] {dag.py:3722} INFO - Setting next_dagrun for elt_reddit_pipeline to 2024-09-08T00:00:00+00:00, run_after=2024-09-09T00:00:00+00:00
[2024-09-08T04:43:57.258+0000] {processor.py:179} INFO - Processing /opt/airflow/dags/reddit_dag.py took 0.351 seconds
[2024-09-08T04:44:27.614+0000] {processor.py:157} INFO - Started process (PID=5387) to work on /opt/airflow/dags/reddit_dag.py
[2024-09-08T04:44:27.616+0000] {processor.py:829} INFO - Processing file /opt/airflow/dags/reddit_dag.py for tasks to queue
[2024-09-08T04:44:27.620+0000] {logging_mixin.py:151} INFO - [2024-09-08T04:44:27.619+0000] {dagbag.py:536} INFO - Filling up the DagBag from /opt/airflow/dags/reddit_dag.py
[2024-09-08T04:44:27.954+0000] {processor.py:839} INFO - DAG(s) dict_keys(['elt_reddit_pipeline']) retrieved from /opt/airflow/dags/reddit_dag.py
[2024-09-08T04:44:27.966+0000] {logging_mixin.py:151} INFO - [2024-09-08T04:44:27.965+0000] {dag.py:2941} INFO - Sync 1 DAGs
[2024-09-08T04:44:27.976+0000] {logging_mixin.py:151} INFO - [2024-09-08T04:44:27.976+0000] {dag.py:3722} INFO - Setting next_dagrun for elt_reddit_pipeline to 2024-09-08T00:00:00+00:00, run_after=2024-09-09T00:00:00+00:00
[2024-09-08T04:44:27.984+0000] {processor.py:179} INFO - Processing /opt/airflow/dags/reddit_dag.py took 0.375 seconds
[2024-09-08T04:44:58.194+0000] {processor.py:157} INFO - Started process (PID=5389) to work on /opt/airflow/dags/reddit_dag.py
[2024-09-08T04:44:58.195+0000] {processor.py:829} INFO - Processing file /opt/airflow/dags/reddit_dag.py for tasks to queue
[2024-09-08T04:44:58.199+0000] {logging_mixin.py:151} INFO - [2024-09-08T04:44:58.199+0000] {dagbag.py:536} INFO - Filling up the DagBag from /opt/airflow/dags/reddit_dag.py
[2024-09-08T04:44:58.518+0000] {processor.py:839} INFO - DAG(s) dict_keys(['elt_reddit_pipeline']) retrieved from /opt/airflow/dags/reddit_dag.py
[2024-09-08T04:44:58.530+0000] {logging_mixin.py:151} INFO - [2024-09-08T04:44:58.529+0000] {dag.py:2941} INFO - Sync 1 DAGs
[2024-09-08T04:44:58.539+0000] {logging_mixin.py:151} INFO - [2024-09-08T04:44:58.539+0000] {dag.py:3722} INFO - Setting next_dagrun for elt_reddit_pipeline to 2024-09-08T00:00:00+00:00, run_after=2024-09-09T00:00:00+00:00
[2024-09-08T04:44:58.547+0000] {processor.py:179} INFO - Processing /opt/airflow/dags/reddit_dag.py took 0.360 seconds
[2024-09-08T04:45:28.746+0000] {processor.py:157} INFO - Started process (PID=5391) to work on /opt/airflow/dags/reddit_dag.py
[2024-09-08T04:45:28.748+0000] {processor.py:829} INFO - Processing file /opt/airflow/dags/reddit_dag.py for tasks to queue
[2024-09-08T04:45:28.752+0000] {logging_mixin.py:151} INFO - [2024-09-08T04:45:28.751+0000] {dagbag.py:536} INFO - Filling up the DagBag from /opt/airflow/dags/reddit_dag.py
[2024-09-08T04:45:29.068+0000] {processor.py:839} INFO - DAG(s) dict_keys(['elt_reddit_pipeline']) retrieved from /opt/airflow/dags/reddit_dag.py
[2024-09-08T04:45:29.079+0000] {logging_mixin.py:151} INFO - [2024-09-08T04:45:29.079+0000] {dag.py:2941} INFO - Sync 1 DAGs
[2024-09-08T04:45:29.089+0000] {logging_mixin.py:151} INFO - [2024-09-08T04:45:29.088+0000] {dag.py:3722} INFO - Setting next_dagrun for elt_reddit_pipeline to 2024-09-08T00:00:00+00:00, run_after=2024-09-09T00:00:00+00:00
[2024-09-08T04:45:29.097+0000] {processor.py:179} INFO - Processing /opt/airflow/dags/reddit_dag.py took 0.355 seconds
[2024-09-08T04:45:59.588+0000] {processor.py:157} INFO - Started process (PID=5393) to work on /opt/airflow/dags/reddit_dag.py
[2024-09-08T04:45:59.589+0000] {processor.py:829} INFO - Processing file /opt/airflow/dags/reddit_dag.py for tasks to queue
[2024-09-08T04:45:59.593+0000] {logging_mixin.py:151} INFO - [2024-09-08T04:45:59.593+0000] {dagbag.py:536} INFO - Filling up the DagBag from /opt/airflow/dags/reddit_dag.py
[2024-09-08T04:45:59.911+0000] {processor.py:839} INFO - DAG(s) dict_keys(['elt_reddit_pipeline']) retrieved from /opt/airflow/dags/reddit_dag.py
[2024-09-08T04:45:59.922+0000] {logging_mixin.py:151} INFO - [2024-09-08T04:45:59.922+0000] {dag.py:2941} INFO - Sync 1 DAGs
[2024-09-08T04:45:59.932+0000] {logging_mixin.py:151} INFO - [2024-09-08T04:45:59.932+0000] {dag.py:3722} INFO - Setting next_dagrun for elt_reddit_pipeline to 2024-09-08T00:00:00+00:00, run_after=2024-09-09T00:00:00+00:00
[2024-09-08T04:45:59.940+0000] {processor.py:179} INFO - Processing /opt/airflow/dags/reddit_dag.py took 0.358 seconds
[2024-09-08T04:46:30.214+0000] {processor.py:157} INFO - Started process (PID=5395) to work on /opt/airflow/dags/reddit_dag.py
[2024-09-08T04:46:30.215+0000] {processor.py:829} INFO - Processing file /opt/airflow/dags/reddit_dag.py for tasks to queue
[2024-09-08T04:46:30.218+0000] {logging_mixin.py:151} INFO - [2024-09-08T04:46:30.218+0000] {dagbag.py:536} INFO - Filling up the DagBag from /opt/airflow/dags/reddit_dag.py
[2024-09-08T04:46:30.530+0000] {processor.py:839} INFO - DAG(s) dict_keys(['elt_reddit_pipeline']) retrieved from /opt/airflow/dags/reddit_dag.py
[2024-09-08T04:46:30.541+0000] {logging_mixin.py:151} INFO - [2024-09-08T04:46:30.541+0000] {dag.py:2941} INFO - Sync 1 DAGs
[2024-09-08T04:46:30.551+0000] {logging_mixin.py:151} INFO - [2024-09-08T04:46:30.551+0000] {dag.py:3722} INFO - Setting next_dagrun for elt_reddit_pipeline to 2024-09-08T00:00:00+00:00, run_after=2024-09-09T00:00:00+00:00
[2024-09-08T04:46:30.559+0000] {processor.py:179} INFO - Processing /opt/airflow/dags/reddit_dag.py took 0.351 seconds
[2024-09-08T04:47:00.860+0000] {processor.py:157} INFO - Started process (PID=5397) to work on /opt/airflow/dags/reddit_dag.py
[2024-09-08T04:47:00.862+0000] {processor.py:829} INFO - Processing file /opt/airflow/dags/reddit_dag.py for tasks to queue
[2024-09-08T04:47:00.865+0000] {logging_mixin.py:151} INFO - [2024-09-08T04:47:00.864+0000] {dagbag.py:536} INFO - Filling up the DagBag from /opt/airflow/dags/reddit_dag.py
[2024-09-08T04:47:01.181+0000] {processor.py:839} INFO - DAG(s) dict_keys(['elt_reddit_pipeline']) retrieved from /opt/airflow/dags/reddit_dag.py
[2024-09-08T04:47:01.192+0000] {logging_mixin.py:151} INFO - [2024-09-08T04:47:01.192+0000] {dag.py:2941} INFO - Sync 1 DAGs
[2024-09-08T04:47:01.202+0000] {logging_mixin.py:151} INFO - [2024-09-08T04:47:01.202+0000] {dag.py:3722} INFO - Setting next_dagrun for elt_reddit_pipeline to 2024-09-08T00:00:00+00:00, run_after=2024-09-09T00:00:00+00:00
[2024-09-08T04:47:01.210+0000] {processor.py:179} INFO - Processing /opt/airflow/dags/reddit_dag.py took 0.356 seconds
[2024-09-08T04:47:31.568+0000] {processor.py:157} INFO - Started process (PID=5399) to work on /opt/airflow/dags/reddit_dag.py
[2024-09-08T04:47:31.569+0000] {processor.py:829} INFO - Processing file /opt/airflow/dags/reddit_dag.py for tasks to queue
[2024-09-08T04:47:31.572+0000] {logging_mixin.py:151} INFO - [2024-09-08T04:47:31.572+0000] {dagbag.py:536} INFO - Filling up the DagBag from /opt/airflow/dags/reddit_dag.py
[2024-09-08T04:47:31.888+0000] {processor.py:839} INFO - DAG(s) dict_keys(['elt_reddit_pipeline']) retrieved from /opt/airflow/dags/reddit_dag.py
[2024-09-08T04:47:31.900+0000] {logging_mixin.py:151} INFO - [2024-09-08T04:47:31.900+0000] {dag.py:2941} INFO - Sync 1 DAGs
[2024-09-08T04:47:31.910+0000] {logging_mixin.py:151} INFO - [2024-09-08T04:47:31.910+0000] {dag.py:3722} INFO - Setting next_dagrun for elt_reddit_pipeline to 2024-09-08T00:00:00+00:00, run_after=2024-09-09T00:00:00+00:00
[2024-09-08T04:47:31.918+0000] {processor.py:179} INFO - Processing /opt/airflow/dags/reddit_dag.py took 0.356 seconds
[2024-09-08T04:48:02.115+0000] {processor.py:157} INFO - Started process (PID=5401) to work on /opt/airflow/dags/reddit_dag.py
[2024-09-08T04:48:02.117+0000] {processor.py:829} INFO - Processing file /opt/airflow/dags/reddit_dag.py for tasks to queue
[2024-09-08T04:48:02.120+0000] {logging_mixin.py:151} INFO - [2024-09-08T04:48:02.120+0000] {dagbag.py:536} INFO - Filling up the DagBag from /opt/airflow/dags/reddit_dag.py
[2024-09-08T04:48:02.438+0000] {processor.py:839} INFO - DAG(s) dict_keys(['elt_reddit_pipeline']) retrieved from /opt/airflow/dags/reddit_dag.py
[2024-09-08T04:48:02.449+0000] {logging_mixin.py:151} INFO - [2024-09-08T04:48:02.449+0000] {dag.py:2941} INFO - Sync 1 DAGs
[2024-09-08T04:48:02.458+0000] {logging_mixin.py:151} INFO - [2024-09-08T04:48:02.458+0000] {dag.py:3722} INFO - Setting next_dagrun for elt_reddit_pipeline to 2024-09-08T00:00:00+00:00, run_after=2024-09-09T00:00:00+00:00
[2024-09-08T04:48:02.466+0000] {processor.py:179} INFO - Processing /opt/airflow/dags/reddit_dag.py took 0.357 seconds
[2024-09-08T04:48:32.943+0000] {processor.py:157} INFO - Started process (PID=5403) to work on /opt/airflow/dags/reddit_dag.py
[2024-09-08T04:48:32.944+0000] {processor.py:829} INFO - Processing file /opt/airflow/dags/reddit_dag.py for tasks to queue
[2024-09-08T04:48:32.947+0000] {logging_mixin.py:151} INFO - [2024-09-08T04:48:32.947+0000] {dagbag.py:536} INFO - Filling up the DagBag from /opt/airflow/dags/reddit_dag.py
[2024-09-08T04:48:33.260+0000] {processor.py:839} INFO - DAG(s) dict_keys(['elt_reddit_pipeline']) retrieved from /opt/airflow/dags/reddit_dag.py
[2024-09-08T04:48:33.270+0000] {logging_mixin.py:151} INFO - [2024-09-08T04:48:33.270+0000] {dag.py:2941} INFO - Sync 1 DAGs
[2024-09-08T04:48:33.280+0000] {logging_mixin.py:151} INFO - [2024-09-08T04:48:33.279+0000] {dag.py:3722} INFO - Setting next_dagrun for elt_reddit_pipeline to 2024-09-08T00:00:00+00:00, run_after=2024-09-09T00:00:00+00:00
[2024-09-08T04:48:33.287+0000] {processor.py:179} INFO - Processing /opt/airflow/dags/reddit_dag.py took 0.350 seconds
[2024-09-08T04:49:03.481+0000] {processor.py:157} INFO - Started process (PID=5405) to work on /opt/airflow/dags/reddit_dag.py
[2024-09-08T04:49:03.483+0000] {processor.py:829} INFO - Processing file /opt/airflow/dags/reddit_dag.py for tasks to queue
[2024-09-08T04:49:03.487+0000] {logging_mixin.py:151} INFO - [2024-09-08T04:49:03.487+0000] {dagbag.py:536} INFO - Filling up the DagBag from /opt/airflow/dags/reddit_dag.py
[2024-09-08T04:49:03.809+0000] {processor.py:839} INFO - DAG(s) dict_keys(['elt_reddit_pipeline']) retrieved from /opt/airflow/dags/reddit_dag.py
[2024-09-08T04:49:03.820+0000] {logging_mixin.py:151} INFO - [2024-09-08T04:49:03.820+0000] {dag.py:2941} INFO - Sync 1 DAGs
[2024-09-08T04:49:03.830+0000] {logging_mixin.py:151} INFO - [2024-09-08T04:49:03.830+0000] {dag.py:3722} INFO - Setting next_dagrun for elt_reddit_pipeline to 2024-09-08T00:00:00+00:00, run_after=2024-09-09T00:00:00+00:00
[2024-09-08T04:49:03.838+0000] {processor.py:179} INFO - Processing /opt/airflow/dags/reddit_dag.py took 0.363 seconds
[2024-09-08T04:49:34.352+0000] {processor.py:157} INFO - Started process (PID=5407) to work on /opt/airflow/dags/reddit_dag.py
[2024-09-08T04:49:34.353+0000] {processor.py:829} INFO - Processing file /opt/airflow/dags/reddit_dag.py for tasks to queue
[2024-09-08T04:49:34.356+0000] {logging_mixin.py:151} INFO - [2024-09-08T04:49:34.356+0000] {dagbag.py:536} INFO - Filling up the DagBag from /opt/airflow/dags/reddit_dag.py
[2024-09-08T04:49:34.674+0000] {processor.py:839} INFO - DAG(s) dict_keys(['elt_reddit_pipeline']) retrieved from /opt/airflow/dags/reddit_dag.py
[2024-09-08T04:49:34.685+0000] {logging_mixin.py:151} INFO - [2024-09-08T04:49:34.685+0000] {dag.py:2941} INFO - Sync 1 DAGs
[2024-09-08T04:49:34.695+0000] {logging_mixin.py:151} INFO - [2024-09-08T04:49:34.695+0000] {dag.py:3722} INFO - Setting next_dagrun for elt_reddit_pipeline to 2024-09-08T00:00:00+00:00, run_after=2024-09-09T00:00:00+00:00
[2024-09-08T04:49:34.703+0000] {processor.py:179} INFO - Processing /opt/airflow/dags/reddit_dag.py took 0.356 seconds
[2024-09-08T04:50:04.848+0000] {processor.py:157} INFO - Started process (PID=5409) to work on /opt/airflow/dags/reddit_dag.py
[2024-09-08T04:50:04.850+0000] {processor.py:829} INFO - Processing file /opt/airflow/dags/reddit_dag.py for tasks to queue
[2024-09-08T04:50:04.853+0000] {logging_mixin.py:151} INFO - [2024-09-08T04:50:04.853+0000] {dagbag.py:536} INFO - Filling up the DagBag from /opt/airflow/dags/reddit_dag.py
[2024-09-08T04:50:05.164+0000] {processor.py:839} INFO - DAG(s) dict_keys(['elt_reddit_pipeline']) retrieved from /opt/airflow/dags/reddit_dag.py
[2024-09-08T04:50:05.175+0000] {logging_mixin.py:151} INFO - [2024-09-08T04:50:05.174+0000] {dag.py:2941} INFO - Sync 1 DAGs
[2024-09-08T04:50:05.185+0000] {logging_mixin.py:151} INFO - [2024-09-08T04:50:05.185+0000] {dag.py:3722} INFO - Setting next_dagrun for elt_reddit_pipeline to 2024-09-08T00:00:00+00:00, run_after=2024-09-09T00:00:00+00:00
[2024-09-08T04:50:05.193+0000] {processor.py:179} INFO - Processing /opt/airflow/dags/reddit_dag.py took 0.350 seconds
[2024-09-08T04:50:35.748+0000] {processor.py:157} INFO - Started process (PID=5411) to work on /opt/airflow/dags/reddit_dag.py
[2024-09-08T04:50:35.750+0000] {processor.py:829} INFO - Processing file /opt/airflow/dags/reddit_dag.py for tasks to queue
[2024-09-08T04:50:35.754+0000] {logging_mixin.py:151} INFO - [2024-09-08T04:50:35.753+0000] {dagbag.py:536} INFO - Filling up the DagBag from /opt/airflow/dags/reddit_dag.py
[2024-09-08T04:50:36.073+0000] {processor.py:839} INFO - DAG(s) dict_keys(['elt_reddit_pipeline']) retrieved from /opt/airflow/dags/reddit_dag.py
[2024-09-08T04:50:36.085+0000] {logging_mixin.py:151} INFO - [2024-09-08T04:50:36.084+0000] {dag.py:2941} INFO - Sync 1 DAGs
[2024-09-08T04:50:36.094+0000] {logging_mixin.py:151} INFO - [2024-09-08T04:50:36.094+0000] {dag.py:3722} INFO - Setting next_dagrun for elt_reddit_pipeline to 2024-09-08T00:00:00+00:00, run_after=2024-09-09T00:00:00+00:00
[2024-09-08T04:50:36.102+0000] {processor.py:179} INFO - Processing /opt/airflow/dags/reddit_dag.py took 0.359 seconds
[2024-09-08T04:51:06.252+0000] {processor.py:157} INFO - Started process (PID=5413) to work on /opt/airflow/dags/reddit_dag.py
[2024-09-08T04:51:06.254+0000] {processor.py:829} INFO - Processing file /opt/airflow/dags/reddit_dag.py for tasks to queue
[2024-09-08T04:51:06.257+0000] {logging_mixin.py:151} INFO - [2024-09-08T04:51:06.257+0000] {dagbag.py:536} INFO - Filling up the DagBag from /opt/airflow/dags/reddit_dag.py
[2024-09-08T04:51:06.575+0000] {processor.py:839} INFO - DAG(s) dict_keys(['elt_reddit_pipeline']) retrieved from /opt/airflow/dags/reddit_dag.py
[2024-09-08T04:51:06.586+0000] {logging_mixin.py:151} INFO - [2024-09-08T04:51:06.585+0000] {dag.py:2941} INFO - Sync 1 DAGs
[2024-09-08T04:51:06.595+0000] {logging_mixin.py:151} INFO - [2024-09-08T04:51:06.595+0000] {dag.py:3722} INFO - Setting next_dagrun for elt_reddit_pipeline to 2024-09-08T00:00:00+00:00, run_after=2024-09-09T00:00:00+00:00
[2024-09-08T04:51:06.603+0000] {processor.py:179} INFO - Processing /opt/airflow/dags/reddit_dag.py took 0.357 seconds
[2024-09-08T04:51:36.799+0000] {processor.py:157} INFO - Started process (PID=5415) to work on /opt/airflow/dags/reddit_dag.py
[2024-09-08T04:51:36.800+0000] {processor.py:829} INFO - Processing file /opt/airflow/dags/reddit_dag.py for tasks to queue
[2024-09-08T04:51:36.803+0000] {logging_mixin.py:151} INFO - [2024-09-08T04:51:36.803+0000] {dagbag.py:536} INFO - Filling up the DagBag from /opt/airflow/dags/reddit_dag.py
[2024-09-08T04:51:37.118+0000] {processor.py:839} INFO - DAG(s) dict_keys(['elt_reddit_pipeline']) retrieved from /opt/airflow/dags/reddit_dag.py
[2024-09-08T04:51:37.130+0000] {logging_mixin.py:151} INFO - [2024-09-08T04:51:37.129+0000] {dag.py:2941} INFO - Sync 1 DAGs
[2024-09-08T04:51:37.139+0000] {logging_mixin.py:151} INFO - [2024-09-08T04:51:37.139+0000] {dag.py:3722} INFO - Setting next_dagrun for elt_reddit_pipeline to 2024-09-08T00:00:00+00:00, run_after=2024-09-09T00:00:00+00:00
[2024-09-08T04:51:37.148+0000] {processor.py:179} INFO - Processing /opt/airflow/dags/reddit_dag.py took 0.355 seconds
[2024-09-08T04:52:07.793+0000] {processor.py:157} INFO - Started process (PID=5417) to work on /opt/airflow/dags/reddit_dag.py
[2024-09-08T04:52:07.795+0000] {processor.py:829} INFO - Processing file /opt/airflow/dags/reddit_dag.py for tasks to queue
[2024-09-08T04:52:07.799+0000] {logging_mixin.py:151} INFO - [2024-09-08T04:52:07.798+0000] {dagbag.py:536} INFO - Filling up the DagBag from /opt/airflow/dags/reddit_dag.py
[2024-09-08T04:52:08.110+0000] {processor.py:839} INFO - DAG(s) dict_keys(['elt_reddit_pipeline']) retrieved from /opt/airflow/dags/reddit_dag.py
[2024-09-08T04:52:08.121+0000] {logging_mixin.py:151} INFO - [2024-09-08T04:52:08.121+0000] {dag.py:2941} INFO - Sync 1 DAGs
[2024-09-08T04:52:08.132+0000] {logging_mixin.py:151} INFO - [2024-09-08T04:52:08.132+0000] {dag.py:3722} INFO - Setting next_dagrun for elt_reddit_pipeline to 2024-09-08T00:00:00+00:00, run_after=2024-09-09T00:00:00+00:00
[2024-09-08T04:52:08.140+0000] {processor.py:179} INFO - Processing /opt/airflow/dags/reddit_dag.py took 0.352 seconds
[2024-09-08T04:52:38.294+0000] {processor.py:157} INFO - Started process (PID=5419) to work on /opt/airflow/dags/reddit_dag.py
[2024-09-08T04:52:38.296+0000] {processor.py:829} INFO - Processing file /opt/airflow/dags/reddit_dag.py for tasks to queue
[2024-09-08T04:52:38.300+0000] {logging_mixin.py:151} INFO - [2024-09-08T04:52:38.300+0000] {dagbag.py:536} INFO - Filling up the DagBag from /opt/airflow/dags/reddit_dag.py
[2024-09-08T04:52:38.619+0000] {processor.py:839} INFO - DAG(s) dict_keys(['elt_reddit_pipeline']) retrieved from /opt/airflow/dags/reddit_dag.py
[2024-09-08T04:52:38.630+0000] {logging_mixin.py:151} INFO - [2024-09-08T04:52:38.630+0000] {dag.py:2941} INFO - Sync 1 DAGs
[2024-09-08T04:52:38.641+0000] {logging_mixin.py:151} INFO - [2024-09-08T04:52:38.640+0000] {dag.py:3722} INFO - Setting next_dagrun for elt_reddit_pipeline to 2024-09-08T00:00:00+00:00, run_after=2024-09-09T00:00:00+00:00
[2024-09-08T04:52:38.649+0000] {processor.py:179} INFO - Processing /opt/airflow/dags/reddit_dag.py took 0.361 seconds
[2024-09-08T04:53:09.130+0000] {processor.py:157} INFO - Started process (PID=5421) to work on /opt/airflow/dags/reddit_dag.py
[2024-09-08T04:53:09.132+0000] {processor.py:829} INFO - Processing file /opt/airflow/dags/reddit_dag.py for tasks to queue
[2024-09-08T04:53:09.136+0000] {logging_mixin.py:151} INFO - [2024-09-08T04:53:09.136+0000] {dagbag.py:536} INFO - Filling up the DagBag from /opt/airflow/dags/reddit_dag.py
[2024-09-08T04:53:09.450+0000] {processor.py:839} INFO - DAG(s) dict_keys(['elt_reddit_pipeline']) retrieved from /opt/airflow/dags/reddit_dag.py
[2024-09-08T04:53:09.461+0000] {logging_mixin.py:151} INFO - [2024-09-08T04:53:09.460+0000] {dag.py:2941} INFO - Sync 1 DAGs
[2024-09-08T04:53:09.471+0000] {logging_mixin.py:151} INFO - [2024-09-08T04:53:09.471+0000] {dag.py:3722} INFO - Setting next_dagrun for elt_reddit_pipeline to 2024-09-08T00:00:00+00:00, run_after=2024-09-09T00:00:00+00:00
[2024-09-08T04:53:09.479+0000] {processor.py:179} INFO - Processing /opt/airflow/dags/reddit_dag.py took 0.354 seconds
[2024-09-08T04:53:39.708+0000] {processor.py:157} INFO - Started process (PID=5423) to work on /opt/airflow/dags/reddit_dag.py
[2024-09-08T04:53:39.709+0000] {processor.py:829} INFO - Processing file /opt/airflow/dags/reddit_dag.py for tasks to queue
[2024-09-08T04:53:39.714+0000] {logging_mixin.py:151} INFO - [2024-09-08T04:53:39.713+0000] {dagbag.py:536} INFO - Filling up the DagBag from /opt/airflow/dags/reddit_dag.py
[2024-09-08T04:53:40.028+0000] {processor.py:839} INFO - DAG(s) dict_keys(['elt_reddit_pipeline']) retrieved from /opt/airflow/dags/reddit_dag.py
[2024-09-08T04:53:40.039+0000] {logging_mixin.py:151} INFO - [2024-09-08T04:53:40.038+0000] {dag.py:2941} INFO - Sync 1 DAGs
[2024-09-08T04:53:40.048+0000] {logging_mixin.py:151} INFO - [2024-09-08T04:53:40.048+0000] {dag.py:3722} INFO - Setting next_dagrun for elt_reddit_pipeline to 2024-09-08T00:00:00+00:00, run_after=2024-09-09T00:00:00+00:00
[2024-09-08T04:53:40.056+0000] {processor.py:179} INFO - Processing /opt/airflow/dags/reddit_dag.py took 0.354 seconds
[2024-09-08T04:54:10.410+0000] {processor.py:157} INFO - Started process (PID=5425) to work on /opt/airflow/dags/reddit_dag.py
[2024-09-08T04:54:10.411+0000] {processor.py:829} INFO - Processing file /opt/airflow/dags/reddit_dag.py for tasks to queue
[2024-09-08T04:54:10.414+0000] {logging_mixin.py:151} INFO - [2024-09-08T04:54:10.414+0000] {dagbag.py:536} INFO - Filling up the DagBag from /opt/airflow/dags/reddit_dag.py
[2024-09-08T04:54:10.724+0000] {processor.py:839} INFO - DAG(s) dict_keys(['elt_reddit_pipeline']) retrieved from /opt/airflow/dags/reddit_dag.py
[2024-09-08T04:54:10.735+0000] {logging_mixin.py:151} INFO - [2024-09-08T04:54:10.735+0000] {dag.py:2941} INFO - Sync 1 DAGs
[2024-09-08T04:54:10.744+0000] {logging_mixin.py:151} INFO - [2024-09-08T04:54:10.744+0000] {dag.py:3722} INFO - Setting next_dagrun for elt_reddit_pipeline to 2024-09-08T00:00:00+00:00, run_after=2024-09-09T00:00:00+00:00
[2024-09-08T04:54:10.754+0000] {processor.py:179} INFO - Processing /opt/airflow/dags/reddit_dag.py took 0.349 seconds
[2024-09-08T04:54:40.972+0000] {processor.py:157} INFO - Started process (PID=5427) to work on /opt/airflow/dags/reddit_dag.py
[2024-09-08T04:54:40.974+0000] {processor.py:829} INFO - Processing file /opt/airflow/dags/reddit_dag.py for tasks to queue
[2024-09-08T04:54:40.977+0000] {logging_mixin.py:151} INFO - [2024-09-08T04:54:40.977+0000] {dagbag.py:536} INFO - Filling up the DagBag from /opt/airflow/dags/reddit_dag.py
[2024-09-08T04:54:41.289+0000] {processor.py:839} INFO - DAG(s) dict_keys(['elt_reddit_pipeline']) retrieved from /opt/airflow/dags/reddit_dag.py
[2024-09-08T04:54:41.300+0000] {logging_mixin.py:151} INFO - [2024-09-08T04:54:41.300+0000] {dag.py:2941} INFO - Sync 1 DAGs
[2024-09-08T04:54:41.310+0000] {logging_mixin.py:151} INFO - [2024-09-08T04:54:41.310+0000] {dag.py:3722} INFO - Setting next_dagrun for elt_reddit_pipeline to 2024-09-08T00:00:00+00:00, run_after=2024-09-09T00:00:00+00:00
[2024-09-08T04:54:41.318+0000] {processor.py:179} INFO - Processing /opt/airflow/dags/reddit_dag.py took 0.351 seconds
[2024-09-08T04:55:11.997+0000] {processor.py:157} INFO - Started process (PID=5429) to work on /opt/airflow/dags/reddit_dag.py
[2024-09-08T04:55:11.999+0000] {processor.py:829} INFO - Processing file /opt/airflow/dags/reddit_dag.py for tasks to queue
[2024-09-08T04:55:12.003+0000] {logging_mixin.py:151} INFO - [2024-09-08T04:55:12.002+0000] {dagbag.py:536} INFO - Filling up the DagBag from /opt/airflow/dags/reddit_dag.py
[2024-09-08T04:55:12.317+0000] {processor.py:839} INFO - DAG(s) dict_keys(['elt_reddit_pipeline']) retrieved from /opt/airflow/dags/reddit_dag.py
[2024-09-08T04:55:12.328+0000] {logging_mixin.py:151} INFO - [2024-09-08T04:55:12.328+0000] {dag.py:2941} INFO - Sync 1 DAGs
[2024-09-08T04:55:12.338+0000] {logging_mixin.py:151} INFO - [2024-09-08T04:55:12.338+0000] {dag.py:3722} INFO - Setting next_dagrun for elt_reddit_pipeline to 2024-09-08T00:00:00+00:00, run_after=2024-09-09T00:00:00+00:00
[2024-09-08T04:55:12.346+0000] {processor.py:179} INFO - Processing /opt/airflow/dags/reddit_dag.py took 0.354 seconds
[2024-09-08T04:55:42.492+0000] {processor.py:157} INFO - Started process (PID=5431) to work on /opt/airflow/dags/reddit_dag.py
[2024-09-08T04:55:42.494+0000] {processor.py:829} INFO - Processing file /opt/airflow/dags/reddit_dag.py for tasks to queue
[2024-09-08T04:55:42.498+0000] {logging_mixin.py:151} INFO - [2024-09-08T04:55:42.497+0000] {dagbag.py:536} INFO - Filling up the DagBag from /opt/airflow/dags/reddit_dag.py
[2024-09-08T04:55:42.812+0000] {processor.py:839} INFO - DAG(s) dict_keys(['elt_reddit_pipeline']) retrieved from /opt/airflow/dags/reddit_dag.py
[2024-09-08T04:55:42.824+0000] {logging_mixin.py:151} INFO - [2024-09-08T04:55:42.823+0000] {dag.py:2941} INFO - Sync 1 DAGs
[2024-09-08T04:55:42.834+0000] {logging_mixin.py:151} INFO - [2024-09-08T04:55:42.834+0000] {dag.py:3722} INFO - Setting next_dagrun for elt_reddit_pipeline to 2024-09-08T00:00:00+00:00, run_after=2024-09-09T00:00:00+00:00
[2024-09-08T04:55:42.842+0000] {processor.py:179} INFO - Processing /opt/airflow/dags/reddit_dag.py took 0.355 seconds
[2024-09-08T04:56:13.328+0000] {processor.py:157} INFO - Started process (PID=5433) to work on /opt/airflow/dags/reddit_dag.py
[2024-09-08T04:56:13.329+0000] {processor.py:829} INFO - Processing file /opt/airflow/dags/reddit_dag.py for tasks to queue
[2024-09-08T04:56:13.333+0000] {logging_mixin.py:151} INFO - [2024-09-08T04:56:13.333+0000] {dagbag.py:536} INFO - Filling up the DagBag from /opt/airflow/dags/reddit_dag.py
[2024-09-08T04:56:13.646+0000] {processor.py:839} INFO - DAG(s) dict_keys(['elt_reddit_pipeline']) retrieved from /opt/airflow/dags/reddit_dag.py
[2024-09-08T04:56:13.658+0000] {logging_mixin.py:151} INFO - [2024-09-08T04:56:13.658+0000] {dag.py:2941} INFO - Sync 1 DAGs
[2024-09-08T04:56:13.668+0000] {logging_mixin.py:151} INFO - [2024-09-08T04:56:13.668+0000] {dag.py:3722} INFO - Setting next_dagrun for elt_reddit_pipeline to 2024-09-08T00:00:00+00:00, run_after=2024-09-09T00:00:00+00:00
[2024-09-08T04:56:13.675+0000] {processor.py:179} INFO - Processing /opt/airflow/dags/reddit_dag.py took 0.352 seconds
[2024-09-08T04:56:43.866+0000] {processor.py:157} INFO - Started process (PID=5435) to work on /opt/airflow/dags/reddit_dag.py
[2024-09-08T04:56:43.868+0000] {processor.py:829} INFO - Processing file /opt/airflow/dags/reddit_dag.py for tasks to queue
[2024-09-08T04:56:43.872+0000] {logging_mixin.py:151} INFO - [2024-09-08T04:56:43.872+0000] {dagbag.py:536} INFO - Filling up the DagBag from /opt/airflow/dags/reddit_dag.py
[2024-09-08T04:56:44.186+0000] {processor.py:839} INFO - DAG(s) dict_keys(['elt_reddit_pipeline']) retrieved from /opt/airflow/dags/reddit_dag.py
[2024-09-08T04:56:44.197+0000] {logging_mixin.py:151} INFO - [2024-09-08T04:56:44.197+0000] {dag.py:2941} INFO - Sync 1 DAGs
[2024-09-08T04:56:44.207+0000] {logging_mixin.py:151} INFO - [2024-09-08T04:56:44.207+0000] {dag.py:3722} INFO - Setting next_dagrun for elt_reddit_pipeline to 2024-09-08T00:00:00+00:00, run_after=2024-09-09T00:00:00+00:00
[2024-09-08T04:56:44.214+0000] {processor.py:179} INFO - Processing /opt/airflow/dags/reddit_dag.py took 0.354 seconds
[2024-09-08T04:57:14.723+0000] {processor.py:157} INFO - Started process (PID=5437) to work on /opt/airflow/dags/reddit_dag.py
[2024-09-08T04:57:14.725+0000] {processor.py:829} INFO - Processing file /opt/airflow/dags/reddit_dag.py for tasks to queue
[2024-09-08T04:57:14.728+0000] {logging_mixin.py:151} INFO - [2024-09-08T04:57:14.727+0000] {dagbag.py:536} INFO - Filling up the DagBag from /opt/airflow/dags/reddit_dag.py
[2024-09-08T04:57:15.042+0000] {processor.py:839} INFO - DAG(s) dict_keys(['elt_reddit_pipeline']) retrieved from /opt/airflow/dags/reddit_dag.py
[2024-09-08T04:57:15.053+0000] {logging_mixin.py:151} INFO - [2024-09-08T04:57:15.052+0000] {dag.py:2941} INFO - Sync 1 DAGs
[2024-09-08T04:57:15.062+0000] {logging_mixin.py:151} INFO - [2024-09-08T04:57:15.062+0000] {dag.py:3722} INFO - Setting next_dagrun for elt_reddit_pipeline to 2024-09-08T00:00:00+00:00, run_after=2024-09-09T00:00:00+00:00
[2024-09-08T04:57:15.071+0000] {processor.py:179} INFO - Processing /opt/airflow/dags/reddit_dag.py took 0.353 seconds
[2024-09-08T04:57:45.324+0000] {processor.py:157} INFO - Started process (PID=5439) to work on /opt/airflow/dags/reddit_dag.py
[2024-09-08T04:57:45.325+0000] {processor.py:829} INFO - Processing file /opt/airflow/dags/reddit_dag.py for tasks to queue
[2024-09-08T04:57:45.328+0000] {logging_mixin.py:151} INFO - [2024-09-08T04:57:45.328+0000] {dagbag.py:536} INFO - Filling up the DagBag from /opt/airflow/dags/reddit_dag.py
[2024-09-08T04:57:45.646+0000] {processor.py:839} INFO - DAG(s) dict_keys(['elt_reddit_pipeline']) retrieved from /opt/airflow/dags/reddit_dag.py
[2024-09-08T04:57:45.658+0000] {logging_mixin.py:151} INFO - [2024-09-08T04:57:45.657+0000] {dag.py:2941} INFO - Sync 1 DAGs
[2024-09-08T04:57:45.668+0000] {logging_mixin.py:151} INFO - [2024-09-08T04:57:45.668+0000] {dag.py:3722} INFO - Setting next_dagrun for elt_reddit_pipeline to 2024-09-08T00:00:00+00:00, run_after=2024-09-09T00:00:00+00:00
[2024-09-08T04:57:45.676+0000] {processor.py:179} INFO - Processing /opt/airflow/dags/reddit_dag.py took 0.358 seconds
[2024-09-08T04:58:16.055+0000] {processor.py:157} INFO - Started process (PID=5441) to work on /opt/airflow/dags/reddit_dag.py
[2024-09-08T04:58:16.056+0000] {processor.py:829} INFO - Processing file /opt/airflow/dags/reddit_dag.py for tasks to queue
[2024-09-08T04:58:16.059+0000] {logging_mixin.py:151} INFO - [2024-09-08T04:58:16.059+0000] {dagbag.py:536} INFO - Filling up the DagBag from /opt/airflow/dags/reddit_dag.py
[2024-09-08T04:58:16.374+0000] {processor.py:839} INFO - DAG(s) dict_keys(['elt_reddit_pipeline']) retrieved from /opt/airflow/dags/reddit_dag.py
[2024-09-08T04:58:16.385+0000] {logging_mixin.py:151} INFO - [2024-09-08T04:58:16.385+0000] {dag.py:2941} INFO - Sync 1 DAGs
[2024-09-08T04:58:16.395+0000] {logging_mixin.py:151} INFO - [2024-09-08T04:58:16.395+0000] {dag.py:3722} INFO - Setting next_dagrun for elt_reddit_pipeline to 2024-09-08T00:00:00+00:00, run_after=2024-09-09T00:00:00+00:00
[2024-09-08T04:58:16.403+0000] {processor.py:179} INFO - Processing /opt/airflow/dags/reddit_dag.py took 0.354 seconds
[2024-09-08T04:58:46.632+0000] {processor.py:157} INFO - Started process (PID=5443) to work on /opt/airflow/dags/reddit_dag.py
[2024-09-08T04:58:46.634+0000] {processor.py:829} INFO - Processing file /opt/airflow/dags/reddit_dag.py for tasks to queue
[2024-09-08T04:58:46.637+0000] {logging_mixin.py:151} INFO - [2024-09-08T04:58:46.636+0000] {dagbag.py:536} INFO - Filling up the DagBag from /opt/airflow/dags/reddit_dag.py
[2024-09-08T04:58:46.955+0000] {processor.py:839} INFO - DAG(s) dict_keys(['elt_reddit_pipeline']) retrieved from /opt/airflow/dags/reddit_dag.py
[2024-09-08T04:58:46.967+0000] {logging_mixin.py:151} INFO - [2024-09-08T04:58:46.966+0000] {dag.py:2941} INFO - Sync 1 DAGs
[2024-09-08T04:58:46.977+0000] {logging_mixin.py:151} INFO - [2024-09-08T04:58:46.977+0000] {dag.py:3722} INFO - Setting next_dagrun for elt_reddit_pipeline to 2024-09-08T00:00:00+00:00, run_after=2024-09-09T00:00:00+00:00
[2024-09-08T04:58:46.984+0000] {processor.py:179} INFO - Processing /opt/airflow/dags/reddit_dag.py took 0.358 seconds
[2024-09-08T04:59:17.295+0000] {processor.py:157} INFO - Started process (PID=5445) to work on /opt/airflow/dags/reddit_dag.py
[2024-09-08T04:59:17.297+0000] {processor.py:829} INFO - Processing file /opt/airflow/dags/reddit_dag.py for tasks to queue
[2024-09-08T04:59:17.300+0000] {logging_mixin.py:151} INFO - [2024-09-08T04:59:17.299+0000] {dagbag.py:536} INFO - Filling up the DagBag from /opt/airflow/dags/reddit_dag.py
[2024-09-08T04:59:17.619+0000] {processor.py:839} INFO - DAG(s) dict_keys(['elt_reddit_pipeline']) retrieved from /opt/airflow/dags/reddit_dag.py
[2024-09-08T04:59:17.631+0000] {logging_mixin.py:151} INFO - [2024-09-08T04:59:17.631+0000] {dag.py:2941} INFO - Sync 1 DAGs
[2024-09-08T04:59:17.640+0000] {logging_mixin.py:151} INFO - [2024-09-08T04:59:17.640+0000] {dag.py:3722} INFO - Setting next_dagrun for elt_reddit_pipeline to 2024-09-08T00:00:00+00:00, run_after=2024-09-09T00:00:00+00:00
[2024-09-08T04:59:17.648+0000] {processor.py:179} INFO - Processing /opt/airflow/dags/reddit_dag.py took 0.359 seconds
[2024-09-08T04:59:47.888+0000] {processor.py:157} INFO - Started process (PID=5447) to work on /opt/airflow/dags/reddit_dag.py
[2024-09-08T04:59:47.889+0000] {processor.py:829} INFO - Processing file /opt/airflow/dags/reddit_dag.py for tasks to queue
[2024-09-08T04:59:47.893+0000] {logging_mixin.py:151} INFO - [2024-09-08T04:59:47.893+0000] {dagbag.py:536} INFO - Filling up the DagBag from /opt/airflow/dags/reddit_dag.py
[2024-09-08T04:59:48.207+0000] {processor.py:839} INFO - DAG(s) dict_keys(['elt_reddit_pipeline']) retrieved from /opt/airflow/dags/reddit_dag.py
[2024-09-08T04:59:48.218+0000] {logging_mixin.py:151} INFO - [2024-09-08T04:59:48.217+0000] {dag.py:2941} INFO - Sync 1 DAGs
[2024-09-08T04:59:48.227+0000] {logging_mixin.py:151} INFO - [2024-09-08T04:59:48.227+0000] {dag.py:3722} INFO - Setting next_dagrun for elt_reddit_pipeline to 2024-09-08T00:00:00+00:00, run_after=2024-09-09T00:00:00+00:00
[2024-09-08T04:59:48.235+0000] {processor.py:179} INFO - Processing /opt/airflow/dags/reddit_dag.py took 0.352 seconds
[2024-09-08T05:00:18.546+0000] {processor.py:157} INFO - Started process (PID=5449) to work on /opt/airflow/dags/reddit_dag.py
[2024-09-08T05:00:18.548+0000] {processor.py:829} INFO - Processing file /opt/airflow/dags/reddit_dag.py for tasks to queue
[2024-09-08T05:00:18.551+0000] {logging_mixin.py:151} INFO - [2024-09-08T05:00:18.550+0000] {dagbag.py:536} INFO - Filling up the DagBag from /opt/airflow/dags/reddit_dag.py
[2024-09-08T05:00:18.871+0000] {processor.py:839} INFO - DAG(s) dict_keys(['elt_reddit_pipeline']) retrieved from /opt/airflow/dags/reddit_dag.py
[2024-09-08T05:00:18.882+0000] {logging_mixin.py:151} INFO - [2024-09-08T05:00:18.882+0000] {dag.py:2941} INFO - Sync 1 DAGs
[2024-09-08T05:00:18.892+0000] {logging_mixin.py:151} INFO - [2024-09-08T05:00:18.892+0000] {dag.py:3722} INFO - Setting next_dagrun for elt_reddit_pipeline to 2024-09-08T00:00:00+00:00, run_after=2024-09-09T00:00:00+00:00
[2024-09-08T05:00:18.899+0000] {processor.py:179} INFO - Processing /opt/airflow/dags/reddit_dag.py took 0.359 seconds
[2024-09-08T05:00:49.258+0000] {processor.py:157} INFO - Started process (PID=5451) to work on /opt/airflow/dags/reddit_dag.py
[2024-09-08T05:00:49.259+0000] {processor.py:829} INFO - Processing file /opt/airflow/dags/reddit_dag.py for tasks to queue
[2024-09-08T05:00:49.261+0000] {logging_mixin.py:151} INFO - [2024-09-08T05:00:49.260+0000] {dagbag.py:536} INFO - Filling up the DagBag from /opt/airflow/dags/reddit_dag.py
[2024-09-08T05:00:49.879+0000] {processor.py:839} INFO - DAG(s) dict_keys(['elt_reddit_pipeline']) retrieved from /opt/airflow/dags/reddit_dag.py
[2024-09-08T05:00:49.891+0000] {logging_mixin.py:151} INFO - [2024-09-08T05:00:49.891+0000] {dag.py:2941} INFO - Sync 1 DAGs
[2024-09-08T05:00:49.904+0000] {logging_mixin.py:151} INFO - [2024-09-08T05:00:49.904+0000] {dag.py:3722} INFO - Setting next_dagrun for elt_reddit_pipeline to 2024-09-08T00:00:00+00:00, run_after=2024-09-09T00:00:00+00:00
[2024-09-08T05:00:49.913+0000] {processor.py:179} INFO - Processing /opt/airflow/dags/reddit_dag.py took 0.657 seconds
[2024-09-08T05:01:20.401+0000] {processor.py:157} INFO - Started process (PID=5453) to work on /opt/airflow/dags/reddit_dag.py
[2024-09-08T05:01:20.402+0000] {processor.py:829} INFO - Processing file /opt/airflow/dags/reddit_dag.py for tasks to queue
[2024-09-08T05:01:20.405+0000] {logging_mixin.py:151} INFO - [2024-09-08T05:01:20.405+0000] {dagbag.py:536} INFO - Filling up the DagBag from /opt/airflow/dags/reddit_dag.py
[2024-09-08T05:01:20.725+0000] {processor.py:839} INFO - DAG(s) dict_keys(['elt_reddit_pipeline']) retrieved from /opt/airflow/dags/reddit_dag.py
[2024-09-08T05:01:20.736+0000] {logging_mixin.py:151} INFO - [2024-09-08T05:01:20.736+0000] {dag.py:2941} INFO - Sync 1 DAGs
[2024-09-08T05:01:20.747+0000] {logging_mixin.py:151} INFO - [2024-09-08T05:01:20.747+0000] {dag.py:3722} INFO - Setting next_dagrun for elt_reddit_pipeline to 2024-09-08T00:00:00+00:00, run_after=2024-09-09T00:00:00+00:00
[2024-09-08T05:01:20.755+0000] {processor.py:179} INFO - Processing /opt/airflow/dags/reddit_dag.py took 0.360 seconds
[2024-09-08T05:01:51.303+0000] {processor.py:157} INFO - Started process (PID=5455) to work on /opt/airflow/dags/reddit_dag.py
[2024-09-08T05:01:51.304+0000] {processor.py:829} INFO - Processing file /opt/airflow/dags/reddit_dag.py for tasks to queue
[2024-09-08T05:01:51.307+0000] {logging_mixin.py:151} INFO - [2024-09-08T05:01:51.307+0000] {dagbag.py:536} INFO - Filling up the DagBag from /opt/airflow/dags/reddit_dag.py
[2024-09-08T05:01:51.618+0000] {processor.py:839} INFO - DAG(s) dict_keys(['elt_reddit_pipeline']) retrieved from /opt/airflow/dags/reddit_dag.py
[2024-09-08T05:01:51.629+0000] {logging_mixin.py:151} INFO - [2024-09-08T05:01:51.629+0000] {dag.py:2941} INFO - Sync 1 DAGs
[2024-09-08T05:01:51.639+0000] {logging_mixin.py:151} INFO - [2024-09-08T05:01:51.639+0000] {dag.py:3722} INFO - Setting next_dagrun for elt_reddit_pipeline to 2024-09-08T00:00:00+00:00, run_after=2024-09-09T00:00:00+00:00
[2024-09-08T05:01:51.647+0000] {processor.py:179} INFO - Processing /opt/airflow/dags/reddit_dag.py took 0.349 seconds
[2024-09-08T05:02:21.828+0000] {processor.py:157} INFO - Started process (PID=5457) to work on /opt/airflow/dags/reddit_dag.py
[2024-09-08T05:02:21.830+0000] {processor.py:829} INFO - Processing file /opt/airflow/dags/reddit_dag.py for tasks to queue
[2024-09-08T05:02:21.833+0000] {logging_mixin.py:151} INFO - [2024-09-08T05:02:21.832+0000] {dagbag.py:536} INFO - Filling up the DagBag from /opt/airflow/dags/reddit_dag.py
[2024-09-08T05:02:22.163+0000] {processor.py:839} INFO - DAG(s) dict_keys(['elt_reddit_pipeline']) retrieved from /opt/airflow/dags/reddit_dag.py
[2024-09-08T05:02:22.175+0000] {logging_mixin.py:151} INFO - [2024-09-08T05:02:22.174+0000] {dag.py:2941} INFO - Sync 1 DAGs
[2024-09-08T05:02:22.185+0000] {logging_mixin.py:151} INFO - [2024-09-08T05:02:22.185+0000] {dag.py:3722} INFO - Setting next_dagrun for elt_reddit_pipeline to 2024-09-08T00:00:00+00:00, run_after=2024-09-09T00:00:00+00:00
[2024-09-08T05:02:22.194+0000] {processor.py:179} INFO - Processing /opt/airflow/dags/reddit_dag.py took 0.371 seconds
[2024-09-08T05:02:52.701+0000] {processor.py:157} INFO - Started process (PID=5459) to work on /opt/airflow/dags/reddit_dag.py
[2024-09-08T05:02:52.703+0000] {processor.py:829} INFO - Processing file /opt/airflow/dags/reddit_dag.py for tasks to queue
[2024-09-08T05:02:52.707+0000] {logging_mixin.py:151} INFO - [2024-09-08T05:02:52.707+0000] {dagbag.py:536} INFO - Filling up the DagBag from /opt/airflow/dags/reddit_dag.py
[2024-09-08T05:02:53.023+0000] {processor.py:839} INFO - DAG(s) dict_keys(['elt_reddit_pipeline']) retrieved from /opt/airflow/dags/reddit_dag.py
[2024-09-08T05:02:53.034+0000] {logging_mixin.py:151} INFO - [2024-09-08T05:02:53.034+0000] {dag.py:2941} INFO - Sync 1 DAGs
[2024-09-08T05:02:53.043+0000] {logging_mixin.py:151} INFO - [2024-09-08T05:02:53.043+0000] {dag.py:3722} INFO - Setting next_dagrun for elt_reddit_pipeline to 2024-09-08T00:00:00+00:00, run_after=2024-09-09T00:00:00+00:00
[2024-09-08T05:02:53.051+0000] {processor.py:179} INFO - Processing /opt/airflow/dags/reddit_dag.py took 0.355 seconds
[2024-09-08T05:03:23.170+0000] {processor.py:157} INFO - Started process (PID=5461) to work on /opt/airflow/dags/reddit_dag.py
[2024-09-08T05:03:23.171+0000] {processor.py:829} INFO - Processing file /opt/airflow/dags/reddit_dag.py for tasks to queue
[2024-09-08T05:03:23.175+0000] {logging_mixin.py:151} INFO - [2024-09-08T05:03:23.175+0000] {dagbag.py:536} INFO - Filling up the DagBag from /opt/airflow/dags/reddit_dag.py
[2024-09-08T05:03:23.485+0000] {processor.py:839} INFO - DAG(s) dict_keys(['elt_reddit_pipeline']) retrieved from /opt/airflow/dags/reddit_dag.py
[2024-09-08T05:03:23.497+0000] {logging_mixin.py:151} INFO - [2024-09-08T05:03:23.497+0000] {dag.py:2941} INFO - Sync 1 DAGs
[2024-09-08T05:03:23.508+0000] {logging_mixin.py:151} INFO - [2024-09-08T05:03:23.508+0000] {dag.py:3722} INFO - Setting next_dagrun for elt_reddit_pipeline to 2024-09-08T00:00:00+00:00, run_after=2024-09-09T00:00:00+00:00
[2024-09-08T05:03:23.516+0000] {processor.py:179} INFO - Processing /opt/airflow/dags/reddit_dag.py took 0.352 seconds
[2024-09-08T05:03:54.043+0000] {processor.py:157} INFO - Started process (PID=5463) to work on /opt/airflow/dags/reddit_dag.py
[2024-09-08T05:03:54.044+0000] {processor.py:829} INFO - Processing file /opt/airflow/dags/reddit_dag.py for tasks to queue
[2024-09-08T05:03:54.048+0000] {logging_mixin.py:151} INFO - [2024-09-08T05:03:54.048+0000] {dagbag.py:536} INFO - Filling up the DagBag from /opt/airflow/dags/reddit_dag.py
[2024-09-08T05:03:54.362+0000] {processor.py:839} INFO - DAG(s) dict_keys(['elt_reddit_pipeline']) retrieved from /opt/airflow/dags/reddit_dag.py
[2024-09-08T05:03:54.372+0000] {logging_mixin.py:151} INFO - [2024-09-08T05:03:54.372+0000] {dag.py:2941} INFO - Sync 1 DAGs
[2024-09-08T05:03:54.383+0000] {logging_mixin.py:151} INFO - [2024-09-08T05:03:54.382+0000] {dag.py:3722} INFO - Setting next_dagrun for elt_reddit_pipeline to 2024-09-08T00:00:00+00:00, run_after=2024-09-09T00:00:00+00:00
[2024-09-08T05:03:54.391+0000] {processor.py:179} INFO - Processing /opt/airflow/dags/reddit_dag.py took 0.353 seconds
[2024-09-08T05:04:24.567+0000] {processor.py:157} INFO - Started process (PID=5465) to work on /opt/airflow/dags/reddit_dag.py
[2024-09-08T05:04:24.569+0000] {processor.py:829} INFO - Processing file /opt/airflow/dags/reddit_dag.py for tasks to queue
[2024-09-08T05:04:24.572+0000] {logging_mixin.py:151} INFO - [2024-09-08T05:04:24.572+0000] {dagbag.py:536} INFO - Filling up the DagBag from /opt/airflow/dags/reddit_dag.py
[2024-09-08T05:04:24.887+0000] {processor.py:839} INFO - DAG(s) dict_keys(['elt_reddit_pipeline']) retrieved from /opt/airflow/dags/reddit_dag.py
[2024-09-08T05:04:24.898+0000] {logging_mixin.py:151} INFO - [2024-09-08T05:04:24.897+0000] {dag.py:2941} INFO - Sync 1 DAGs
[2024-09-08T05:04:24.907+0000] {logging_mixin.py:151} INFO - [2024-09-08T05:04:24.907+0000] {dag.py:3722} INFO - Setting next_dagrun for elt_reddit_pipeline to 2024-09-08T00:00:00+00:00, run_after=2024-09-09T00:00:00+00:00
[2024-09-08T05:04:24.915+0000] {processor.py:179} INFO - Processing /opt/airflow/dags/reddit_dag.py took 0.354 seconds
[2024-09-08T05:04:55.655+0000] {processor.py:157} INFO - Started process (PID=5467) to work on /opt/airflow/dags/reddit_dag.py
[2024-09-08T05:04:55.657+0000] {processor.py:829} INFO - Processing file /opt/airflow/dags/reddit_dag.py for tasks to queue
[2024-09-08T05:04:55.660+0000] {logging_mixin.py:151} INFO - [2024-09-08T05:04:55.659+0000] {dagbag.py:536} INFO - Filling up the DagBag from /opt/airflow/dags/reddit_dag.py
[2024-09-08T05:04:55.973+0000] {processor.py:839} INFO - DAG(s) dict_keys(['elt_reddit_pipeline']) retrieved from /opt/airflow/dags/reddit_dag.py
[2024-09-08T05:04:55.985+0000] {logging_mixin.py:151} INFO - [2024-09-08T05:04:55.984+0000] {dag.py:2941} INFO - Sync 1 DAGs
[2024-09-08T05:04:55.994+0000] {logging_mixin.py:151} INFO - [2024-09-08T05:04:55.994+0000] {dag.py:3722} INFO - Setting next_dagrun for elt_reddit_pipeline to 2024-09-08T00:00:00+00:00, run_after=2024-09-09T00:00:00+00:00
[2024-09-08T05:04:56.002+0000] {processor.py:179} INFO - Processing /opt/airflow/dags/reddit_dag.py took 0.352 seconds
[2024-09-08T05:05:26.166+0000] {processor.py:157} INFO - Started process (PID=5469) to work on /opt/airflow/dags/reddit_dag.py
[2024-09-08T05:05:26.167+0000] {processor.py:829} INFO - Processing file /opt/airflow/dags/reddit_dag.py for tasks to queue
[2024-09-08T05:05:26.170+0000] {logging_mixin.py:151} INFO - [2024-09-08T05:05:26.170+0000] {dagbag.py:536} INFO - Filling up the DagBag from /opt/airflow/dags/reddit_dag.py
[2024-09-08T05:05:26.484+0000] {processor.py:839} INFO - DAG(s) dict_keys(['elt_reddit_pipeline']) retrieved from /opt/airflow/dags/reddit_dag.py
[2024-09-08T05:05:26.494+0000] {logging_mixin.py:151} INFO - [2024-09-08T05:05:26.494+0000] {dag.py:2941} INFO - Sync 1 DAGs
[2024-09-08T05:05:26.503+0000] {logging_mixin.py:151} INFO - [2024-09-08T05:05:26.503+0000] {dag.py:3722} INFO - Setting next_dagrun for elt_reddit_pipeline to 2024-09-08T00:00:00+00:00, run_after=2024-09-09T00:00:00+00:00
[2024-09-08T05:05:26.511+0000] {processor.py:179} INFO - Processing /opt/airflow/dags/reddit_dag.py took 0.351 seconds
[2024-09-08T05:05:57.003+0000] {processor.py:157} INFO - Started process (PID=5471) to work on /opt/airflow/dags/reddit_dag.py
[2024-09-08T05:05:57.005+0000] {processor.py:829} INFO - Processing file /opt/airflow/dags/reddit_dag.py for tasks to queue
[2024-09-08T05:05:57.007+0000] {logging_mixin.py:151} INFO - [2024-09-08T05:05:57.007+0000] {dagbag.py:536} INFO - Filling up the DagBag from /opt/airflow/dags/reddit_dag.py
[2024-09-08T05:05:57.321+0000] {processor.py:839} INFO - DAG(s) dict_keys(['elt_reddit_pipeline']) retrieved from /opt/airflow/dags/reddit_dag.py
[2024-09-08T05:05:57.332+0000] {logging_mixin.py:151} INFO - [2024-09-08T05:05:57.331+0000] {dag.py:2941} INFO - Sync 1 DAGs
[2024-09-08T05:05:57.341+0000] {logging_mixin.py:151} INFO - [2024-09-08T05:05:57.341+0000] {dag.py:3722} INFO - Setting next_dagrun for elt_reddit_pipeline to 2024-09-08T00:00:00+00:00, run_after=2024-09-09T00:00:00+00:00
[2024-09-08T05:05:57.349+0000] {processor.py:179} INFO - Processing /opt/airflow/dags/reddit_dag.py took 0.351 seconds
[2024-09-08T05:06:27.514+0000] {processor.py:157} INFO - Started process (PID=5473) to work on /opt/airflow/dags/reddit_dag.py
[2024-09-08T05:06:27.516+0000] {processor.py:829} INFO - Processing file /opt/airflow/dags/reddit_dag.py for tasks to queue
[2024-09-08T05:06:27.520+0000] {logging_mixin.py:151} INFO - [2024-09-08T05:06:27.520+0000] {dagbag.py:536} INFO - Filling up the DagBag from /opt/airflow/dags/reddit_dag.py
[2024-09-08T05:06:27.835+0000] {processor.py:839} INFO - DAG(s) dict_keys(['elt_reddit_pipeline']) retrieved from /opt/airflow/dags/reddit_dag.py
[2024-09-08T05:06:27.846+0000] {logging_mixin.py:151} INFO - [2024-09-08T05:06:27.845+0000] {dag.py:2941} INFO - Sync 1 DAGs
[2024-09-08T05:06:27.856+0000] {logging_mixin.py:151} INFO - [2024-09-08T05:06:27.856+0000] {dag.py:3722} INFO - Setting next_dagrun for elt_reddit_pipeline to 2024-09-08T00:00:00+00:00, run_after=2024-09-09T00:00:00+00:00
[2024-09-08T05:06:27.864+0000] {processor.py:179} INFO - Processing /opt/airflow/dags/reddit_dag.py took 0.355 seconds
[2024-09-08T05:06:58.396+0000] {processor.py:157} INFO - Started process (PID=5475) to work on /opt/airflow/dags/reddit_dag.py
[2024-09-08T05:06:58.397+0000] {processor.py:829} INFO - Processing file /opt/airflow/dags/reddit_dag.py for tasks to queue
[2024-09-08T05:06:58.402+0000] {logging_mixin.py:151} INFO - [2024-09-08T05:06:58.401+0000] {dagbag.py:536} INFO - Filling up the DagBag from /opt/airflow/dags/reddit_dag.py
[2024-09-08T05:06:58.718+0000] {processor.py:839} INFO - DAG(s) dict_keys(['elt_reddit_pipeline']) retrieved from /opt/airflow/dags/reddit_dag.py
[2024-09-08T05:06:58.728+0000] {logging_mixin.py:151} INFO - [2024-09-08T05:06:58.728+0000] {dag.py:2941} INFO - Sync 1 DAGs
[2024-09-08T05:06:58.738+0000] {logging_mixin.py:151} INFO - [2024-09-08T05:06:58.738+0000] {dag.py:3722} INFO - Setting next_dagrun for elt_reddit_pipeline to 2024-09-08T00:00:00+00:00, run_after=2024-09-09T00:00:00+00:00
[2024-09-08T05:06:58.746+0000] {processor.py:179} INFO - Processing /opt/airflow/dags/reddit_dag.py took 0.355 seconds
[2024-09-08T05:07:28.899+0000] {processor.py:157} INFO - Started process (PID=5477) to work on /opt/airflow/dags/reddit_dag.py
[2024-09-08T05:07:28.901+0000] {processor.py:829} INFO - Processing file /opt/airflow/dags/reddit_dag.py for tasks to queue
[2024-09-08T05:07:28.905+0000] {logging_mixin.py:151} INFO - [2024-09-08T05:07:28.904+0000] {dagbag.py:536} INFO - Filling up the DagBag from /opt/airflow/dags/reddit_dag.py
[2024-09-08T05:07:29.211+0000] {processor.py:839} INFO - DAG(s) dict_keys(['elt_reddit_pipeline']) retrieved from /opt/airflow/dags/reddit_dag.py
[2024-09-08T05:07:29.222+0000] {logging_mixin.py:151} INFO - [2024-09-08T05:07:29.221+0000] {dag.py:2941} INFO - Sync 1 DAGs
[2024-09-08T05:07:29.231+0000] {logging_mixin.py:151} INFO - [2024-09-08T05:07:29.231+0000] {dag.py:3722} INFO - Setting next_dagrun for elt_reddit_pipeline to 2024-09-08T00:00:00+00:00, run_after=2024-09-09T00:00:00+00:00
[2024-09-08T05:07:29.239+0000] {processor.py:179} INFO - Processing /opt/airflow/dags/reddit_dag.py took 0.346 seconds
[2024-09-08T05:07:59.408+0000] {processor.py:157} INFO - Started process (PID=5479) to work on /opt/airflow/dags/reddit_dag.py
[2024-09-08T05:07:59.410+0000] {processor.py:829} INFO - Processing file /opt/airflow/dags/reddit_dag.py for tasks to queue
[2024-09-08T05:07:59.413+0000] {logging_mixin.py:151} INFO - [2024-09-08T05:07:59.413+0000] {dagbag.py:536} INFO - Filling up the DagBag from /opt/airflow/dags/reddit_dag.py
[2024-09-08T05:07:59.729+0000] {processor.py:839} INFO - DAG(s) dict_keys(['elt_reddit_pipeline']) retrieved from /opt/airflow/dags/reddit_dag.py
[2024-09-08T05:07:59.740+0000] {logging_mixin.py:151} INFO - [2024-09-08T05:07:59.740+0000] {dag.py:2941} INFO - Sync 1 DAGs
[2024-09-08T05:07:59.749+0000] {logging_mixin.py:151} INFO - [2024-09-08T05:07:59.749+0000] {dag.py:3722} INFO - Setting next_dagrun for elt_reddit_pipeline to 2024-09-08T00:00:00+00:00, run_after=2024-09-09T00:00:00+00:00
[2024-09-08T05:07:59.756+0000] {processor.py:179} INFO - Processing /opt/airflow/dags/reddit_dag.py took 0.353 seconds
[2024-09-08T05:08:30.228+0000] {processor.py:157} INFO - Started process (PID=5481) to work on /opt/airflow/dags/reddit_dag.py
[2024-09-08T05:08:30.230+0000] {processor.py:829} INFO - Processing file /opt/airflow/dags/reddit_dag.py for tasks to queue
[2024-09-08T05:08:30.233+0000] {logging_mixin.py:151} INFO - [2024-09-08T05:08:30.233+0000] {dagbag.py:536} INFO - Filling up the DagBag from /opt/airflow/dags/reddit_dag.py
[2024-09-08T05:08:30.544+0000] {processor.py:839} INFO - DAG(s) dict_keys(['elt_reddit_pipeline']) retrieved from /opt/airflow/dags/reddit_dag.py
[2024-09-08T05:08:30.555+0000] {logging_mixin.py:151} INFO - [2024-09-08T05:08:30.555+0000] {dag.py:2941} INFO - Sync 1 DAGs
[2024-09-08T05:08:30.564+0000] {logging_mixin.py:151} INFO - [2024-09-08T05:08:30.564+0000] {dag.py:3722} INFO - Setting next_dagrun for elt_reddit_pipeline to 2024-09-08T00:00:00+00:00, run_after=2024-09-09T00:00:00+00:00
[2024-09-08T05:08:30.573+0000] {processor.py:179} INFO - Processing /opt/airflow/dags/reddit_dag.py took 0.350 seconds
[2024-09-08T05:09:00.786+0000] {processor.py:157} INFO - Started process (PID=5483) to work on /opt/airflow/dags/reddit_dag.py
[2024-09-08T05:09:00.788+0000] {processor.py:829} INFO - Processing file /opt/airflow/dags/reddit_dag.py for tasks to queue
[2024-09-08T05:09:00.791+0000] {logging_mixin.py:151} INFO - [2024-09-08T05:09:00.791+0000] {dagbag.py:536} INFO - Filling up the DagBag from /opt/airflow/dags/reddit_dag.py
[2024-09-08T05:09:01.105+0000] {processor.py:839} INFO - DAG(s) dict_keys(['elt_reddit_pipeline']) retrieved from /opt/airflow/dags/reddit_dag.py
[2024-09-08T05:09:01.116+0000] {logging_mixin.py:151} INFO - [2024-09-08T05:09:01.115+0000] {dag.py:2941} INFO - Sync 1 DAGs
[2024-09-08T05:09:01.126+0000] {logging_mixin.py:151} INFO - [2024-09-08T05:09:01.126+0000] {dag.py:3722} INFO - Setting next_dagrun for elt_reddit_pipeline to 2024-09-08T00:00:00+00:00, run_after=2024-09-09T00:00:00+00:00
[2024-09-08T05:09:01.133+0000] {processor.py:179} INFO - Processing /opt/airflow/dags/reddit_dag.py took 0.353 seconds
[2024-09-08T05:09:31.554+0000] {processor.py:157} INFO - Started process (PID=5485) to work on /opt/airflow/dags/reddit_dag.py
[2024-09-08T05:09:31.556+0000] {processor.py:829} INFO - Processing file /opt/airflow/dags/reddit_dag.py for tasks to queue
[2024-09-08T05:09:31.559+0000] {logging_mixin.py:151} INFO - [2024-09-08T05:09:31.559+0000] {dagbag.py:536} INFO - Filling up the DagBag from /opt/airflow/dags/reddit_dag.py
[2024-09-08T05:09:31.866+0000] {processor.py:839} INFO - DAG(s) dict_keys(['elt_reddit_pipeline']) retrieved from /opt/airflow/dags/reddit_dag.py
[2024-09-08T05:09:31.877+0000] {logging_mixin.py:151} INFO - [2024-09-08T05:09:31.877+0000] {dag.py:2941} INFO - Sync 1 DAGs
[2024-09-08T05:09:31.887+0000] {logging_mixin.py:151} INFO - [2024-09-08T05:09:31.887+0000] {dag.py:3722} INFO - Setting next_dagrun for elt_reddit_pipeline to 2024-09-08T00:00:00+00:00, run_after=2024-09-09T00:00:00+00:00
[2024-09-08T05:09:31.895+0000] {processor.py:179} INFO - Processing /opt/airflow/dags/reddit_dag.py took 0.346 seconds
[2024-09-08T05:10:02.090+0000] {processor.py:157} INFO - Started process (PID=5487) to work on /opt/airflow/dags/reddit_dag.py
[2024-09-08T05:10:02.092+0000] {processor.py:829} INFO - Processing file /opt/airflow/dags/reddit_dag.py for tasks to queue
[2024-09-08T05:10:02.096+0000] {logging_mixin.py:151} INFO - [2024-09-08T05:10:02.096+0000] {dagbag.py:536} INFO - Filling up the DagBag from /opt/airflow/dags/reddit_dag.py
[2024-09-08T05:10:02.408+0000] {processor.py:839} INFO - DAG(s) dict_keys(['elt_reddit_pipeline']) retrieved from /opt/airflow/dags/reddit_dag.py
[2024-09-08T05:10:02.419+0000] {logging_mixin.py:151} INFO - [2024-09-08T05:10:02.419+0000] {dag.py:2941} INFO - Sync 1 DAGs
[2024-09-08T05:10:02.429+0000] {logging_mixin.py:151} INFO - [2024-09-08T05:10:02.429+0000] {dag.py:3722} INFO - Setting next_dagrun for elt_reddit_pipeline to 2024-09-08T00:00:00+00:00, run_after=2024-09-09T00:00:00+00:00
[2024-09-08T05:10:02.436+0000] {processor.py:179} INFO - Processing /opt/airflow/dags/reddit_dag.py took 0.352 seconds
[2024-09-08T05:10:32.909+0000] {processor.py:157} INFO - Started process (PID=5489) to work on /opt/airflow/dags/reddit_dag.py
[2024-09-08T05:10:32.910+0000] {processor.py:829} INFO - Processing file /opt/airflow/dags/reddit_dag.py for tasks to queue
[2024-09-08T05:10:32.914+0000] {logging_mixin.py:151} INFO - [2024-09-08T05:10:32.914+0000] {dagbag.py:536} INFO - Filling up the DagBag from /opt/airflow/dags/reddit_dag.py
[2024-09-08T05:10:33.227+0000] {processor.py:839} INFO - DAG(s) dict_keys(['elt_reddit_pipeline']) retrieved from /opt/airflow/dags/reddit_dag.py
[2024-09-08T05:10:33.238+0000] {logging_mixin.py:151} INFO - [2024-09-08T05:10:33.238+0000] {dag.py:2941} INFO - Sync 1 DAGs
[2024-09-08T05:10:33.248+0000] {logging_mixin.py:151} INFO - [2024-09-08T05:10:33.248+0000] {dag.py:3722} INFO - Setting next_dagrun for elt_reddit_pipeline to 2024-09-08T00:00:00+00:00, run_after=2024-09-09T00:00:00+00:00
[2024-09-08T05:10:33.256+0000] {processor.py:179} INFO - Processing /opt/airflow/dags/reddit_dag.py took 0.352 seconds
[2024-09-08T05:11:03.469+0000] {processor.py:157} INFO - Started process (PID=5491) to work on /opt/airflow/dags/reddit_dag.py
[2024-09-08T05:11:03.471+0000] {processor.py:829} INFO - Processing file /opt/airflow/dags/reddit_dag.py for tasks to queue
[2024-09-08T05:11:03.475+0000] {logging_mixin.py:151} INFO - [2024-09-08T05:11:03.475+0000] {dagbag.py:536} INFO - Filling up the DagBag from /opt/airflow/dags/reddit_dag.py
[2024-09-08T05:11:03.787+0000] {processor.py:839} INFO - DAG(s) dict_keys(['elt_reddit_pipeline']) retrieved from /opt/airflow/dags/reddit_dag.py
[2024-09-08T05:11:03.798+0000] {logging_mixin.py:151} INFO - [2024-09-08T05:11:03.797+0000] {dag.py:2941} INFO - Sync 1 DAGs
[2024-09-08T05:11:03.807+0000] {logging_mixin.py:151} INFO - [2024-09-08T05:11:03.807+0000] {dag.py:3722} INFO - Setting next_dagrun for elt_reddit_pipeline to 2024-09-08T00:00:00+00:00, run_after=2024-09-09T00:00:00+00:00
[2024-09-08T05:11:03.815+0000] {processor.py:179} INFO - Processing /opt/airflow/dags/reddit_dag.py took 0.351 seconds
[2024-09-08T05:11:34.277+0000] {processor.py:157} INFO - Started process (PID=5493) to work on /opt/airflow/dags/reddit_dag.py
[2024-09-08T05:11:34.278+0000] {processor.py:829} INFO - Processing file /opt/airflow/dags/reddit_dag.py for tasks to queue
[2024-09-08T05:11:34.281+0000] {logging_mixin.py:151} INFO - [2024-09-08T05:11:34.281+0000] {dagbag.py:536} INFO - Filling up the DagBag from /opt/airflow/dags/reddit_dag.py
[2024-09-08T05:11:34.598+0000] {processor.py:839} INFO - DAG(s) dict_keys(['elt_reddit_pipeline']) retrieved from /opt/airflow/dags/reddit_dag.py
[2024-09-08T05:11:34.609+0000] {logging_mixin.py:151} INFO - [2024-09-08T05:11:34.609+0000] {dag.py:2941} INFO - Sync 1 DAGs
[2024-09-08T05:11:34.619+0000] {logging_mixin.py:151} INFO - [2024-09-08T05:11:34.619+0000] {dag.py:3722} INFO - Setting next_dagrun for elt_reddit_pipeline to 2024-09-08T00:00:00+00:00, run_after=2024-09-09T00:00:00+00:00
[2024-09-08T05:11:34.628+0000] {processor.py:179} INFO - Processing /opt/airflow/dags/reddit_dag.py took 0.357 seconds
[2024-09-08T05:12:04.824+0000] {processor.py:157} INFO - Started process (PID=5495) to work on /opt/airflow/dags/reddit_dag.py
[2024-09-08T05:12:04.826+0000] {processor.py:829} INFO - Processing file /opt/airflow/dags/reddit_dag.py for tasks to queue
[2024-09-08T05:12:04.829+0000] {logging_mixin.py:151} INFO - [2024-09-08T05:12:04.828+0000] {dagbag.py:536} INFO - Filling up the DagBag from /opt/airflow/dags/reddit_dag.py
[2024-09-08T05:12:05.146+0000] {processor.py:839} INFO - DAG(s) dict_keys(['elt_reddit_pipeline']) retrieved from /opt/airflow/dags/reddit_dag.py
[2024-09-08T05:12:05.157+0000] {logging_mixin.py:151} INFO - [2024-09-08T05:12:05.157+0000] {dag.py:2941} INFO - Sync 1 DAGs
[2024-09-08T05:12:05.168+0000] {logging_mixin.py:151} INFO - [2024-09-08T05:12:05.168+0000] {dag.py:3722} INFO - Setting next_dagrun for elt_reddit_pipeline to 2024-09-08T00:00:00+00:00, run_after=2024-09-09T00:00:00+00:00
[2024-09-08T05:12:05.176+0000] {processor.py:179} INFO - Processing /opt/airflow/dags/reddit_dag.py took 0.357 seconds
[2024-09-08T05:12:35.611+0000] {processor.py:157} INFO - Started process (PID=5497) to work on /opt/airflow/dags/reddit_dag.py
[2024-09-08T05:12:35.612+0000] {processor.py:829} INFO - Processing file /opt/airflow/dags/reddit_dag.py for tasks to queue
[2024-09-08T05:12:35.615+0000] {logging_mixin.py:151} INFO - [2024-09-08T05:12:35.615+0000] {dagbag.py:536} INFO - Filling up the DagBag from /opt/airflow/dags/reddit_dag.py
[2024-09-08T05:12:35.930+0000] {processor.py:839} INFO - DAG(s) dict_keys(['elt_reddit_pipeline']) retrieved from /opt/airflow/dags/reddit_dag.py
[2024-09-08T05:12:35.941+0000] {logging_mixin.py:151} INFO - [2024-09-08T05:12:35.940+0000] {dag.py:2941} INFO - Sync 1 DAGs
[2024-09-08T05:12:35.951+0000] {logging_mixin.py:151} INFO - [2024-09-08T05:12:35.951+0000] {dag.py:3722} INFO - Setting next_dagrun for elt_reddit_pipeline to 2024-09-08T00:00:00+00:00, run_after=2024-09-09T00:00:00+00:00
[2024-09-08T05:12:35.959+0000] {processor.py:179} INFO - Processing /opt/airflow/dags/reddit_dag.py took 0.353 seconds
[2024-09-08T05:13:06.156+0000] {processor.py:157} INFO - Started process (PID=5499) to work on /opt/airflow/dags/reddit_dag.py
[2024-09-08T05:13:06.158+0000] {processor.py:829} INFO - Processing file /opt/airflow/dags/reddit_dag.py for tasks to queue
[2024-09-08T05:13:06.161+0000] {logging_mixin.py:151} INFO - [2024-09-08T05:13:06.160+0000] {dagbag.py:536} INFO - Filling up the DagBag from /opt/airflow/dags/reddit_dag.py
[2024-09-08T05:13:06.476+0000] {processor.py:839} INFO - DAG(s) dict_keys(['elt_reddit_pipeline']) retrieved from /opt/airflow/dags/reddit_dag.py
[2024-09-08T05:13:06.488+0000] {logging_mixin.py:151} INFO - [2024-09-08T05:13:06.487+0000] {dag.py:2941} INFO - Sync 1 DAGs
[2024-09-08T05:13:06.497+0000] {logging_mixin.py:151} INFO - [2024-09-08T05:13:06.497+0000] {dag.py:3722} INFO - Setting next_dagrun for elt_reddit_pipeline to 2024-09-08T00:00:00+00:00, run_after=2024-09-09T00:00:00+00:00
[2024-09-08T05:13:06.505+0000] {processor.py:179} INFO - Processing /opt/airflow/dags/reddit_dag.py took 0.355 seconds
[2024-09-08T05:13:36.904+0000] {processor.py:157} INFO - Started process (PID=5501) to work on /opt/airflow/dags/reddit_dag.py
[2024-09-08T05:13:36.905+0000] {processor.py:829} INFO - Processing file /opt/airflow/dags/reddit_dag.py for tasks to queue
[2024-09-08T05:13:36.908+0000] {logging_mixin.py:151} INFO - [2024-09-08T05:13:36.908+0000] {dagbag.py:536} INFO - Filling up the DagBag from /opt/airflow/dags/reddit_dag.py
[2024-09-08T05:13:37.221+0000] {processor.py:839} INFO - DAG(s) dict_keys(['elt_reddit_pipeline']) retrieved from /opt/airflow/dags/reddit_dag.py
[2024-09-08T05:13:37.232+0000] {logging_mixin.py:151} INFO - [2024-09-08T05:13:37.232+0000] {dag.py:2941} INFO - Sync 1 DAGs
[2024-09-08T05:13:37.242+0000] {logging_mixin.py:151} INFO - [2024-09-08T05:13:37.242+0000] {dag.py:3722} INFO - Setting next_dagrun for elt_reddit_pipeline to 2024-09-08T00:00:00+00:00, run_after=2024-09-09T00:00:00+00:00
[2024-09-08T05:13:37.250+0000] {processor.py:179} INFO - Processing /opt/airflow/dags/reddit_dag.py took 0.351 seconds
[2024-09-08T05:14:07.474+0000] {processor.py:157} INFO - Started process (PID=5503) to work on /opt/airflow/dags/reddit_dag.py
[2024-09-08T05:14:07.476+0000] {processor.py:829} INFO - Processing file /opt/airflow/dags/reddit_dag.py for tasks to queue
[2024-09-08T05:14:07.480+0000] {logging_mixin.py:151} INFO - [2024-09-08T05:14:07.479+0000] {dagbag.py:536} INFO - Filling up the DagBag from /opt/airflow/dags/reddit_dag.py
[2024-09-08T05:14:07.797+0000] {processor.py:839} INFO - DAG(s) dict_keys(['elt_reddit_pipeline']) retrieved from /opt/airflow/dags/reddit_dag.py
[2024-09-08T05:14:07.808+0000] {logging_mixin.py:151} INFO - [2024-09-08T05:14:07.808+0000] {dag.py:2941} INFO - Sync 1 DAGs
[2024-09-08T05:14:07.818+0000] {logging_mixin.py:151} INFO - [2024-09-08T05:14:07.818+0000] {dag.py:3722} INFO - Setting next_dagrun for elt_reddit_pipeline to 2024-09-08T00:00:00+00:00, run_after=2024-09-09T00:00:00+00:00
[2024-09-08T05:14:07.826+0000] {processor.py:179} INFO - Processing /opt/airflow/dags/reddit_dag.py took 0.358 seconds
[2024-09-08T05:14:38.030+0000] {processor.py:157} INFO - Started process (PID=5505) to work on /opt/airflow/dags/reddit_dag.py
[2024-09-08T05:14:38.031+0000] {processor.py:829} INFO - Processing file /opt/airflow/dags/reddit_dag.py for tasks to queue
[2024-09-08T05:14:38.036+0000] {logging_mixin.py:151} INFO - [2024-09-08T05:14:38.035+0000] {dagbag.py:536} INFO - Filling up the DagBag from /opt/airflow/dags/reddit_dag.py
[2024-09-08T05:14:38.353+0000] {processor.py:839} INFO - DAG(s) dict_keys(['elt_reddit_pipeline']) retrieved from /opt/airflow/dags/reddit_dag.py
[2024-09-08T05:14:38.365+0000] {logging_mixin.py:151} INFO - [2024-09-08T05:14:38.364+0000] {dag.py:2941} INFO - Sync 1 DAGs
[2024-09-08T05:14:38.375+0000] {logging_mixin.py:151} INFO - [2024-09-08T05:14:38.375+0000] {dag.py:3722} INFO - Setting next_dagrun for elt_reddit_pipeline to 2024-09-08T00:00:00+00:00, run_after=2024-09-09T00:00:00+00:00
[2024-09-08T05:14:38.383+0000] {processor.py:179} INFO - Processing /opt/airflow/dags/reddit_dag.py took 0.359 seconds
[2024-09-08T05:15:08.862+0000] {processor.py:157} INFO - Started process (PID=5507) to work on /opt/airflow/dags/reddit_dag.py
[2024-09-08T05:15:08.864+0000] {processor.py:829} INFO - Processing file /opt/airflow/dags/reddit_dag.py for tasks to queue
[2024-09-08T05:15:08.867+0000] {logging_mixin.py:151} INFO - [2024-09-08T05:15:08.867+0000] {dagbag.py:536} INFO - Filling up the DagBag from /opt/airflow/dags/reddit_dag.py
[2024-09-08T05:15:09.184+0000] {processor.py:839} INFO - DAG(s) dict_keys(['elt_reddit_pipeline']) retrieved from /opt/airflow/dags/reddit_dag.py
[2024-09-08T05:15:09.195+0000] {logging_mixin.py:151} INFO - [2024-09-08T05:15:09.194+0000] {dag.py:2941} INFO - Sync 1 DAGs
[2024-09-08T05:15:09.205+0000] {logging_mixin.py:151} INFO - [2024-09-08T05:15:09.205+0000] {dag.py:3722} INFO - Setting next_dagrun for elt_reddit_pipeline to 2024-09-08T00:00:00+00:00, run_after=2024-09-09T00:00:00+00:00
[2024-09-08T05:15:09.212+0000] {processor.py:179} INFO - Processing /opt/airflow/dags/reddit_dag.py took 0.355 seconds
[2024-09-08T05:15:39.315+0000] {processor.py:157} INFO - Started process (PID=5509) to work on /opt/airflow/dags/reddit_dag.py
[2024-09-08T05:15:39.316+0000] {processor.py:829} INFO - Processing file /opt/airflow/dags/reddit_dag.py for tasks to queue
[2024-09-08T05:15:39.319+0000] {logging_mixin.py:151} INFO - [2024-09-08T05:15:39.319+0000] {dagbag.py:536} INFO - Filling up the DagBag from /opt/airflow/dags/reddit_dag.py
[2024-09-08T05:15:39.633+0000] {processor.py:839} INFO - DAG(s) dict_keys(['elt_reddit_pipeline']) retrieved from /opt/airflow/dags/reddit_dag.py
[2024-09-08T05:15:39.644+0000] {logging_mixin.py:151} INFO - [2024-09-08T05:15:39.643+0000] {dag.py:2941} INFO - Sync 1 DAGs
[2024-09-08T05:15:39.654+0000] {logging_mixin.py:151} INFO - [2024-09-08T05:15:39.654+0000] {dag.py:3722} INFO - Setting next_dagrun for elt_reddit_pipeline to 2024-09-08T00:00:00+00:00, run_after=2024-09-09T00:00:00+00:00
[2024-09-08T05:15:39.662+0000] {processor.py:179} INFO - Processing /opt/airflow/dags/reddit_dag.py took 0.353 seconds
[2024-09-08T05:16:09.921+0000] {processor.py:157} INFO - Started process (PID=5511) to work on /opt/airflow/dags/reddit_dag.py
[2024-09-08T05:16:09.922+0000] {processor.py:829} INFO - Processing file /opt/airflow/dags/reddit_dag.py for tasks to queue
[2024-09-08T05:16:09.925+0000] {logging_mixin.py:151} INFO - [2024-09-08T05:16:09.925+0000] {dagbag.py:536} INFO - Filling up the DagBag from /opt/airflow/dags/reddit_dag.py
[2024-09-08T05:16:10.241+0000] {processor.py:839} INFO - DAG(s) dict_keys(['elt_reddit_pipeline']) retrieved from /opt/airflow/dags/reddit_dag.py
[2024-09-08T05:16:10.253+0000] {logging_mixin.py:151} INFO - [2024-09-08T05:16:10.252+0000] {dag.py:2941} INFO - Sync 1 DAGs
[2024-09-08T05:16:10.262+0000] {logging_mixin.py:151} INFO - [2024-09-08T05:16:10.262+0000] {dag.py:3722} INFO - Setting next_dagrun for elt_reddit_pipeline to 2024-09-08T00:00:00+00:00, run_after=2024-09-09T00:00:00+00:00
[2024-09-08T05:16:10.271+0000] {processor.py:179} INFO - Processing /opt/airflow/dags/reddit_dag.py took 0.356 seconds
[2024-09-08T05:16:40.644+0000] {processor.py:157} INFO - Started process (PID=5513) to work on /opt/airflow/dags/reddit_dag.py
[2024-09-08T05:16:40.646+0000] {processor.py:829} INFO - Processing file /opt/airflow/dags/reddit_dag.py for tasks to queue
[2024-09-08T05:16:40.649+0000] {logging_mixin.py:151} INFO - [2024-09-08T05:16:40.648+0000] {dagbag.py:536} INFO - Filling up the DagBag from /opt/airflow/dags/reddit_dag.py
[2024-09-08T05:16:40.969+0000] {processor.py:839} INFO - DAG(s) dict_keys(['elt_reddit_pipeline']) retrieved from /opt/airflow/dags/reddit_dag.py
[2024-09-08T05:16:40.980+0000] {logging_mixin.py:151} INFO - [2024-09-08T05:16:40.980+0000] {dag.py:2941} INFO - Sync 1 DAGs
[2024-09-08T05:16:40.990+0000] {logging_mixin.py:151} INFO - [2024-09-08T05:16:40.990+0000] {dag.py:3722} INFO - Setting next_dagrun for elt_reddit_pipeline to 2024-09-08T00:00:00+00:00, run_after=2024-09-09T00:00:00+00:00
[2024-09-08T05:16:40.997+0000] {processor.py:179} INFO - Processing /opt/airflow/dags/reddit_dag.py took 0.359 seconds
[2024-09-08T05:17:11.267+0000] {processor.py:157} INFO - Started process (PID=5515) to work on /opt/airflow/dags/reddit_dag.py
[2024-09-08T05:17:11.268+0000] {processor.py:829} INFO - Processing file /opt/airflow/dags/reddit_dag.py for tasks to queue
[2024-09-08T05:17:11.272+0000] {logging_mixin.py:151} INFO - [2024-09-08T05:17:11.271+0000] {dagbag.py:536} INFO - Filling up the DagBag from /opt/airflow/dags/reddit_dag.py
[2024-09-08T05:17:11.594+0000] {processor.py:839} INFO - DAG(s) dict_keys(['elt_reddit_pipeline']) retrieved from /opt/airflow/dags/reddit_dag.py
[2024-09-08T05:17:11.605+0000] {logging_mixin.py:151} INFO - [2024-09-08T05:17:11.605+0000] {dag.py:2941} INFO - Sync 1 DAGs
[2024-09-08T05:17:11.615+0000] {logging_mixin.py:151} INFO - [2024-09-08T05:17:11.615+0000] {dag.py:3722} INFO - Setting next_dagrun for elt_reddit_pipeline to 2024-09-08T00:00:00+00:00, run_after=2024-09-09T00:00:00+00:00
[2024-09-08T05:17:11.623+0000] {processor.py:179} INFO - Processing /opt/airflow/dags/reddit_dag.py took 0.362 seconds
[2024-09-08T05:17:41.785+0000] {processor.py:157} INFO - Started process (PID=5517) to work on /opt/airflow/dags/reddit_dag.py
[2024-09-08T05:17:41.786+0000] {processor.py:829} INFO - Processing file /opt/airflow/dags/reddit_dag.py for tasks to queue
[2024-09-08T05:17:41.789+0000] {logging_mixin.py:151} INFO - [2024-09-08T05:17:41.789+0000] {dagbag.py:536} INFO - Filling up the DagBag from /opt/airflow/dags/reddit_dag.py
[2024-09-08T05:17:42.099+0000] {processor.py:839} INFO - DAG(s) dict_keys(['elt_reddit_pipeline']) retrieved from /opt/airflow/dags/reddit_dag.py
[2024-09-08T05:17:42.110+0000] {logging_mixin.py:151} INFO - [2024-09-08T05:17:42.110+0000] {dag.py:2941} INFO - Sync 1 DAGs
[2024-09-08T05:17:42.120+0000] {logging_mixin.py:151} INFO - [2024-09-08T05:17:42.120+0000] {dag.py:3722} INFO - Setting next_dagrun for elt_reddit_pipeline to 2024-09-08T00:00:00+00:00, run_after=2024-09-09T00:00:00+00:00
[2024-09-08T05:17:42.128+0000] {processor.py:179} INFO - Processing /opt/airflow/dags/reddit_dag.py took 0.348 seconds
[2024-09-08T05:18:12.580+0000] {processor.py:157} INFO - Started process (PID=5519) to work on /opt/airflow/dags/reddit_dag.py
[2024-09-08T05:18:12.582+0000] {processor.py:829} INFO - Processing file /opt/airflow/dags/reddit_dag.py for tasks to queue
[2024-09-08T05:18:12.586+0000] {logging_mixin.py:151} INFO - [2024-09-08T05:18:12.585+0000] {dagbag.py:536} INFO - Filling up the DagBag from /opt/airflow/dags/reddit_dag.py
[2024-09-08T05:18:12.897+0000] {processor.py:839} INFO - DAG(s) dict_keys(['elt_reddit_pipeline']) retrieved from /opt/airflow/dags/reddit_dag.py
[2024-09-08T05:18:12.908+0000] {logging_mixin.py:151} INFO - [2024-09-08T05:18:12.908+0000] {dag.py:2941} INFO - Sync 1 DAGs
[2024-09-08T05:18:12.918+0000] {logging_mixin.py:151} INFO - [2024-09-08T05:18:12.918+0000] {dag.py:3722} INFO - Setting next_dagrun for elt_reddit_pipeline to 2024-09-08T00:00:00+00:00, run_after=2024-09-09T00:00:00+00:00
[2024-09-08T05:18:12.925+0000] {processor.py:179} INFO - Processing /opt/airflow/dags/reddit_dag.py took 0.350 seconds
[2024-09-08T05:18:43.108+0000] {processor.py:157} INFO - Started process (PID=5521) to work on /opt/airflow/dags/reddit_dag.py
[2024-09-08T05:18:43.109+0000] {processor.py:829} INFO - Processing file /opt/airflow/dags/reddit_dag.py for tasks to queue
[2024-09-08T05:18:43.114+0000] {logging_mixin.py:151} INFO - [2024-09-08T05:18:43.113+0000] {dagbag.py:536} INFO - Filling up the DagBag from /opt/airflow/dags/reddit_dag.py
[2024-09-08T05:18:43.427+0000] {processor.py:839} INFO - DAG(s) dict_keys(['elt_reddit_pipeline']) retrieved from /opt/airflow/dags/reddit_dag.py
[2024-09-08T05:18:43.438+0000] {logging_mixin.py:151} INFO - [2024-09-08T05:18:43.438+0000] {dag.py:2941} INFO - Sync 1 DAGs
[2024-09-08T05:18:43.449+0000] {logging_mixin.py:151} INFO - [2024-09-08T05:18:43.448+0000] {dag.py:3722} INFO - Setting next_dagrun for elt_reddit_pipeline to 2024-09-08T00:00:00+00:00, run_after=2024-09-09T00:00:00+00:00
[2024-09-08T05:18:43.456+0000] {processor.py:179} INFO - Processing /opt/airflow/dags/reddit_dag.py took 0.354 seconds
[2024-09-08T05:19:13.953+0000] {processor.py:157} INFO - Started process (PID=5523) to work on /opt/airflow/dags/reddit_dag.py
[2024-09-08T05:19:13.954+0000] {processor.py:829} INFO - Processing file /opt/airflow/dags/reddit_dag.py for tasks to queue
[2024-09-08T05:19:13.958+0000] {logging_mixin.py:151} INFO - [2024-09-08T05:19:13.957+0000] {dagbag.py:536} INFO - Filling up the DagBag from /opt/airflow/dags/reddit_dag.py
[2024-09-08T05:19:14.268+0000] {processor.py:839} INFO - DAG(s) dict_keys(['elt_reddit_pipeline']) retrieved from /opt/airflow/dags/reddit_dag.py
[2024-09-08T05:19:14.279+0000] {logging_mixin.py:151} INFO - [2024-09-08T05:19:14.279+0000] {dag.py:2941} INFO - Sync 1 DAGs
[2024-09-08T05:19:14.288+0000] {logging_mixin.py:151} INFO - [2024-09-08T05:19:14.288+0000] {dag.py:3722} INFO - Setting next_dagrun for elt_reddit_pipeline to 2024-09-08T00:00:00+00:00, run_after=2024-09-09T00:00:00+00:00
[2024-09-08T05:19:14.296+0000] {processor.py:179} INFO - Processing /opt/airflow/dags/reddit_dag.py took 0.348 seconds
[2024-09-08T05:19:44.564+0000] {processor.py:157} INFO - Started process (PID=5525) to work on /opt/airflow/dags/reddit_dag.py
[2024-09-08T05:19:44.565+0000] {processor.py:829} INFO - Processing file /opt/airflow/dags/reddit_dag.py for tasks to queue
[2024-09-08T05:19:44.568+0000] {logging_mixin.py:151} INFO - [2024-09-08T05:19:44.568+0000] {dagbag.py:536} INFO - Filling up the DagBag from /opt/airflow/dags/reddit_dag.py
[2024-09-08T05:19:44.883+0000] {processor.py:839} INFO - DAG(s) dict_keys(['elt_reddit_pipeline']) retrieved from /opt/airflow/dags/reddit_dag.py
[2024-09-08T05:19:44.893+0000] {logging_mixin.py:151} INFO - [2024-09-08T05:19:44.893+0000] {dag.py:2941} INFO - Sync 1 DAGs
[2024-09-08T05:19:44.902+0000] {logging_mixin.py:151} INFO - [2024-09-08T05:19:44.902+0000] {dag.py:3722} INFO - Setting next_dagrun for elt_reddit_pipeline to 2024-09-08T00:00:00+00:00, run_after=2024-09-09T00:00:00+00:00
[2024-09-08T05:19:44.910+0000] {processor.py:179} INFO - Processing /opt/airflow/dags/reddit_dag.py took 0.352 seconds
[2024-09-08T05:20:15.247+0000] {processor.py:157} INFO - Started process (PID=5527) to work on /opt/airflow/dags/reddit_dag.py
[2024-09-08T05:20:15.249+0000] {processor.py:829} INFO - Processing file /opt/airflow/dags/reddit_dag.py for tasks to queue
[2024-09-08T05:20:15.252+0000] {logging_mixin.py:151} INFO - [2024-09-08T05:20:15.252+0000] {dagbag.py:536} INFO - Filling up the DagBag from /opt/airflow/dags/reddit_dag.py
[2024-09-08T05:20:15.565+0000] {processor.py:839} INFO - DAG(s) dict_keys(['elt_reddit_pipeline']) retrieved from /opt/airflow/dags/reddit_dag.py
[2024-09-08T05:20:15.576+0000] {logging_mixin.py:151} INFO - [2024-09-08T05:20:15.576+0000] {dag.py:2941} INFO - Sync 1 DAGs
[2024-09-08T05:20:15.585+0000] {logging_mixin.py:151} INFO - [2024-09-08T05:20:15.585+0000] {dag.py:3722} INFO - Setting next_dagrun for elt_reddit_pipeline to 2024-09-08T00:00:00+00:00, run_after=2024-09-09T00:00:00+00:00
[2024-09-08T05:20:15.595+0000] {processor.py:179} INFO - Processing /opt/airflow/dags/reddit_dag.py took 0.353 seconds
[2024-09-08T05:20:45.865+0000] {processor.py:157} INFO - Started process (PID=5529) to work on /opt/airflow/dags/reddit_dag.py
[2024-09-08T05:20:45.866+0000] {processor.py:829} INFO - Processing file /opt/airflow/dags/reddit_dag.py for tasks to queue
[2024-09-08T05:20:45.869+0000] {logging_mixin.py:151} INFO - [2024-09-08T05:20:45.869+0000] {dagbag.py:536} INFO - Filling up the DagBag from /opt/airflow/dags/reddit_dag.py
[2024-09-08T05:20:46.189+0000] {processor.py:839} INFO - DAG(s) dict_keys(['elt_reddit_pipeline']) retrieved from /opt/airflow/dags/reddit_dag.py
[2024-09-08T05:20:46.200+0000] {logging_mixin.py:151} INFO - [2024-09-08T05:20:46.199+0000] {dag.py:2941} INFO - Sync 1 DAGs
[2024-09-08T05:20:46.210+0000] {logging_mixin.py:151} INFO - [2024-09-08T05:20:46.210+0000] {dag.py:3722} INFO - Setting next_dagrun for elt_reddit_pipeline to 2024-09-08T00:00:00+00:00, run_after=2024-09-09T00:00:00+00:00
[2024-09-08T05:20:46.217+0000] {processor.py:179} INFO - Processing /opt/airflow/dags/reddit_dag.py took 0.358 seconds
[2024-09-08T05:21:16.416+0000] {processor.py:157} INFO - Started process (PID=5531) to work on /opt/airflow/dags/reddit_dag.py
[2024-09-08T05:21:16.418+0000] {processor.py:829} INFO - Processing file /opt/airflow/dags/reddit_dag.py for tasks to queue
[2024-09-08T05:21:16.421+0000] {logging_mixin.py:151} INFO - [2024-09-08T05:21:16.421+0000] {dagbag.py:536} INFO - Filling up the DagBag from /opt/airflow/dags/reddit_dag.py
[2024-09-08T05:21:16.741+0000] {processor.py:839} INFO - DAG(s) dict_keys(['elt_reddit_pipeline']) retrieved from /opt/airflow/dags/reddit_dag.py
[2024-09-08T05:21:16.752+0000] {logging_mixin.py:151} INFO - [2024-09-08T05:21:16.752+0000] {dag.py:2941} INFO - Sync 1 DAGs
[2024-09-08T05:21:16.762+0000] {logging_mixin.py:151} INFO - [2024-09-08T05:21:16.762+0000] {dag.py:3722} INFO - Setting next_dagrun for elt_reddit_pipeline to 2024-09-08T00:00:00+00:00, run_after=2024-09-09T00:00:00+00:00
[2024-09-08T05:21:16.770+0000] {processor.py:179} INFO - Processing /opt/airflow/dags/reddit_dag.py took 0.359 seconds
[2024-09-08T05:21:47.161+0000] {processor.py:157} INFO - Started process (PID=5533) to work on /opt/airflow/dags/reddit_dag.py
[2024-09-08T05:21:47.163+0000] {processor.py:829} INFO - Processing file /opt/airflow/dags/reddit_dag.py for tasks to queue
[2024-09-08T05:21:47.166+0000] {logging_mixin.py:151} INFO - [2024-09-08T05:21:47.165+0000] {dagbag.py:536} INFO - Filling up the DagBag from /opt/airflow/dags/reddit_dag.py
[2024-09-08T05:21:47.481+0000] {processor.py:839} INFO - DAG(s) dict_keys(['elt_reddit_pipeline']) retrieved from /opt/airflow/dags/reddit_dag.py
[2024-09-08T05:21:47.493+0000] {logging_mixin.py:151} INFO - [2024-09-08T05:21:47.492+0000] {dag.py:2941} INFO - Sync 1 DAGs
[2024-09-08T05:21:47.502+0000] {logging_mixin.py:151} INFO - [2024-09-08T05:21:47.502+0000] {dag.py:3722} INFO - Setting next_dagrun for elt_reddit_pipeline to 2024-09-08T00:00:00+00:00, run_after=2024-09-09T00:00:00+00:00
[2024-09-08T05:21:47.510+0000] {processor.py:179} INFO - Processing /opt/airflow/dags/reddit_dag.py took 0.354 seconds
[2024-09-08T05:22:17.843+0000] {processor.py:157} INFO - Started process (PID=5535) to work on /opt/airflow/dags/reddit_dag.py
[2024-09-08T05:22:17.844+0000] {processor.py:829} INFO - Processing file /opt/airflow/dags/reddit_dag.py for tasks to queue
[2024-09-08T05:22:17.848+0000] {logging_mixin.py:151} INFO - [2024-09-08T05:22:17.847+0000] {dagbag.py:536} INFO - Filling up the DagBag from /opt/airflow/dags/reddit_dag.py
[2024-09-08T05:22:18.160+0000] {processor.py:839} INFO - DAG(s) dict_keys(['elt_reddit_pipeline']) retrieved from /opt/airflow/dags/reddit_dag.py
[2024-09-08T05:22:18.172+0000] {logging_mixin.py:151} INFO - [2024-09-08T05:22:18.172+0000] {dag.py:2941} INFO - Sync 1 DAGs
[2024-09-08T05:22:18.181+0000] {logging_mixin.py:151} INFO - [2024-09-08T05:22:18.181+0000] {dag.py:3722} INFO - Setting next_dagrun for elt_reddit_pipeline to 2024-09-08T00:00:00+00:00, run_after=2024-09-09T00:00:00+00:00
[2024-09-08T05:22:18.189+0000] {processor.py:179} INFO - Processing /opt/airflow/dags/reddit_dag.py took 0.352 seconds
[2024-09-08T05:22:48.353+0000] {processor.py:157} INFO - Started process (PID=5537) to work on /opt/airflow/dags/reddit_dag.py
[2024-09-08T05:22:48.354+0000] {processor.py:829} INFO - Processing file /opt/airflow/dags/reddit_dag.py for tasks to queue
[2024-09-08T05:22:48.359+0000] {logging_mixin.py:151} INFO - [2024-09-08T05:22:48.358+0000] {dagbag.py:536} INFO - Filling up the DagBag from /opt/airflow/dags/reddit_dag.py
[2024-09-08T05:22:48.671+0000] {processor.py:839} INFO - DAG(s) dict_keys(['elt_reddit_pipeline']) retrieved from /opt/airflow/dags/reddit_dag.py
[2024-09-08T05:22:48.681+0000] {logging_mixin.py:151} INFO - [2024-09-08T05:22:48.681+0000] {dag.py:2941} INFO - Sync 1 DAGs
[2024-09-08T05:22:48.692+0000] {logging_mixin.py:151} INFO - [2024-09-08T05:22:48.692+0000] {dag.py:3722} INFO - Setting next_dagrun for elt_reddit_pipeline to 2024-09-08T00:00:00+00:00, run_after=2024-09-09T00:00:00+00:00
[2024-09-08T05:22:48.700+0000] {processor.py:179} INFO - Processing /opt/airflow/dags/reddit_dag.py took 0.353 seconds
[2024-09-08T05:23:19.256+0000] {processor.py:157} INFO - Started process (PID=5539) to work on /opt/airflow/dags/reddit_dag.py
[2024-09-08T05:23:19.258+0000] {processor.py:829} INFO - Processing file /opt/airflow/dags/reddit_dag.py for tasks to queue
[2024-09-08T05:23:19.262+0000] {logging_mixin.py:151} INFO - [2024-09-08T05:23:19.261+0000] {dagbag.py:536} INFO - Filling up the DagBag from /opt/airflow/dags/reddit_dag.py
[2024-09-08T05:23:19.582+0000] {processor.py:839} INFO - DAG(s) dict_keys(['elt_reddit_pipeline']) retrieved from /opt/airflow/dags/reddit_dag.py
[2024-09-08T05:23:19.593+0000] {logging_mixin.py:151} INFO - [2024-09-08T05:23:19.593+0000] {dag.py:2941} INFO - Sync 1 DAGs
[2024-09-08T05:23:19.604+0000] {logging_mixin.py:151} INFO - [2024-09-08T05:23:19.604+0000] {dag.py:3722} INFO - Setting next_dagrun for elt_reddit_pipeline to 2024-09-08T00:00:00+00:00, run_after=2024-09-09T00:00:00+00:00
[2024-09-08T05:23:19.612+0000] {processor.py:179} INFO - Processing /opt/airflow/dags/reddit_dag.py took 0.361 seconds
[2024-09-08T05:23:49.794+0000] {processor.py:157} INFO - Started process (PID=5541) to work on /opt/airflow/dags/reddit_dag.py
[2024-09-08T05:23:49.796+0000] {processor.py:829} INFO - Processing file /opt/airflow/dags/reddit_dag.py for tasks to queue
[2024-09-08T05:23:49.799+0000] {logging_mixin.py:151} INFO - [2024-09-08T05:23:49.799+0000] {dagbag.py:536} INFO - Filling up the DagBag from /opt/airflow/dags/reddit_dag.py
[2024-09-08T05:23:50.121+0000] {processor.py:839} INFO - DAG(s) dict_keys(['elt_reddit_pipeline']) retrieved from /opt/airflow/dags/reddit_dag.py
[2024-09-08T05:23:50.132+0000] {logging_mixin.py:151} INFO - [2024-09-08T05:23:50.131+0000] {dag.py:2941} INFO - Sync 1 DAGs
[2024-09-08T05:23:50.142+0000] {logging_mixin.py:151} INFO - [2024-09-08T05:23:50.142+0000] {dag.py:3722} INFO - Setting next_dagrun for elt_reddit_pipeline to 2024-09-08T00:00:00+00:00, run_after=2024-09-09T00:00:00+00:00
[2024-09-08T05:23:50.149+0000] {processor.py:179} INFO - Processing /opt/airflow/dags/reddit_dag.py took 0.362 seconds
[2024-09-08T05:24:20.521+0000] {processor.py:157} INFO - Started process (PID=5543) to work on /opt/airflow/dags/reddit_dag.py
[2024-09-08T05:24:20.522+0000] {processor.py:829} INFO - Processing file /opt/airflow/dags/reddit_dag.py for tasks to queue
[2024-09-08T05:24:20.525+0000] {logging_mixin.py:151} INFO - [2024-09-08T05:24:20.525+0000] {dagbag.py:536} INFO - Filling up the DagBag from /opt/airflow/dags/reddit_dag.py
[2024-09-08T05:24:20.833+0000] {processor.py:839} INFO - DAG(s) dict_keys(['elt_reddit_pipeline']) retrieved from /opt/airflow/dags/reddit_dag.py
[2024-09-08T05:24:20.844+0000] {logging_mixin.py:151} INFO - [2024-09-08T05:24:20.844+0000] {dag.py:2941} INFO - Sync 1 DAGs
[2024-09-08T05:24:20.854+0000] {logging_mixin.py:151} INFO - [2024-09-08T05:24:20.854+0000] {dag.py:3722} INFO - Setting next_dagrun for elt_reddit_pipeline to 2024-09-08T00:00:00+00:00, run_after=2024-09-09T00:00:00+00:00
[2024-09-08T05:24:20.862+0000] {processor.py:179} INFO - Processing /opt/airflow/dags/reddit_dag.py took 0.346 seconds
[2024-09-08T05:24:51.062+0000] {processor.py:157} INFO - Started process (PID=5545) to work on /opt/airflow/dags/reddit_dag.py
[2024-09-08T05:24:51.064+0000] {processor.py:829} INFO - Processing file /opt/airflow/dags/reddit_dag.py for tasks to queue
[2024-09-08T05:24:51.068+0000] {logging_mixin.py:151} INFO - [2024-09-08T05:24:51.067+0000] {dagbag.py:536} INFO - Filling up the DagBag from /opt/airflow/dags/reddit_dag.py
[2024-09-08T05:24:51.387+0000] {processor.py:839} INFO - DAG(s) dict_keys(['elt_reddit_pipeline']) retrieved from /opt/airflow/dags/reddit_dag.py
[2024-09-08T05:24:51.398+0000] {logging_mixin.py:151} INFO - [2024-09-08T05:24:51.398+0000] {dag.py:2941} INFO - Sync 1 DAGs
[2024-09-08T05:24:51.408+0000] {logging_mixin.py:151} INFO - [2024-09-08T05:24:51.408+0000] {dag.py:3722} INFO - Setting next_dagrun for elt_reddit_pipeline to 2024-09-08T00:00:00+00:00, run_after=2024-09-09T00:00:00+00:00
[2024-09-08T05:24:51.416+0000] {processor.py:179} INFO - Processing /opt/airflow/dags/reddit_dag.py took 0.360 seconds
[2024-09-08T05:25:21.933+0000] {processor.py:157} INFO - Started process (PID=5547) to work on /opt/airflow/dags/reddit_dag.py
[2024-09-08T05:25:21.934+0000] {processor.py:829} INFO - Processing file /opt/airflow/dags/reddit_dag.py for tasks to queue
[2024-09-08T05:25:21.938+0000] {logging_mixin.py:151} INFO - [2024-09-08T05:25:21.938+0000] {dagbag.py:536} INFO - Filling up the DagBag from /opt/airflow/dags/reddit_dag.py
[2024-09-08T05:25:22.251+0000] {processor.py:839} INFO - DAG(s) dict_keys(['elt_reddit_pipeline']) retrieved from /opt/airflow/dags/reddit_dag.py
[2024-09-08T05:25:22.262+0000] {logging_mixin.py:151} INFO - [2024-09-08T05:25:22.262+0000] {dag.py:2941} INFO - Sync 1 DAGs
[2024-09-08T05:25:22.272+0000] {logging_mixin.py:151} INFO - [2024-09-08T05:25:22.272+0000] {dag.py:3722} INFO - Setting next_dagrun for elt_reddit_pipeline to 2024-09-08T00:00:00+00:00, run_after=2024-09-09T00:00:00+00:00
[2024-09-08T05:25:22.281+0000] {processor.py:179} INFO - Processing /opt/airflow/dags/reddit_dag.py took 0.352 seconds
[2024-09-08T05:25:52.500+0000] {processor.py:157} INFO - Started process (PID=5549) to work on /opt/airflow/dags/reddit_dag.py
[2024-09-08T05:25:52.501+0000] {processor.py:829} INFO - Processing file /opt/airflow/dags/reddit_dag.py for tasks to queue
[2024-09-08T05:25:52.505+0000] {logging_mixin.py:151} INFO - [2024-09-08T05:25:52.505+0000] {dagbag.py:536} INFO - Filling up the DagBag from /opt/airflow/dags/reddit_dag.py
[2024-09-08T05:25:52.819+0000] {processor.py:839} INFO - DAG(s) dict_keys(['elt_reddit_pipeline']) retrieved from /opt/airflow/dags/reddit_dag.py
[2024-09-08T05:25:52.830+0000] {logging_mixin.py:151} INFO - [2024-09-08T05:25:52.829+0000] {dag.py:2941} INFO - Sync 1 DAGs
[2024-09-08T05:25:52.839+0000] {logging_mixin.py:151} INFO - [2024-09-08T05:25:52.839+0000] {dag.py:3722} INFO - Setting next_dagrun for elt_reddit_pipeline to 2024-09-08T00:00:00+00:00, run_after=2024-09-09T00:00:00+00:00
[2024-09-08T05:25:52.848+0000] {processor.py:179} INFO - Processing /opt/airflow/dags/reddit_dag.py took 0.353 seconds
[2024-09-08T05:26:23.318+0000] {processor.py:157} INFO - Started process (PID=5551) to work on /opt/airflow/dags/reddit_dag.py
[2024-09-08T05:26:23.320+0000] {processor.py:829} INFO - Processing file /opt/airflow/dags/reddit_dag.py for tasks to queue
[2024-09-08T05:26:23.324+0000] {logging_mixin.py:151} INFO - [2024-09-08T05:26:23.324+0000] {dagbag.py:536} INFO - Filling up the DagBag from /opt/airflow/dags/reddit_dag.py
[2024-09-08T05:26:23.635+0000] {processor.py:839} INFO - DAG(s) dict_keys(['elt_reddit_pipeline']) retrieved from /opt/airflow/dags/reddit_dag.py
[2024-09-08T05:26:23.646+0000] {logging_mixin.py:151} INFO - [2024-09-08T05:26:23.646+0000] {dag.py:2941} INFO - Sync 1 DAGs
[2024-09-08T05:26:23.656+0000] {logging_mixin.py:151} INFO - [2024-09-08T05:26:23.656+0000] {dag.py:3722} INFO - Setting next_dagrun for elt_reddit_pipeline to 2024-09-08T00:00:00+00:00, run_after=2024-09-09T00:00:00+00:00
[2024-09-08T05:26:23.664+0000] {processor.py:179} INFO - Processing /opt/airflow/dags/reddit_dag.py took 0.351 seconds
[2024-09-08T05:26:53.854+0000] {processor.py:157} INFO - Started process (PID=5553) to work on /opt/airflow/dags/reddit_dag.py
[2024-09-08T05:26:53.856+0000] {processor.py:829} INFO - Processing file /opt/airflow/dags/reddit_dag.py for tasks to queue
[2024-09-08T05:26:53.859+0000] {logging_mixin.py:151} INFO - [2024-09-08T05:26:53.858+0000] {dagbag.py:536} INFO - Filling up the DagBag from /opt/airflow/dags/reddit_dag.py
[2024-09-08T05:26:54.171+0000] {processor.py:839} INFO - DAG(s) dict_keys(['elt_reddit_pipeline']) retrieved from /opt/airflow/dags/reddit_dag.py
[2024-09-08T05:26:54.183+0000] {logging_mixin.py:151} INFO - [2024-09-08T05:26:54.182+0000] {dag.py:2941} INFO - Sync 1 DAGs
[2024-09-08T05:26:54.194+0000] {logging_mixin.py:151} INFO - [2024-09-08T05:26:54.193+0000] {dag.py:3722} INFO - Setting next_dagrun for elt_reddit_pipeline to 2024-09-08T00:00:00+00:00, run_after=2024-09-09T00:00:00+00:00
[2024-09-08T05:26:54.201+0000] {processor.py:179} INFO - Processing /opt/airflow/dags/reddit_dag.py took 0.353 seconds
[2024-09-08T05:27:24.634+0000] {processor.py:157} INFO - Started process (PID=5555) to work on /opt/airflow/dags/reddit_dag.py
[2024-09-08T05:27:24.636+0000] {processor.py:829} INFO - Processing file /opt/airflow/dags/reddit_dag.py for tasks to queue
[2024-09-08T05:27:24.639+0000] {logging_mixin.py:151} INFO - [2024-09-08T05:27:24.638+0000] {dagbag.py:536} INFO - Filling up the DagBag from /opt/airflow/dags/reddit_dag.py
[2024-09-08T05:27:24.952+0000] {processor.py:839} INFO - DAG(s) dict_keys(['elt_reddit_pipeline']) retrieved from /opt/airflow/dags/reddit_dag.py
[2024-09-08T05:27:24.963+0000] {logging_mixin.py:151} INFO - [2024-09-08T05:27:24.962+0000] {dag.py:2941} INFO - Sync 1 DAGs
[2024-09-08T05:27:24.973+0000] {logging_mixin.py:151} INFO - [2024-09-08T05:27:24.973+0000] {dag.py:3722} INFO - Setting next_dagrun for elt_reddit_pipeline to 2024-09-08T00:00:00+00:00, run_after=2024-09-09T00:00:00+00:00
[2024-09-08T05:27:24.981+0000] {processor.py:179} INFO - Processing /opt/airflow/dags/reddit_dag.py took 0.352 seconds
[2024-09-08T05:27:55.198+0000] {processor.py:157} INFO - Started process (PID=5557) to work on /opt/airflow/dags/reddit_dag.py
[2024-09-08T05:27:55.199+0000] {processor.py:829} INFO - Processing file /opt/airflow/dags/reddit_dag.py for tasks to queue
[2024-09-08T05:27:55.202+0000] {logging_mixin.py:151} INFO - [2024-09-08T05:27:55.202+0000] {dagbag.py:536} INFO - Filling up the DagBag from /opt/airflow/dags/reddit_dag.py
[2024-09-08T05:27:55.516+0000] {processor.py:839} INFO - DAG(s) dict_keys(['elt_reddit_pipeline']) retrieved from /opt/airflow/dags/reddit_dag.py
[2024-09-08T05:27:55.527+0000] {logging_mixin.py:151} INFO - [2024-09-08T05:27:55.527+0000] {dag.py:2941} INFO - Sync 1 DAGs
[2024-09-08T05:27:55.537+0000] {logging_mixin.py:151} INFO - [2024-09-08T05:27:55.536+0000] {dag.py:3722} INFO - Setting next_dagrun for elt_reddit_pipeline to 2024-09-08T00:00:00+00:00, run_after=2024-09-09T00:00:00+00:00
[2024-09-08T05:27:55.545+0000] {processor.py:179} INFO - Processing /opt/airflow/dags/reddit_dag.py took 0.353 seconds
[2024-09-08T05:28:25.999+0000] {processor.py:157} INFO - Started process (PID=5559) to work on /opt/airflow/dags/reddit_dag.py
[2024-09-08T05:28:26.000+0000] {processor.py:829} INFO - Processing file /opt/airflow/dags/reddit_dag.py for tasks to queue
[2024-09-08T05:28:26.003+0000] {logging_mixin.py:151} INFO - [2024-09-08T05:28:26.003+0000] {dagbag.py:536} INFO - Filling up the DagBag from /opt/airflow/dags/reddit_dag.py
[2024-09-08T05:28:26.317+0000] {processor.py:839} INFO - DAG(s) dict_keys(['elt_reddit_pipeline']) retrieved from /opt/airflow/dags/reddit_dag.py
[2024-09-08T05:28:26.328+0000] {logging_mixin.py:151} INFO - [2024-09-08T05:28:26.328+0000] {dag.py:2941} INFO - Sync 1 DAGs
[2024-09-08T05:28:26.338+0000] {logging_mixin.py:151} INFO - [2024-09-08T05:28:26.338+0000] {dag.py:3722} INFO - Setting next_dagrun for elt_reddit_pipeline to 2024-09-08T00:00:00+00:00, run_after=2024-09-09T00:00:00+00:00
[2024-09-08T05:28:26.346+0000] {processor.py:179} INFO - Processing /opt/airflow/dags/reddit_dag.py took 0.352 seconds
[2024-09-08T05:28:56.562+0000] {processor.py:157} INFO - Started process (PID=5561) to work on /opt/airflow/dags/reddit_dag.py
[2024-09-08T05:28:56.564+0000] {processor.py:829} INFO - Processing file /opt/airflow/dags/reddit_dag.py for tasks to queue
[2024-09-08T05:28:56.567+0000] {logging_mixin.py:151} INFO - [2024-09-08T05:28:56.566+0000] {dagbag.py:536} INFO - Filling up the DagBag from /opt/airflow/dags/reddit_dag.py
[2024-09-08T05:28:56.879+0000] {processor.py:839} INFO - DAG(s) dict_keys(['elt_reddit_pipeline']) retrieved from /opt/airflow/dags/reddit_dag.py
[2024-09-08T05:28:56.890+0000] {logging_mixin.py:151} INFO - [2024-09-08T05:28:56.890+0000] {dag.py:2941} INFO - Sync 1 DAGs
[2024-09-08T05:28:56.900+0000] {logging_mixin.py:151} INFO - [2024-09-08T05:28:56.899+0000] {dag.py:3722} INFO - Setting next_dagrun for elt_reddit_pipeline to 2024-09-08T00:00:00+00:00, run_after=2024-09-09T00:00:00+00:00
[2024-09-08T05:28:56.908+0000] {processor.py:179} INFO - Processing /opt/airflow/dags/reddit_dag.py took 0.352 seconds
[2024-09-08T05:29:27.329+0000] {processor.py:157} INFO - Started process (PID=5563) to work on /opt/airflow/dags/reddit_dag.py
[2024-09-08T05:29:27.330+0000] {processor.py:829} INFO - Processing file /opt/airflow/dags/reddit_dag.py for tasks to queue
[2024-09-08T05:29:27.335+0000] {logging_mixin.py:151} INFO - [2024-09-08T05:29:27.334+0000] {dagbag.py:536} INFO - Filling up the DagBag from /opt/airflow/dags/reddit_dag.py
[2024-09-08T05:29:27.648+0000] {processor.py:839} INFO - DAG(s) dict_keys(['elt_reddit_pipeline']) retrieved from /opt/airflow/dags/reddit_dag.py
[2024-09-08T05:29:27.659+0000] {logging_mixin.py:151} INFO - [2024-09-08T05:29:27.659+0000] {dag.py:2941} INFO - Sync 1 DAGs
[2024-09-08T05:29:27.669+0000] {logging_mixin.py:151} INFO - [2024-09-08T05:29:27.669+0000] {dag.py:3722} INFO - Setting next_dagrun for elt_reddit_pipeline to 2024-09-08T00:00:00+00:00, run_after=2024-09-09T00:00:00+00:00
[2024-09-08T05:29:27.677+0000] {processor.py:179} INFO - Processing /opt/airflow/dags/reddit_dag.py took 0.353 seconds
[2024-09-08T05:29:57.909+0000] {processor.py:157} INFO - Started process (PID=5565) to work on /opt/airflow/dags/reddit_dag.py
[2024-09-08T05:29:57.911+0000] {processor.py:829} INFO - Processing file /opt/airflow/dags/reddit_dag.py for tasks to queue
[2024-09-08T05:29:57.916+0000] {logging_mixin.py:151} INFO - [2024-09-08T05:29:57.916+0000] {dagbag.py:536} INFO - Filling up the DagBag from /opt/airflow/dags/reddit_dag.py
[2024-09-08T05:29:58.230+0000] {processor.py:839} INFO - DAG(s) dict_keys(['elt_reddit_pipeline']) retrieved from /opt/airflow/dags/reddit_dag.py
[2024-09-08T05:29:58.240+0000] {logging_mixin.py:151} INFO - [2024-09-08T05:29:58.240+0000] {dag.py:2941} INFO - Sync 1 DAGs
[2024-09-08T05:29:58.250+0000] {logging_mixin.py:151} INFO - [2024-09-08T05:29:58.250+0000] {dag.py:3722} INFO - Setting next_dagrun for elt_reddit_pipeline to 2024-09-08T00:00:00+00:00, run_after=2024-09-09T00:00:00+00:00
[2024-09-08T05:29:58.258+0000] {processor.py:179} INFO - Processing /opt/airflow/dags/reddit_dag.py took 0.355 seconds
[2024-09-08T05:30:28.710+0000] {processor.py:157} INFO - Started process (PID=5567) to work on /opt/airflow/dags/reddit_dag.py
[2024-09-08T05:30:28.712+0000] {processor.py:829} INFO - Processing file /opt/airflow/dags/reddit_dag.py for tasks to queue
[2024-09-08T05:30:28.715+0000] {logging_mixin.py:151} INFO - [2024-09-08T05:30:28.714+0000] {dagbag.py:536} INFO - Filling up the DagBag from /opt/airflow/dags/reddit_dag.py
[2024-09-08T05:30:29.030+0000] {processor.py:839} INFO - DAG(s) dict_keys(['elt_reddit_pipeline']) retrieved from /opt/airflow/dags/reddit_dag.py
[2024-09-08T05:30:29.042+0000] {logging_mixin.py:151} INFO - [2024-09-08T05:30:29.041+0000] {dag.py:2941} INFO - Sync 1 DAGs
[2024-09-08T05:30:29.051+0000] {logging_mixin.py:151} INFO - [2024-09-08T05:30:29.051+0000] {dag.py:3722} INFO - Setting next_dagrun for elt_reddit_pipeline to 2024-09-08T00:00:00+00:00, run_after=2024-09-09T00:00:00+00:00
[2024-09-08T05:30:29.059+0000] {processor.py:179} INFO - Processing /opt/airflow/dags/reddit_dag.py took 0.354 seconds
[2024-09-08T05:30:59.191+0000] {processor.py:157} INFO - Started process (PID=5569) to work on /opt/airflow/dags/reddit_dag.py
[2024-09-08T05:30:59.193+0000] {processor.py:829} INFO - Processing file /opt/airflow/dags/reddit_dag.py for tasks to queue
[2024-09-08T05:30:59.196+0000] {logging_mixin.py:151} INFO - [2024-09-08T05:30:59.196+0000] {dagbag.py:536} INFO - Filling up the DagBag from /opt/airflow/dags/reddit_dag.py
[2024-09-08T05:30:59.508+0000] {processor.py:839} INFO - DAG(s) dict_keys(['elt_reddit_pipeline']) retrieved from /opt/airflow/dags/reddit_dag.py
[2024-09-08T05:30:59.520+0000] {logging_mixin.py:151} INFO - [2024-09-08T05:30:59.519+0000] {dag.py:2941} INFO - Sync 1 DAGs
[2024-09-08T05:30:59.529+0000] {logging_mixin.py:151} INFO - [2024-09-08T05:30:59.529+0000] {dag.py:3722} INFO - Setting next_dagrun for elt_reddit_pipeline to 2024-09-08T00:00:00+00:00, run_after=2024-09-09T00:00:00+00:00
[2024-09-08T05:30:59.537+0000] {processor.py:179} INFO - Processing /opt/airflow/dags/reddit_dag.py took 0.351 seconds
[2024-09-08T05:31:29.640+0000] {processor.py:157} INFO - Started process (PID=5571) to work on /opt/airflow/dags/reddit_dag.py
[2024-09-08T05:31:29.642+0000] {processor.py:829} INFO - Processing file /opt/airflow/dags/reddit_dag.py for tasks to queue
[2024-09-08T05:31:29.645+0000] {logging_mixin.py:151} INFO - [2024-09-08T05:31:29.645+0000] {dagbag.py:536} INFO - Filling up the DagBag from /opt/airflow/dags/reddit_dag.py
[2024-09-08T05:31:29.957+0000] {processor.py:839} INFO - DAG(s) dict_keys(['elt_reddit_pipeline']) retrieved from /opt/airflow/dags/reddit_dag.py
[2024-09-08T05:31:29.968+0000] {logging_mixin.py:151} INFO - [2024-09-08T05:31:29.968+0000] {dag.py:2941} INFO - Sync 1 DAGs
[2024-09-08T05:31:29.978+0000] {logging_mixin.py:151} INFO - [2024-09-08T05:31:29.978+0000] {dag.py:3722} INFO - Setting next_dagrun for elt_reddit_pipeline to 2024-09-08T00:00:00+00:00, run_after=2024-09-09T00:00:00+00:00
[2024-09-08T05:31:29.986+0000] {processor.py:179} INFO - Processing /opt/airflow/dags/reddit_dag.py took 0.354 seconds
[2024-09-08T05:32:00.647+0000] {processor.py:157} INFO - Started process (PID=5573) to work on /opt/airflow/dags/reddit_dag.py
[2024-09-08T05:32:00.648+0000] {processor.py:829} INFO - Processing file /opt/airflow/dags/reddit_dag.py for tasks to queue
[2024-09-08T05:32:00.651+0000] {logging_mixin.py:151} INFO - [2024-09-08T05:32:00.651+0000] {dagbag.py:536} INFO - Filling up the DagBag from /opt/airflow/dags/reddit_dag.py
[2024-09-08T05:32:00.968+0000] {processor.py:839} INFO - DAG(s) dict_keys(['elt_reddit_pipeline']) retrieved from /opt/airflow/dags/reddit_dag.py
[2024-09-08T05:32:00.979+0000] {logging_mixin.py:151} INFO - [2024-09-08T05:32:00.978+0000] {dag.py:2941} INFO - Sync 1 DAGs
[2024-09-08T05:32:00.989+0000] {logging_mixin.py:151} INFO - [2024-09-08T05:32:00.989+0000] {dag.py:3722} INFO - Setting next_dagrun for elt_reddit_pipeline to 2024-09-08T00:00:00+00:00, run_after=2024-09-09T00:00:00+00:00
[2024-09-08T05:32:00.996+0000] {processor.py:179} INFO - Processing /opt/airflow/dags/reddit_dag.py took 0.355 seconds
[2024-09-08T05:32:31.167+0000] {processor.py:157} INFO - Started process (PID=5575) to work on /opt/airflow/dags/reddit_dag.py
[2024-09-08T05:32:31.169+0000] {processor.py:829} INFO - Processing file /opt/airflow/dags/reddit_dag.py for tasks to queue
[2024-09-08T05:32:31.172+0000] {logging_mixin.py:151} INFO - [2024-09-08T05:32:31.172+0000] {dagbag.py:536} INFO - Filling up the DagBag from /opt/airflow/dags/reddit_dag.py
[2024-09-08T05:32:31.490+0000] {processor.py:839} INFO - DAG(s) dict_keys(['elt_reddit_pipeline']) retrieved from /opt/airflow/dags/reddit_dag.py
[2024-09-08T05:32:31.501+0000] {logging_mixin.py:151} INFO - [2024-09-08T05:32:31.501+0000] {dag.py:2941} INFO - Sync 1 DAGs
[2024-09-08T05:32:31.511+0000] {logging_mixin.py:151} INFO - [2024-09-08T05:32:31.511+0000] {dag.py:3722} INFO - Setting next_dagrun for elt_reddit_pipeline to 2024-09-08T00:00:00+00:00, run_after=2024-09-09T00:00:00+00:00
[2024-09-08T05:32:31.519+0000] {processor.py:179} INFO - Processing /opt/airflow/dags/reddit_dag.py took 0.359 seconds
[2024-09-08T05:33:01.983+0000] {processor.py:157} INFO - Started process (PID=5577) to work on /opt/airflow/dags/reddit_dag.py
[2024-09-08T05:33:01.985+0000] {processor.py:829} INFO - Processing file /opt/airflow/dags/reddit_dag.py for tasks to queue
[2024-09-08T05:33:01.989+0000] {logging_mixin.py:151} INFO - [2024-09-08T05:33:01.989+0000] {dagbag.py:536} INFO - Filling up the DagBag from /opt/airflow/dags/reddit_dag.py
[2024-09-08T05:33:02.310+0000] {processor.py:839} INFO - DAG(s) dict_keys(['elt_reddit_pipeline']) retrieved from /opt/airflow/dags/reddit_dag.py
[2024-09-08T05:33:02.322+0000] {logging_mixin.py:151} INFO - [2024-09-08T05:33:02.321+0000] {dag.py:2941} INFO - Sync 1 DAGs
[2024-09-08T05:33:02.332+0000] {logging_mixin.py:151} INFO - [2024-09-08T05:33:02.332+0000] {dag.py:3722} INFO - Setting next_dagrun for elt_reddit_pipeline to 2024-09-08T00:00:00+00:00, run_after=2024-09-09T00:00:00+00:00
[2024-09-08T05:33:02.340+0000] {processor.py:179} INFO - Processing /opt/airflow/dags/reddit_dag.py took 0.362 seconds
[2024-09-08T05:33:32.545+0000] {processor.py:157} INFO - Started process (PID=5579) to work on /opt/airflow/dags/reddit_dag.py
[2024-09-08T05:33:32.547+0000] {processor.py:829} INFO - Processing file /opt/airflow/dags/reddit_dag.py for tasks to queue
[2024-09-08T05:33:32.552+0000] {logging_mixin.py:151} INFO - [2024-09-08T05:33:32.551+0000] {dagbag.py:536} INFO - Filling up the DagBag from /opt/airflow/dags/reddit_dag.py
[2024-09-08T05:33:32.871+0000] {processor.py:839} INFO - DAG(s) dict_keys(['elt_reddit_pipeline']) retrieved from /opt/airflow/dags/reddit_dag.py
[2024-09-08T05:33:32.882+0000] {logging_mixin.py:151} INFO - [2024-09-08T05:33:32.882+0000] {dag.py:2941} INFO - Sync 1 DAGs
[2024-09-08T05:33:32.892+0000] {logging_mixin.py:151} INFO - [2024-09-08T05:33:32.892+0000] {dag.py:3722} INFO - Setting next_dagrun for elt_reddit_pipeline to 2024-09-08T00:00:00+00:00, run_after=2024-09-09T00:00:00+00:00
[2024-09-08T05:33:32.900+0000] {processor.py:179} INFO - Processing /opt/airflow/dags/reddit_dag.py took 0.360 seconds
[2024-09-08T05:34:03.360+0000] {processor.py:157} INFO - Started process (PID=5581) to work on /opt/airflow/dags/reddit_dag.py
[2024-09-08T05:34:03.361+0000] {processor.py:829} INFO - Processing file /opt/airflow/dags/reddit_dag.py for tasks to queue
[2024-09-08T05:34:03.366+0000] {logging_mixin.py:151} INFO - [2024-09-08T05:34:03.365+0000] {dagbag.py:536} INFO - Filling up the DagBag from /opt/airflow/dags/reddit_dag.py
[2024-09-08T05:34:03.680+0000] {processor.py:839} INFO - DAG(s) dict_keys(['elt_reddit_pipeline']) retrieved from /opt/airflow/dags/reddit_dag.py
[2024-09-08T05:34:03.691+0000] {logging_mixin.py:151} INFO - [2024-09-08T05:34:03.691+0000] {dag.py:2941} INFO - Sync 1 DAGs
[2024-09-08T05:34:03.701+0000] {logging_mixin.py:151} INFO - [2024-09-08T05:34:03.701+0000] {dag.py:3722} INFO - Setting next_dagrun for elt_reddit_pipeline to 2024-09-08T00:00:00+00:00, run_after=2024-09-09T00:00:00+00:00
[2024-09-08T05:34:03.709+0000] {processor.py:179} INFO - Processing /opt/airflow/dags/reddit_dag.py took 0.354 seconds
[2024-09-08T05:34:33.882+0000] {processor.py:157} INFO - Started process (PID=5583) to work on /opt/airflow/dags/reddit_dag.py
[2024-09-08T05:34:33.883+0000] {processor.py:829} INFO - Processing file /opt/airflow/dags/reddit_dag.py for tasks to queue
[2024-09-08T05:34:33.886+0000] {logging_mixin.py:151} INFO - [2024-09-08T05:34:33.886+0000] {dagbag.py:536} INFO - Filling up the DagBag from /opt/airflow/dags/reddit_dag.py
[2024-09-08T05:34:34.199+0000] {processor.py:839} INFO - DAG(s) dict_keys(['elt_reddit_pipeline']) retrieved from /opt/airflow/dags/reddit_dag.py
[2024-09-08T05:34:34.211+0000] {logging_mixin.py:151} INFO - [2024-09-08T05:34:34.210+0000] {dag.py:2941} INFO - Sync 1 DAGs
[2024-09-08T05:34:34.220+0000] {logging_mixin.py:151} INFO - [2024-09-08T05:34:34.220+0000] {dag.py:3722} INFO - Setting next_dagrun for elt_reddit_pipeline to 2024-09-08T00:00:00+00:00, run_after=2024-09-09T00:00:00+00:00
[2024-09-08T05:34:34.229+0000] {processor.py:179} INFO - Processing /opt/airflow/dags/reddit_dag.py took 0.353 seconds
[2024-09-08T05:35:04.671+0000] {processor.py:157} INFO - Started process (PID=5585) to work on /opt/airflow/dags/reddit_dag.py
[2024-09-08T05:35:04.673+0000] {processor.py:829} INFO - Processing file /opt/airflow/dags/reddit_dag.py for tasks to queue
[2024-09-08T05:35:04.676+0000] {logging_mixin.py:151} INFO - [2024-09-08T05:35:04.676+0000] {dagbag.py:536} INFO - Filling up the DagBag from /opt/airflow/dags/reddit_dag.py
[2024-09-08T05:35:04.995+0000] {processor.py:839} INFO - DAG(s) dict_keys(['elt_reddit_pipeline']) retrieved from /opt/airflow/dags/reddit_dag.py
[2024-09-08T05:35:05.006+0000] {logging_mixin.py:151} INFO - [2024-09-08T05:35:05.006+0000] {dag.py:2941} INFO - Sync 1 DAGs
[2024-09-08T05:35:05.017+0000] {logging_mixin.py:151} INFO - [2024-09-08T05:35:05.017+0000] {dag.py:3722} INFO - Setting next_dagrun for elt_reddit_pipeline to 2024-09-08T00:00:00+00:00, run_after=2024-09-09T00:00:00+00:00
[2024-09-08T05:35:05.025+0000] {processor.py:179} INFO - Processing /opt/airflow/dags/reddit_dag.py took 0.358 seconds
[2024-09-08T05:35:35.227+0000] {processor.py:157} INFO - Started process (PID=5587) to work on /opt/airflow/dags/reddit_dag.py
[2024-09-08T05:35:35.229+0000] {processor.py:829} INFO - Processing file /opt/airflow/dags/reddit_dag.py for tasks to queue
[2024-09-08T05:35:35.232+0000] {logging_mixin.py:151} INFO - [2024-09-08T05:35:35.232+0000] {dagbag.py:536} INFO - Filling up the DagBag from /opt/airflow/dags/reddit_dag.py
[2024-09-08T05:35:35.546+0000] {processor.py:839} INFO - DAG(s) dict_keys(['elt_reddit_pipeline']) retrieved from /opt/airflow/dags/reddit_dag.py
[2024-09-08T05:35:35.557+0000] {logging_mixin.py:151} INFO - [2024-09-08T05:35:35.556+0000] {dag.py:2941} INFO - Sync 1 DAGs
[2024-09-08T05:35:35.567+0000] {logging_mixin.py:151} INFO - [2024-09-08T05:35:35.567+0000] {dag.py:3722} INFO - Setting next_dagrun for elt_reddit_pipeline to 2024-09-08T00:00:00+00:00, run_after=2024-09-09T00:00:00+00:00
[2024-09-08T05:35:35.575+0000] {processor.py:179} INFO - Processing /opt/airflow/dags/reddit_dag.py took 0.354 seconds
[2024-09-08T05:36:05.980+0000] {processor.py:157} INFO - Started process (PID=5589) to work on /opt/airflow/dags/reddit_dag.py
[2024-09-08T05:36:05.982+0000] {processor.py:829} INFO - Processing file /opt/airflow/dags/reddit_dag.py for tasks to queue
[2024-09-08T05:36:05.985+0000] {logging_mixin.py:151} INFO - [2024-09-08T05:36:05.985+0000] {dagbag.py:536} INFO - Filling up the DagBag from /opt/airflow/dags/reddit_dag.py
[2024-09-08T05:36:06.301+0000] {processor.py:839} INFO - DAG(s) dict_keys(['elt_reddit_pipeline']) retrieved from /opt/airflow/dags/reddit_dag.py
[2024-09-08T05:36:06.313+0000] {logging_mixin.py:151} INFO - [2024-09-08T05:36:06.312+0000] {dag.py:2941} INFO - Sync 1 DAGs
[2024-09-08T05:36:06.322+0000] {logging_mixin.py:151} INFO - [2024-09-08T05:36:06.322+0000] {dag.py:3722} INFO - Setting next_dagrun for elt_reddit_pipeline to 2024-09-08T00:00:00+00:00, run_after=2024-09-09T00:00:00+00:00
[2024-09-08T05:36:06.330+0000] {processor.py:179} INFO - Processing /opt/airflow/dags/reddit_dag.py took 0.355 seconds
[2024-09-08T05:36:36.491+0000] {processor.py:157} INFO - Started process (PID=5591) to work on /opt/airflow/dags/reddit_dag.py
[2024-09-08T05:36:36.493+0000] {processor.py:829} INFO - Processing file /opt/airflow/dags/reddit_dag.py for tasks to queue
[2024-09-08T05:36:36.496+0000] {logging_mixin.py:151} INFO - [2024-09-08T05:36:36.496+0000] {dagbag.py:536} INFO - Filling up the DagBag from /opt/airflow/dags/reddit_dag.py
[2024-09-08T05:36:36.816+0000] {processor.py:839} INFO - DAG(s) dict_keys(['elt_reddit_pipeline']) retrieved from /opt/airflow/dags/reddit_dag.py
[2024-09-08T05:36:36.828+0000] {logging_mixin.py:151} INFO - [2024-09-08T05:36:36.828+0000] {dag.py:2941} INFO - Sync 1 DAGs
[2024-09-08T05:36:36.837+0000] {logging_mixin.py:151} INFO - [2024-09-08T05:36:36.837+0000] {dag.py:3722} INFO - Setting next_dagrun for elt_reddit_pipeline to 2024-09-08T00:00:00+00:00, run_after=2024-09-09T00:00:00+00:00
[2024-09-08T05:36:36.845+0000] {processor.py:179} INFO - Processing /opt/airflow/dags/reddit_dag.py took 0.360 seconds
[2024-09-08T05:37:07.260+0000] {processor.py:157} INFO - Started process (PID=5593) to work on /opt/airflow/dags/reddit_dag.py
[2024-09-08T05:37:07.262+0000] {processor.py:829} INFO - Processing file /opt/airflow/dags/reddit_dag.py for tasks to queue
[2024-09-08T05:37:07.266+0000] {logging_mixin.py:151} INFO - [2024-09-08T05:37:07.266+0000] {dagbag.py:536} INFO - Filling up the DagBag from /opt/airflow/dags/reddit_dag.py
[2024-09-08T05:37:07.592+0000] {processor.py:839} INFO - DAG(s) dict_keys(['elt_reddit_pipeline']) retrieved from /opt/airflow/dags/reddit_dag.py
[2024-09-08T05:37:07.603+0000] {logging_mixin.py:151} INFO - [2024-09-08T05:37:07.603+0000] {dag.py:2941} INFO - Sync 1 DAGs
[2024-09-08T05:37:07.613+0000] {logging_mixin.py:151} INFO - [2024-09-08T05:37:07.613+0000] {dag.py:3722} INFO - Setting next_dagrun for elt_reddit_pipeline to 2024-09-08T00:00:00+00:00, run_after=2024-09-09T00:00:00+00:00
[2024-09-08T05:37:07.621+0000] {processor.py:179} INFO - Processing /opt/airflow/dags/reddit_dag.py took 0.366 seconds
[2024-09-08T05:37:37.840+0000] {processor.py:157} INFO - Started process (PID=5595) to work on /opt/airflow/dags/reddit_dag.py
[2024-09-08T05:37:37.842+0000] {processor.py:829} INFO - Processing file /opt/airflow/dags/reddit_dag.py for tasks to queue
[2024-09-08T05:37:37.846+0000] {logging_mixin.py:151} INFO - [2024-09-08T05:37:37.846+0000] {dagbag.py:536} INFO - Filling up the DagBag from /opt/airflow/dags/reddit_dag.py
[2024-09-08T05:37:38.164+0000] {processor.py:839} INFO - DAG(s) dict_keys(['elt_reddit_pipeline']) retrieved from /opt/airflow/dags/reddit_dag.py
[2024-09-08T05:37:38.175+0000] {logging_mixin.py:151} INFO - [2024-09-08T05:37:38.175+0000] {dag.py:2941} INFO - Sync 1 DAGs
[2024-09-08T05:37:38.184+0000] {logging_mixin.py:151} INFO - [2024-09-08T05:37:38.184+0000] {dag.py:3722} INFO - Setting next_dagrun for elt_reddit_pipeline to 2024-09-08T00:00:00+00:00, run_after=2024-09-09T00:00:00+00:00
[2024-09-08T05:37:38.193+0000] {processor.py:179} INFO - Processing /opt/airflow/dags/reddit_dag.py took 0.358 seconds
[2024-09-08T05:38:08.676+0000] {processor.py:157} INFO - Started process (PID=5597) to work on /opt/airflow/dags/reddit_dag.py
[2024-09-08T05:38:08.677+0000] {processor.py:829} INFO - Processing file /opt/airflow/dags/reddit_dag.py for tasks to queue
[2024-09-08T05:38:08.681+0000] {logging_mixin.py:151} INFO - [2024-09-08T05:38:08.681+0000] {dagbag.py:536} INFO - Filling up the DagBag from /opt/airflow/dags/reddit_dag.py
[2024-09-08T05:38:08.994+0000] {processor.py:839} INFO - DAG(s) dict_keys(['elt_reddit_pipeline']) retrieved from /opt/airflow/dags/reddit_dag.py
[2024-09-08T05:38:09.005+0000] {logging_mixin.py:151} INFO - [2024-09-08T05:38:09.004+0000] {dag.py:2941} INFO - Sync 1 DAGs
[2024-09-08T05:38:09.015+0000] {logging_mixin.py:151} INFO - [2024-09-08T05:38:09.015+0000] {dag.py:3722} INFO - Setting next_dagrun for elt_reddit_pipeline to 2024-09-08T00:00:00+00:00, run_after=2024-09-09T00:00:00+00:00
[2024-09-08T05:38:09.022+0000] {processor.py:179} INFO - Processing /opt/airflow/dags/reddit_dag.py took 0.352 seconds
[2024-09-08T05:38:39.236+0000] {processor.py:157} INFO - Started process (PID=5599) to work on /opt/airflow/dags/reddit_dag.py
[2024-09-08T05:38:39.237+0000] {processor.py:829} INFO - Processing file /opt/airflow/dags/reddit_dag.py for tasks to queue
[2024-09-08T05:38:39.240+0000] {logging_mixin.py:151} INFO - [2024-09-08T05:38:39.240+0000] {dagbag.py:536} INFO - Filling up the DagBag from /opt/airflow/dags/reddit_dag.py
[2024-09-08T05:38:39.555+0000] {processor.py:839} INFO - DAG(s) dict_keys(['elt_reddit_pipeline']) retrieved from /opt/airflow/dags/reddit_dag.py
[2024-09-08T05:38:39.566+0000] {logging_mixin.py:151} INFO - [2024-09-08T05:38:39.566+0000] {dag.py:2941} INFO - Sync 1 DAGs
[2024-09-08T05:38:39.576+0000] {logging_mixin.py:151} INFO - [2024-09-08T05:38:39.576+0000] {dag.py:3722} INFO - Setting next_dagrun for elt_reddit_pipeline to 2024-09-08T00:00:00+00:00, run_after=2024-09-09T00:00:00+00:00
[2024-09-08T05:38:39.584+0000] {processor.py:179} INFO - Processing /opt/airflow/dags/reddit_dag.py took 0.355 seconds
[2024-09-08T05:39:10.064+0000] {processor.py:157} INFO - Started process (PID=5601) to work on /opt/airflow/dags/reddit_dag.py
[2024-09-08T05:39:10.066+0000] {processor.py:829} INFO - Processing file /opt/airflow/dags/reddit_dag.py for tasks to queue
[2024-09-08T05:39:10.069+0000] {logging_mixin.py:151} INFO - [2024-09-08T05:39:10.068+0000] {dagbag.py:536} INFO - Filling up the DagBag from /opt/airflow/dags/reddit_dag.py
[2024-09-08T05:39:10.388+0000] {processor.py:839} INFO - DAG(s) dict_keys(['elt_reddit_pipeline']) retrieved from /opt/airflow/dags/reddit_dag.py
[2024-09-08T05:39:10.399+0000] {logging_mixin.py:151} INFO - [2024-09-08T05:39:10.399+0000] {dag.py:2941} INFO - Sync 1 DAGs
[2024-09-08T05:39:10.409+0000] {logging_mixin.py:151} INFO - [2024-09-08T05:39:10.408+0000] {dag.py:3722} INFO - Setting next_dagrun for elt_reddit_pipeline to 2024-09-08T00:00:00+00:00, run_after=2024-09-09T00:00:00+00:00
[2024-09-08T05:39:10.416+0000] {processor.py:179} INFO - Processing /opt/airflow/dags/reddit_dag.py took 0.357 seconds
[2024-09-08T05:39:40.613+0000] {processor.py:157} INFO - Started process (PID=5603) to work on /opt/airflow/dags/reddit_dag.py
[2024-09-08T05:39:40.615+0000] {processor.py:829} INFO - Processing file /opt/airflow/dags/reddit_dag.py for tasks to queue
[2024-09-08T05:39:40.618+0000] {logging_mixin.py:151} INFO - [2024-09-08T05:39:40.618+0000] {dagbag.py:536} INFO - Filling up the DagBag from /opt/airflow/dags/reddit_dag.py
[2024-09-08T05:39:40.937+0000] {processor.py:839} INFO - DAG(s) dict_keys(['elt_reddit_pipeline']) retrieved from /opt/airflow/dags/reddit_dag.py
[2024-09-08T05:39:40.948+0000] {logging_mixin.py:151} INFO - [2024-09-08T05:39:40.948+0000] {dag.py:2941} INFO - Sync 1 DAGs
[2024-09-08T05:39:40.957+0000] {logging_mixin.py:151} INFO - [2024-09-08T05:39:40.957+0000] {dag.py:3722} INFO - Setting next_dagrun for elt_reddit_pipeline to 2024-09-08T00:00:00+00:00, run_after=2024-09-09T00:00:00+00:00
[2024-09-08T05:39:40.965+0000] {processor.py:179} INFO - Processing /opt/airflow/dags/reddit_dag.py took 0.358 seconds
[2024-09-08T05:40:11.449+0000] {processor.py:157} INFO - Started process (PID=5605) to work on /opt/airflow/dags/reddit_dag.py
[2024-09-08T05:40:11.451+0000] {processor.py:829} INFO - Processing file /opt/airflow/dags/reddit_dag.py for tasks to queue
[2024-09-08T05:40:11.455+0000] {logging_mixin.py:151} INFO - [2024-09-08T05:40:11.454+0000] {dagbag.py:536} INFO - Filling up the DagBag from /opt/airflow/dags/reddit_dag.py
[2024-09-08T05:40:11.774+0000] {processor.py:839} INFO - DAG(s) dict_keys(['elt_reddit_pipeline']) retrieved from /opt/airflow/dags/reddit_dag.py
[2024-09-08T05:40:11.785+0000] {logging_mixin.py:151} INFO - [2024-09-08T05:40:11.784+0000] {dag.py:2941} INFO - Sync 1 DAGs
[2024-09-08T05:40:11.794+0000] {logging_mixin.py:151} INFO - [2024-09-08T05:40:11.794+0000] {dag.py:3722} INFO - Setting next_dagrun for elt_reddit_pipeline to 2024-09-08T00:00:00+00:00, run_after=2024-09-09T00:00:00+00:00
[2024-09-08T05:40:11.801+0000] {processor.py:179} INFO - Processing /opt/airflow/dags/reddit_dag.py took 0.357 seconds
[2024-09-08T05:40:42.016+0000] {processor.py:157} INFO - Started process (PID=5607) to work on /opt/airflow/dags/reddit_dag.py
[2024-09-08T05:40:42.018+0000] {processor.py:829} INFO - Processing file /opt/airflow/dags/reddit_dag.py for tasks to queue
[2024-09-08T05:40:42.022+0000] {logging_mixin.py:151} INFO - [2024-09-08T05:40:42.022+0000] {dagbag.py:536} INFO - Filling up the DagBag from /opt/airflow/dags/reddit_dag.py
[2024-09-08T05:40:42.334+0000] {processor.py:839} INFO - DAG(s) dict_keys(['elt_reddit_pipeline']) retrieved from /opt/airflow/dags/reddit_dag.py
[2024-09-08T05:40:42.345+0000] {logging_mixin.py:151} INFO - [2024-09-08T05:40:42.345+0000] {dag.py:2941} INFO - Sync 1 DAGs
[2024-09-08T05:40:42.355+0000] {logging_mixin.py:151} INFO - [2024-09-08T05:40:42.355+0000] {dag.py:3722} INFO - Setting next_dagrun for elt_reddit_pipeline to 2024-09-08T00:00:00+00:00, run_after=2024-09-09T00:00:00+00:00
[2024-09-08T05:40:42.363+0000] {processor.py:179} INFO - Processing /opt/airflow/dags/reddit_dag.py took 0.352 seconds
[2024-09-08T05:41:12.847+0000] {processor.py:157} INFO - Started process (PID=5609) to work on /opt/airflow/dags/reddit_dag.py
[2024-09-08T05:41:12.848+0000] {processor.py:829} INFO - Processing file /opt/airflow/dags/reddit_dag.py for tasks to queue
[2024-09-08T05:41:12.852+0000] {logging_mixin.py:151} INFO - [2024-09-08T05:41:12.852+0000] {dagbag.py:536} INFO - Filling up the DagBag from /opt/airflow/dags/reddit_dag.py
[2024-09-08T05:41:13.164+0000] {processor.py:839} INFO - DAG(s) dict_keys(['elt_reddit_pipeline']) retrieved from /opt/airflow/dags/reddit_dag.py
[2024-09-08T05:41:13.174+0000] {logging_mixin.py:151} INFO - [2024-09-08T05:41:13.174+0000] {dag.py:2941} INFO - Sync 1 DAGs
[2024-09-08T05:41:13.184+0000] {logging_mixin.py:151} INFO - [2024-09-08T05:41:13.184+0000] {dag.py:3722} INFO - Setting next_dagrun for elt_reddit_pipeline to 2024-09-08T00:00:00+00:00, run_after=2024-09-09T00:00:00+00:00
[2024-09-08T05:41:13.191+0000] {processor.py:179} INFO - Processing /opt/airflow/dags/reddit_dag.py took 0.349 seconds
[2024-09-08T05:41:43.341+0000] {processor.py:157} INFO - Started process (PID=5611) to work on /opt/airflow/dags/reddit_dag.py
[2024-09-08T05:41:43.343+0000] {processor.py:829} INFO - Processing file /opt/airflow/dags/reddit_dag.py for tasks to queue
[2024-09-08T05:41:43.346+0000] {logging_mixin.py:151} INFO - [2024-09-08T05:41:43.346+0000] {dagbag.py:536} INFO - Filling up the DagBag from /opt/airflow/dags/reddit_dag.py
[2024-09-08T05:41:43.677+0000] {processor.py:839} INFO - DAG(s) dict_keys(['elt_reddit_pipeline']) retrieved from /opt/airflow/dags/reddit_dag.py
[2024-09-08T05:41:43.688+0000] {logging_mixin.py:151} INFO - [2024-09-08T05:41:43.688+0000] {dag.py:2941} INFO - Sync 1 DAGs
[2024-09-08T05:41:43.697+0000] {logging_mixin.py:151} INFO - [2024-09-08T05:41:43.697+0000] {dag.py:3722} INFO - Setting next_dagrun for elt_reddit_pipeline to 2024-09-08T00:00:00+00:00, run_after=2024-09-09T00:00:00+00:00
[2024-09-08T05:41:43.705+0000] {processor.py:179} INFO - Processing /opt/airflow/dags/reddit_dag.py took 0.372 seconds
[2024-09-08T05:42:14.193+0000] {processor.py:157} INFO - Started process (PID=5613) to work on /opt/airflow/dags/reddit_dag.py
[2024-09-08T05:42:14.194+0000] {processor.py:829} INFO - Processing file /opt/airflow/dags/reddit_dag.py for tasks to queue
[2024-09-08T05:42:14.197+0000] {logging_mixin.py:151} INFO - [2024-09-08T05:42:14.197+0000] {dagbag.py:536} INFO - Filling up the DagBag from /opt/airflow/dags/reddit_dag.py
[2024-09-08T05:42:14.511+0000] {processor.py:839} INFO - DAG(s) dict_keys(['elt_reddit_pipeline']) retrieved from /opt/airflow/dags/reddit_dag.py
[2024-09-08T05:42:14.523+0000] {logging_mixin.py:151} INFO - [2024-09-08T05:42:14.522+0000] {dag.py:2941} INFO - Sync 1 DAGs
[2024-09-08T05:42:14.532+0000] {logging_mixin.py:151} INFO - [2024-09-08T05:42:14.532+0000] {dag.py:3722} INFO - Setting next_dagrun for elt_reddit_pipeline to 2024-09-08T00:00:00+00:00, run_after=2024-09-09T00:00:00+00:00
[2024-09-08T05:42:14.539+0000] {processor.py:179} INFO - Processing /opt/airflow/dags/reddit_dag.py took 0.352 seconds
[2024-09-08T05:42:44.780+0000] {processor.py:157} INFO - Started process (PID=5615) to work on /opt/airflow/dags/reddit_dag.py
[2024-09-08T05:42:44.782+0000] {processor.py:829} INFO - Processing file /opt/airflow/dags/reddit_dag.py for tasks to queue
[2024-09-08T05:42:44.785+0000] {logging_mixin.py:151} INFO - [2024-09-08T05:42:44.784+0000] {dagbag.py:536} INFO - Filling up the DagBag from /opt/airflow/dags/reddit_dag.py
[2024-09-08T05:42:45.120+0000] {processor.py:839} INFO - DAG(s) dict_keys(['elt_reddit_pipeline']) retrieved from /opt/airflow/dags/reddit_dag.py
[2024-09-08T05:42:45.133+0000] {logging_mixin.py:151} INFO - [2024-09-08T05:42:45.132+0000] {dag.py:2941} INFO - Sync 1 DAGs
[2024-09-08T05:42:45.142+0000] {logging_mixin.py:151} INFO - [2024-09-08T05:42:45.142+0000] {dag.py:3722} INFO - Setting next_dagrun for elt_reddit_pipeline to 2024-09-08T00:00:00+00:00, run_after=2024-09-09T00:00:00+00:00
[2024-09-08T05:42:45.150+0000] {processor.py:179} INFO - Processing /opt/airflow/dags/reddit_dag.py took 0.377 seconds
[2024-09-08T05:43:15.959+0000] {processor.py:157} INFO - Started process (PID=5617) to work on /opt/airflow/dags/reddit_dag.py
[2024-09-08T05:43:15.961+0000] {processor.py:829} INFO - Processing file /opt/airflow/dags/reddit_dag.py for tasks to queue
[2024-09-08T05:43:15.964+0000] {logging_mixin.py:151} INFO - [2024-09-08T05:43:15.964+0000] {dagbag.py:536} INFO - Filling up the DagBag from /opt/airflow/dags/reddit_dag.py
[2024-09-08T05:43:16.293+0000] {processor.py:839} INFO - DAG(s) dict_keys(['elt_reddit_pipeline']) retrieved from /opt/airflow/dags/reddit_dag.py
[2024-09-08T05:43:16.305+0000] {logging_mixin.py:151} INFO - [2024-09-08T05:43:16.305+0000] {dag.py:2941} INFO - Sync 1 DAGs
[2024-09-08T05:43:16.315+0000] {logging_mixin.py:151} INFO - [2024-09-08T05:43:16.314+0000] {dag.py:3722} INFO - Setting next_dagrun for elt_reddit_pipeline to 2024-09-08T00:00:00+00:00, run_after=2024-09-09T00:00:00+00:00
[2024-09-08T05:43:16.323+0000] {processor.py:179} INFO - Processing /opt/airflow/dags/reddit_dag.py took 0.369 seconds
[2024-09-08T05:43:46.467+0000] {processor.py:157} INFO - Started process (PID=5619) to work on /opt/airflow/dags/reddit_dag.py
[2024-09-08T05:43:46.469+0000] {processor.py:829} INFO - Processing file /opt/airflow/dags/reddit_dag.py for tasks to queue
[2024-09-08T05:43:46.472+0000] {logging_mixin.py:151} INFO - [2024-09-08T05:43:46.471+0000] {dagbag.py:536} INFO - Filling up the DagBag from /opt/airflow/dags/reddit_dag.py
[2024-09-08T05:43:46.786+0000] {processor.py:839} INFO - DAG(s) dict_keys(['elt_reddit_pipeline']) retrieved from /opt/airflow/dags/reddit_dag.py
[2024-09-08T05:43:46.797+0000] {logging_mixin.py:151} INFO - [2024-09-08T05:43:46.797+0000] {dag.py:2941} INFO - Sync 1 DAGs
[2024-09-08T05:43:46.807+0000] {logging_mixin.py:151} INFO - [2024-09-08T05:43:46.807+0000] {dag.py:3722} INFO - Setting next_dagrun for elt_reddit_pipeline to 2024-09-08T00:00:00+00:00, run_after=2024-09-09T00:00:00+00:00
[2024-09-08T05:43:46.815+0000] {processor.py:179} INFO - Processing /opt/airflow/dags/reddit_dag.py took 0.354 seconds
[2024-09-08T05:44:17.272+0000] {processor.py:157} INFO - Started process (PID=5621) to work on /opt/airflow/dags/reddit_dag.py
[2024-09-08T05:44:17.274+0000] {processor.py:829} INFO - Processing file /opt/airflow/dags/reddit_dag.py for tasks to queue
[2024-09-08T05:44:17.278+0000] {logging_mixin.py:151} INFO - [2024-09-08T05:44:17.278+0000] {dagbag.py:536} INFO - Filling up the DagBag from /opt/airflow/dags/reddit_dag.py
[2024-09-08T05:44:17.598+0000] {processor.py:839} INFO - DAG(s) dict_keys(['elt_reddit_pipeline']) retrieved from /opt/airflow/dags/reddit_dag.py
[2024-09-08T05:44:17.609+0000] {logging_mixin.py:151} INFO - [2024-09-08T05:44:17.608+0000] {dag.py:2941} INFO - Sync 1 DAGs
[2024-09-08T05:44:17.619+0000] {logging_mixin.py:151} INFO - [2024-09-08T05:44:17.619+0000] {dag.py:3722} INFO - Setting next_dagrun for elt_reddit_pipeline to 2024-09-08T00:00:00+00:00, run_after=2024-09-09T00:00:00+00:00
[2024-09-08T05:44:17.627+0000] {processor.py:179} INFO - Processing /opt/airflow/dags/reddit_dag.py took 0.360 seconds
[2024-09-08T05:44:47.772+0000] {processor.py:157} INFO - Started process (PID=5623) to work on /opt/airflow/dags/reddit_dag.py
[2024-09-08T05:44:47.774+0000] {processor.py:829} INFO - Processing file /opt/airflow/dags/reddit_dag.py for tasks to queue
[2024-09-08T05:44:47.779+0000] {logging_mixin.py:151} INFO - [2024-09-08T05:44:47.778+0000] {dagbag.py:536} INFO - Filling up the DagBag from /opt/airflow/dags/reddit_dag.py
[2024-09-08T05:44:48.094+0000] {processor.py:839} INFO - DAG(s) dict_keys(['elt_reddit_pipeline']) retrieved from /opt/airflow/dags/reddit_dag.py
[2024-09-08T05:44:48.106+0000] {logging_mixin.py:151} INFO - [2024-09-08T05:44:48.106+0000] {dag.py:2941} INFO - Sync 1 DAGs
[2024-09-08T05:44:48.116+0000] {logging_mixin.py:151} INFO - [2024-09-08T05:44:48.116+0000] {dag.py:3722} INFO - Setting next_dagrun for elt_reddit_pipeline to 2024-09-08T00:00:00+00:00, run_after=2024-09-09T00:00:00+00:00
[2024-09-08T05:44:48.125+0000] {processor.py:179} INFO - Processing /opt/airflow/dags/reddit_dag.py took 0.358 seconds
[2024-09-08T05:45:18.665+0000] {processor.py:157} INFO - Started process (PID=5625) to work on /opt/airflow/dags/reddit_dag.py
[2024-09-08T05:45:18.667+0000] {processor.py:829} INFO - Processing file /opt/airflow/dags/reddit_dag.py for tasks to queue
[2024-09-08T05:45:18.670+0000] {logging_mixin.py:151} INFO - [2024-09-08T05:45:18.669+0000] {dagbag.py:536} INFO - Filling up the DagBag from /opt/airflow/dags/reddit_dag.py
[2024-09-08T05:45:18.986+0000] {processor.py:839} INFO - DAG(s) dict_keys(['elt_reddit_pipeline']) retrieved from /opt/airflow/dags/reddit_dag.py
[2024-09-08T05:45:18.997+0000] {logging_mixin.py:151} INFO - [2024-09-08T05:45:18.997+0000] {dag.py:2941} INFO - Sync 1 DAGs
[2024-09-08T05:45:19.007+0000] {logging_mixin.py:151} INFO - [2024-09-08T05:45:19.007+0000] {dag.py:3722} INFO - Setting next_dagrun for elt_reddit_pipeline to 2024-09-08T00:00:00+00:00, run_after=2024-09-09T00:00:00+00:00
[2024-09-08T05:45:19.015+0000] {processor.py:179} INFO - Processing /opt/airflow/dags/reddit_dag.py took 0.355 seconds
[2024-09-08T05:45:49.418+0000] {processor.py:157} INFO - Started process (PID=5627) to work on /opt/airflow/dags/reddit_dag.py
[2024-09-08T05:45:49.419+0000] {processor.py:829} INFO - Processing file /opt/airflow/dags/reddit_dag.py for tasks to queue
[2024-09-08T05:45:49.420+0000] {logging_mixin.py:151} INFO - [2024-09-08T05:45:49.420+0000] {dagbag.py:536} INFO - Filling up the DagBag from /opt/airflow/dags/reddit_dag.py
[2024-09-08T05:45:49.750+0000] {processor.py:839} INFO - DAG(s) dict_keys(['elt_reddit_pipeline']) retrieved from /opt/airflow/dags/reddit_dag.py
[2024-09-08T05:45:49.761+0000] {logging_mixin.py:151} INFO - [2024-09-08T05:45:49.761+0000] {dag.py:2941} INFO - Sync 1 DAGs
[2024-09-08T05:45:49.771+0000] {logging_mixin.py:151} INFO - [2024-09-08T05:45:49.771+0000] {dag.py:3722} INFO - Setting next_dagrun for elt_reddit_pipeline to 2024-09-08T00:00:00+00:00, run_after=2024-09-09T00:00:00+00:00
[2024-09-08T05:45:49.779+0000] {processor.py:179} INFO - Processing /opt/airflow/dags/reddit_dag.py took 0.363 seconds
[2024-09-08T05:46:19.878+0000] {processor.py:157} INFO - Started process (PID=5629) to work on /opt/airflow/dags/reddit_dag.py
[2024-09-08T05:46:19.880+0000] {processor.py:829} INFO - Processing file /opt/airflow/dags/reddit_dag.py for tasks to queue
[2024-09-08T05:46:19.882+0000] {logging_mixin.py:151} INFO - [2024-09-08T05:46:19.882+0000] {dagbag.py:536} INFO - Filling up the DagBag from /opt/airflow/dags/reddit_dag.py
[2024-09-08T05:46:20.194+0000] {processor.py:839} INFO - DAG(s) dict_keys(['elt_reddit_pipeline']) retrieved from /opt/airflow/dags/reddit_dag.py
[2024-09-08T05:46:20.205+0000] {logging_mixin.py:151} INFO - [2024-09-08T05:46:20.205+0000] {dag.py:2941} INFO - Sync 1 DAGs
[2024-09-08T05:46:20.215+0000] {logging_mixin.py:151} INFO - [2024-09-08T05:46:20.215+0000] {dag.py:3722} INFO - Setting next_dagrun for elt_reddit_pipeline to 2024-09-08T00:00:00+00:00, run_after=2024-09-09T00:00:00+00:00
[2024-09-08T05:46:20.223+0000] {processor.py:179} INFO - Processing /opt/airflow/dags/reddit_dag.py took 0.350 seconds
[2024-09-08T05:46:50.768+0000] {processor.py:157} INFO - Started process (PID=5631) to work on /opt/airflow/dags/reddit_dag.py
[2024-09-08T05:46:50.770+0000] {processor.py:829} INFO - Processing file /opt/airflow/dags/reddit_dag.py for tasks to queue
[2024-09-08T05:46:50.773+0000] {logging_mixin.py:151} INFO - [2024-09-08T05:46:50.772+0000] {dagbag.py:536} INFO - Filling up the DagBag from /opt/airflow/dags/reddit_dag.py
[2024-09-08T05:46:51.088+0000] {processor.py:839} INFO - DAG(s) dict_keys(['elt_reddit_pipeline']) retrieved from /opt/airflow/dags/reddit_dag.py
[2024-09-08T05:46:51.099+0000] {logging_mixin.py:151} INFO - [2024-09-08T05:46:51.098+0000] {dag.py:2941} INFO - Sync 1 DAGs
[2024-09-08T05:46:51.108+0000] {logging_mixin.py:151} INFO - [2024-09-08T05:46:51.108+0000] {dag.py:3722} INFO - Setting next_dagrun for elt_reddit_pipeline to 2024-09-08T00:00:00+00:00, run_after=2024-09-09T00:00:00+00:00
[2024-09-08T05:46:51.116+0000] {processor.py:179} INFO - Processing /opt/airflow/dags/reddit_dag.py took 0.354 seconds
[2024-09-08T05:47:21.289+0000] {processor.py:157} INFO - Started process (PID=5633) to work on /opt/airflow/dags/reddit_dag.py
[2024-09-08T05:47:21.291+0000] {processor.py:829} INFO - Processing file /opt/airflow/dags/reddit_dag.py for tasks to queue
[2024-09-08T05:47:21.294+0000] {logging_mixin.py:151} INFO - [2024-09-08T05:47:21.294+0000] {dagbag.py:536} INFO - Filling up the DagBag from /opt/airflow/dags/reddit_dag.py
[2024-09-08T05:47:21.610+0000] {processor.py:839} INFO - DAG(s) dict_keys(['elt_reddit_pipeline']) retrieved from /opt/airflow/dags/reddit_dag.py
[2024-09-08T05:47:21.622+0000] {logging_mixin.py:151} INFO - [2024-09-08T05:47:21.621+0000] {dag.py:2941} INFO - Sync 1 DAGs
[2024-09-08T05:47:21.631+0000] {logging_mixin.py:151} INFO - [2024-09-08T05:47:21.631+0000] {dag.py:3722} INFO - Setting next_dagrun for elt_reddit_pipeline to 2024-09-08T00:00:00+00:00, run_after=2024-09-09T00:00:00+00:00
[2024-09-08T05:47:21.639+0000] {processor.py:179} INFO - Processing /opt/airflow/dags/reddit_dag.py took 0.356 seconds
[2024-09-08T05:47:52.067+0000] {processor.py:157} INFO - Started process (PID=5635) to work on /opt/airflow/dags/reddit_dag.py
[2024-09-08T05:47:52.069+0000] {processor.py:829} INFO - Processing file /opt/airflow/dags/reddit_dag.py for tasks to queue
[2024-09-08T05:47:52.072+0000] {logging_mixin.py:151} INFO - [2024-09-08T05:47:52.072+0000] {dagbag.py:536} INFO - Filling up the DagBag from /opt/airflow/dags/reddit_dag.py
[2024-09-08T05:47:52.389+0000] {processor.py:839} INFO - DAG(s) dict_keys(['elt_reddit_pipeline']) retrieved from /opt/airflow/dags/reddit_dag.py
[2024-09-08T05:47:52.401+0000] {logging_mixin.py:151} INFO - [2024-09-08T05:47:52.401+0000] {dag.py:2941} INFO - Sync 1 DAGs
[2024-09-08T05:47:52.411+0000] {logging_mixin.py:151} INFO - [2024-09-08T05:47:52.411+0000] {dag.py:3722} INFO - Setting next_dagrun for elt_reddit_pipeline to 2024-09-08T00:00:00+00:00, run_after=2024-09-09T00:00:00+00:00
[2024-09-08T05:47:52.418+0000] {processor.py:179} INFO - Processing /opt/airflow/dags/reddit_dag.py took 0.357 seconds
[2024-09-08T05:48:22.631+0000] {processor.py:157} INFO - Started process (PID=5637) to work on /opt/airflow/dags/reddit_dag.py
[2024-09-08T05:48:22.632+0000] {processor.py:829} INFO - Processing file /opt/airflow/dags/reddit_dag.py for tasks to queue
[2024-09-08T05:48:22.636+0000] {logging_mixin.py:151} INFO - [2024-09-08T05:48:22.636+0000] {dagbag.py:536} INFO - Filling up the DagBag from /opt/airflow/dags/reddit_dag.py
[2024-09-08T05:48:22.951+0000] {processor.py:839} INFO - DAG(s) dict_keys(['elt_reddit_pipeline']) retrieved from /opt/airflow/dags/reddit_dag.py
[2024-09-08T05:48:22.962+0000] {logging_mixin.py:151} INFO - [2024-09-08T05:48:22.962+0000] {dag.py:2941} INFO - Sync 1 DAGs
[2024-09-08T05:48:22.971+0000] {logging_mixin.py:151} INFO - [2024-09-08T05:48:22.971+0000] {dag.py:3722} INFO - Setting next_dagrun for elt_reddit_pipeline to 2024-09-08T00:00:00+00:00, run_after=2024-09-09T00:00:00+00:00
[2024-09-08T05:48:22.979+0000] {processor.py:179} INFO - Processing /opt/airflow/dags/reddit_dag.py took 0.354 seconds
[2024-09-08T05:48:53.484+0000] {processor.py:157} INFO - Started process (PID=5639) to work on /opt/airflow/dags/reddit_dag.py
[2024-09-08T05:48:53.485+0000] {processor.py:829} INFO - Processing file /opt/airflow/dags/reddit_dag.py for tasks to queue
[2024-09-08T05:48:53.489+0000] {logging_mixin.py:151} INFO - [2024-09-08T05:48:53.489+0000] {dagbag.py:536} INFO - Filling up the DagBag from /opt/airflow/dags/reddit_dag.py
[2024-09-08T05:48:53.807+0000] {processor.py:839} INFO - DAG(s) dict_keys(['elt_reddit_pipeline']) retrieved from /opt/airflow/dags/reddit_dag.py
[2024-09-08T05:48:53.817+0000] {logging_mixin.py:151} INFO - [2024-09-08T05:48:53.817+0000] {dag.py:2941} INFO - Sync 1 DAGs
[2024-09-08T05:48:53.827+0000] {logging_mixin.py:151} INFO - [2024-09-08T05:48:53.827+0000] {dag.py:3722} INFO - Setting next_dagrun for elt_reddit_pipeline to 2024-09-08T00:00:00+00:00, run_after=2024-09-09T00:00:00+00:00
[2024-09-08T05:48:53.835+0000] {processor.py:179} INFO - Processing /opt/airflow/dags/reddit_dag.py took 0.357 seconds
[2024-09-08T05:49:24.033+0000] {processor.py:157} INFO - Started process (PID=5641) to work on /opt/airflow/dags/reddit_dag.py
[2024-09-08T05:49:24.035+0000] {processor.py:829} INFO - Processing file /opt/airflow/dags/reddit_dag.py for tasks to queue
[2024-09-08T05:49:24.038+0000] {logging_mixin.py:151} INFO - [2024-09-08T05:49:24.038+0000] {dagbag.py:536} INFO - Filling up the DagBag from /opt/airflow/dags/reddit_dag.py
[2024-09-08T05:49:24.360+0000] {processor.py:839} INFO - DAG(s) dict_keys(['elt_reddit_pipeline']) retrieved from /opt/airflow/dags/reddit_dag.py
[2024-09-08T05:49:24.370+0000] {logging_mixin.py:151} INFO - [2024-09-08T05:49:24.370+0000] {dag.py:2941} INFO - Sync 1 DAGs
[2024-09-08T05:49:24.381+0000] {logging_mixin.py:151} INFO - [2024-09-08T05:49:24.381+0000] {dag.py:3722} INFO - Setting next_dagrun for elt_reddit_pipeline to 2024-09-08T00:00:00+00:00, run_after=2024-09-09T00:00:00+00:00
[2024-09-08T05:49:24.389+0000] {processor.py:179} INFO - Processing /opt/airflow/dags/reddit_dag.py took 0.361 seconds
[2024-09-08T05:49:54.844+0000] {processor.py:157} INFO - Started process (PID=5643) to work on /opt/airflow/dags/reddit_dag.py
[2024-09-08T05:49:54.845+0000] {processor.py:829} INFO - Processing file /opt/airflow/dags/reddit_dag.py for tasks to queue
[2024-09-08T05:49:54.848+0000] {logging_mixin.py:151} INFO - [2024-09-08T05:49:54.848+0000] {dagbag.py:536} INFO - Filling up the DagBag from /opt/airflow/dags/reddit_dag.py
[2024-09-08T05:49:55.161+0000] {processor.py:839} INFO - DAG(s) dict_keys(['elt_reddit_pipeline']) retrieved from /opt/airflow/dags/reddit_dag.py
[2024-09-08T05:49:55.172+0000] {logging_mixin.py:151} INFO - [2024-09-08T05:49:55.172+0000] {dag.py:2941} INFO - Sync 1 DAGs
[2024-09-08T05:49:55.182+0000] {logging_mixin.py:151} INFO - [2024-09-08T05:49:55.182+0000] {dag.py:3722} INFO - Setting next_dagrun for elt_reddit_pipeline to 2024-09-08T00:00:00+00:00, run_after=2024-09-09T00:00:00+00:00
[2024-09-08T05:49:55.189+0000] {processor.py:179} INFO - Processing /opt/airflow/dags/reddit_dag.py took 0.351 seconds
[2024-09-08T05:50:25.389+0000] {processor.py:157} INFO - Started process (PID=5645) to work on /opt/airflow/dags/reddit_dag.py
[2024-09-08T05:50:25.391+0000] {processor.py:829} INFO - Processing file /opt/airflow/dags/reddit_dag.py for tasks to queue
[2024-09-08T05:50:25.394+0000] {logging_mixin.py:151} INFO - [2024-09-08T05:50:25.393+0000] {dagbag.py:536} INFO - Filling up the DagBag from /opt/airflow/dags/reddit_dag.py
[2024-09-08T05:50:25.711+0000] {processor.py:839} INFO - DAG(s) dict_keys(['elt_reddit_pipeline']) retrieved from /opt/airflow/dags/reddit_dag.py
[2024-09-08T05:50:25.722+0000] {logging_mixin.py:151} INFO - [2024-09-08T05:50:25.722+0000] {dag.py:2941} INFO - Sync 1 DAGs
[2024-09-08T05:50:25.732+0000] {logging_mixin.py:151} INFO - [2024-09-08T05:50:25.731+0000] {dag.py:3722} INFO - Setting next_dagrun for elt_reddit_pipeline to 2024-09-08T00:00:00+00:00, run_after=2024-09-09T00:00:00+00:00
[2024-09-08T05:50:25.739+0000] {processor.py:179} INFO - Processing /opt/airflow/dags/reddit_dag.py took 0.356 seconds
[2024-09-08T05:50:56.262+0000] {processor.py:157} INFO - Started process (PID=5647) to work on /opt/airflow/dags/reddit_dag.py
[2024-09-08T05:50:56.263+0000] {processor.py:829} INFO - Processing file /opt/airflow/dags/reddit_dag.py for tasks to queue
[2024-09-08T05:50:56.266+0000] {logging_mixin.py:151} INFO - [2024-09-08T05:50:56.266+0000] {dagbag.py:536} INFO - Filling up the DagBag from /opt/airflow/dags/reddit_dag.py
[2024-09-08T05:50:56.579+0000] {processor.py:839} INFO - DAG(s) dict_keys(['elt_reddit_pipeline']) retrieved from /opt/airflow/dags/reddit_dag.py
[2024-09-08T05:50:56.590+0000] {logging_mixin.py:151} INFO - [2024-09-08T05:50:56.590+0000] {dag.py:2941} INFO - Sync 1 DAGs
[2024-09-08T05:50:56.600+0000] {logging_mixin.py:151} INFO - [2024-09-08T05:50:56.600+0000] {dag.py:3722} INFO - Setting next_dagrun for elt_reddit_pipeline to 2024-09-08T00:00:00+00:00, run_after=2024-09-09T00:00:00+00:00
[2024-09-08T05:50:56.608+0000] {processor.py:179} INFO - Processing /opt/airflow/dags/reddit_dag.py took 0.351 seconds
[2024-09-08T05:51:26.770+0000] {processor.py:157} INFO - Started process (PID=5649) to work on /opt/airflow/dags/reddit_dag.py
[2024-09-08T05:51:26.772+0000] {processor.py:829} INFO - Processing file /opt/airflow/dags/reddit_dag.py for tasks to queue
[2024-09-08T05:51:26.775+0000] {logging_mixin.py:151} INFO - [2024-09-08T05:51:26.775+0000] {dagbag.py:536} INFO - Filling up the DagBag from /opt/airflow/dags/reddit_dag.py
[2024-09-08T05:51:27.093+0000] {processor.py:839} INFO - DAG(s) dict_keys(['elt_reddit_pipeline']) retrieved from /opt/airflow/dags/reddit_dag.py
[2024-09-08T05:51:27.104+0000] {logging_mixin.py:151} INFO - [2024-09-08T05:51:27.104+0000] {dag.py:2941} INFO - Sync 1 DAGs
[2024-09-08T05:51:27.114+0000] {logging_mixin.py:151} INFO - [2024-09-08T05:51:27.114+0000] {dag.py:3722} INFO - Setting next_dagrun for elt_reddit_pipeline to 2024-09-08T00:00:00+00:00, run_after=2024-09-09T00:00:00+00:00
[2024-09-08T05:51:27.122+0000] {processor.py:179} INFO - Processing /opt/airflow/dags/reddit_dag.py took 0.357 seconds
[2024-09-08T05:51:57.624+0000] {processor.py:157} INFO - Started process (PID=5651) to work on /opt/airflow/dags/reddit_dag.py
[2024-09-08T05:51:57.626+0000] {processor.py:829} INFO - Processing file /opt/airflow/dags/reddit_dag.py for tasks to queue
[2024-09-08T05:51:57.629+0000] {logging_mixin.py:151} INFO - [2024-09-08T05:51:57.629+0000] {dagbag.py:536} INFO - Filling up the DagBag from /opt/airflow/dags/reddit_dag.py
[2024-09-08T05:51:57.943+0000] {processor.py:839} INFO - DAG(s) dict_keys(['elt_reddit_pipeline']) retrieved from /opt/airflow/dags/reddit_dag.py
[2024-09-08T05:51:57.955+0000] {logging_mixin.py:151} INFO - [2024-09-08T05:51:57.954+0000] {dag.py:2941} INFO - Sync 1 DAGs
[2024-09-08T05:51:57.965+0000] {logging_mixin.py:151} INFO - [2024-09-08T05:51:57.964+0000] {dag.py:3722} INFO - Setting next_dagrun for elt_reddit_pipeline to 2024-09-08T00:00:00+00:00, run_after=2024-09-09T00:00:00+00:00
[2024-09-08T05:51:57.973+0000] {processor.py:179} INFO - Processing /opt/airflow/dags/reddit_dag.py took 0.353 seconds
[2024-09-08T05:52:28.135+0000] {processor.py:157} INFO - Started process (PID=5653) to work on /opt/airflow/dags/reddit_dag.py
[2024-09-08T05:52:28.136+0000] {processor.py:829} INFO - Processing file /opt/airflow/dags/reddit_dag.py for tasks to queue
[2024-09-08T05:52:28.140+0000] {logging_mixin.py:151} INFO - [2024-09-08T05:52:28.140+0000] {dagbag.py:536} INFO - Filling up the DagBag from /opt/airflow/dags/reddit_dag.py
[2024-09-08T05:52:28.457+0000] {processor.py:839} INFO - DAG(s) dict_keys(['elt_reddit_pipeline']) retrieved from /opt/airflow/dags/reddit_dag.py
[2024-09-08T05:52:28.468+0000] {logging_mixin.py:151} INFO - [2024-09-08T05:52:28.467+0000] {dag.py:2941} INFO - Sync 1 DAGs
[2024-09-08T05:52:28.478+0000] {logging_mixin.py:151} INFO - [2024-09-08T05:52:28.478+0000] {dag.py:3722} INFO - Setting next_dagrun for elt_reddit_pipeline to 2024-09-08T00:00:00+00:00, run_after=2024-09-09T00:00:00+00:00
[2024-09-08T05:52:28.486+0000] {processor.py:179} INFO - Processing /opt/airflow/dags/reddit_dag.py took 0.357 seconds
[2024-09-08T05:52:58.796+0000] {processor.py:157} INFO - Started process (PID=5655) to work on /opt/airflow/dags/reddit_dag.py
[2024-09-08T05:52:58.797+0000] {processor.py:829} INFO - Processing file /opt/airflow/dags/reddit_dag.py for tasks to queue
[2024-09-08T05:52:58.802+0000] {logging_mixin.py:151} INFO - [2024-09-08T05:52:58.802+0000] {dagbag.py:536} INFO - Filling up the DagBag from /opt/airflow/dags/reddit_dag.py
[2024-09-08T05:52:59.114+0000] {processor.py:839} INFO - DAG(s) dict_keys(['elt_reddit_pipeline']) retrieved from /opt/airflow/dags/reddit_dag.py
[2024-09-08T05:52:59.125+0000] {logging_mixin.py:151} INFO - [2024-09-08T05:52:59.125+0000] {dag.py:2941} INFO - Sync 1 DAGs
[2024-09-08T05:52:59.135+0000] {logging_mixin.py:151} INFO - [2024-09-08T05:52:59.135+0000] {dag.py:3722} INFO - Setting next_dagrun for elt_reddit_pipeline to 2024-09-08T00:00:00+00:00, run_after=2024-09-09T00:00:00+00:00
[2024-09-08T05:52:59.143+0000] {processor.py:179} INFO - Processing /opt/airflow/dags/reddit_dag.py took 0.352 seconds
[2024-09-08T05:53:29.503+0000] {processor.py:157} INFO - Started process (PID=5657) to work on /opt/airflow/dags/reddit_dag.py
[2024-09-08T05:53:29.505+0000] {processor.py:829} INFO - Processing file /opt/airflow/dags/reddit_dag.py for tasks to queue
[2024-09-08T05:53:29.509+0000] {logging_mixin.py:151} INFO - [2024-09-08T05:53:29.509+0000] {dagbag.py:536} INFO - Filling up the DagBag from /opt/airflow/dags/reddit_dag.py
[2024-09-08T05:53:29.821+0000] {processor.py:839} INFO - DAG(s) dict_keys(['elt_reddit_pipeline']) retrieved from /opt/airflow/dags/reddit_dag.py
[2024-09-08T05:53:29.832+0000] {logging_mixin.py:151} INFO - [2024-09-08T05:53:29.832+0000] {dag.py:2941} INFO - Sync 1 DAGs
[2024-09-08T05:53:29.842+0000] {logging_mixin.py:151} INFO - [2024-09-08T05:53:29.842+0000] {dag.py:3722} INFO - Setting next_dagrun for elt_reddit_pipeline to 2024-09-08T00:00:00+00:00, run_after=2024-09-09T00:00:00+00:00
[2024-09-08T05:53:29.850+0000] {processor.py:179} INFO - Processing /opt/airflow/dags/reddit_dag.py took 0.352 seconds
[2024-09-08T05:54:00.102+0000] {processor.py:157} INFO - Started process (PID=5659) to work on /opt/airflow/dags/reddit_dag.py
[2024-09-08T05:54:00.103+0000] {processor.py:829} INFO - Processing file /opt/airflow/dags/reddit_dag.py for tasks to queue
[2024-09-08T05:54:00.106+0000] {logging_mixin.py:151} INFO - [2024-09-08T05:54:00.106+0000] {dagbag.py:536} INFO - Filling up the DagBag from /opt/airflow/dags/reddit_dag.py
[2024-09-08T05:54:00.419+0000] {processor.py:839} INFO - DAG(s) dict_keys(['elt_reddit_pipeline']) retrieved from /opt/airflow/dags/reddit_dag.py
[2024-09-08T05:54:00.430+0000] {logging_mixin.py:151} INFO - [2024-09-08T05:54:00.430+0000] {dag.py:2941} INFO - Sync 1 DAGs
[2024-09-08T05:54:00.440+0000] {logging_mixin.py:151} INFO - [2024-09-08T05:54:00.440+0000] {dag.py:3722} INFO - Setting next_dagrun for elt_reddit_pipeline to 2024-09-08T00:00:00+00:00, run_after=2024-09-09T00:00:00+00:00
[2024-09-08T05:54:00.449+0000] {processor.py:179} INFO - Processing /opt/airflow/dags/reddit_dag.py took 0.353 seconds
[2024-09-08T05:54:30.789+0000] {processor.py:157} INFO - Started process (PID=5661) to work on /opt/airflow/dags/reddit_dag.py
[2024-09-08T05:54:30.791+0000] {processor.py:829} INFO - Processing file /opt/airflow/dags/reddit_dag.py for tasks to queue
[2024-09-08T05:54:30.794+0000] {logging_mixin.py:151} INFO - [2024-09-08T05:54:30.793+0000] {dagbag.py:536} INFO - Filling up the DagBag from /opt/airflow/dags/reddit_dag.py
[2024-09-08T05:54:31.107+0000] {processor.py:839} INFO - DAG(s) dict_keys(['elt_reddit_pipeline']) retrieved from /opt/airflow/dags/reddit_dag.py
[2024-09-08T05:54:31.118+0000] {logging_mixin.py:151} INFO - [2024-09-08T05:54:31.118+0000] {dag.py:2941} INFO - Sync 1 DAGs
[2024-09-08T05:54:31.128+0000] {logging_mixin.py:151} INFO - [2024-09-08T05:54:31.128+0000] {dag.py:3722} INFO - Setting next_dagrun for elt_reddit_pipeline to 2024-09-08T00:00:00+00:00, run_after=2024-09-09T00:00:00+00:00
[2024-09-08T05:54:31.136+0000] {processor.py:179} INFO - Processing /opt/airflow/dags/reddit_dag.py took 0.352 seconds
[2024-09-08T05:55:01.344+0000] {processor.py:157} INFO - Started process (PID=5663) to work on /opt/airflow/dags/reddit_dag.py
[2024-09-08T05:55:01.345+0000] {processor.py:829} INFO - Processing file /opt/airflow/dags/reddit_dag.py for tasks to queue
[2024-09-08T05:55:01.349+0000] {logging_mixin.py:151} INFO - [2024-09-08T05:55:01.349+0000] {dagbag.py:536} INFO - Filling up the DagBag from /opt/airflow/dags/reddit_dag.py
[2024-09-08T05:55:01.662+0000] {processor.py:839} INFO - DAG(s) dict_keys(['elt_reddit_pipeline']) retrieved from /opt/airflow/dags/reddit_dag.py
[2024-09-08T05:55:01.674+0000] {logging_mixin.py:151} INFO - [2024-09-08T05:55:01.674+0000] {dag.py:2941} INFO - Sync 1 DAGs
[2024-09-08T05:55:01.684+0000] {logging_mixin.py:151} INFO - [2024-09-08T05:55:01.684+0000] {dag.py:3722} INFO - Setting next_dagrun for elt_reddit_pipeline to 2024-09-08T00:00:00+00:00, run_after=2024-09-09T00:00:00+00:00
[2024-09-08T05:55:01.692+0000] {processor.py:179} INFO - Processing /opt/airflow/dags/reddit_dag.py took 0.355 seconds
[2024-09-08T05:55:32.201+0000] {processor.py:157} INFO - Started process (PID=5665) to work on /opt/airflow/dags/reddit_dag.py
[2024-09-08T05:55:32.203+0000] {processor.py:829} INFO - Processing file /opt/airflow/dags/reddit_dag.py for tasks to queue
[2024-09-08T05:55:32.207+0000] {logging_mixin.py:151} INFO - [2024-09-08T05:55:32.206+0000] {dagbag.py:536} INFO - Filling up the DagBag from /opt/airflow/dags/reddit_dag.py
[2024-09-08T05:55:32.518+0000] {processor.py:839} INFO - DAG(s) dict_keys(['elt_reddit_pipeline']) retrieved from /opt/airflow/dags/reddit_dag.py
[2024-09-08T05:55:32.529+0000] {logging_mixin.py:151} INFO - [2024-09-08T05:55:32.529+0000] {dag.py:2941} INFO - Sync 1 DAGs
[2024-09-08T05:55:32.540+0000] {logging_mixin.py:151} INFO - [2024-09-08T05:55:32.539+0000] {dag.py:3722} INFO - Setting next_dagrun for elt_reddit_pipeline to 2024-09-08T00:00:00+00:00, run_after=2024-09-09T00:00:00+00:00
[2024-09-08T05:55:32.547+0000] {processor.py:179} INFO - Processing /opt/airflow/dags/reddit_dag.py took 0.351 seconds
[2024-09-08T05:56:02.709+0000] {processor.py:157} INFO - Started process (PID=5667) to work on /opt/airflow/dags/reddit_dag.py
[2024-09-08T05:56:02.711+0000] {processor.py:829} INFO - Processing file /opt/airflow/dags/reddit_dag.py for tasks to queue
[2024-09-08T05:56:02.715+0000] {logging_mixin.py:151} INFO - [2024-09-08T05:56:02.715+0000] {dagbag.py:536} INFO - Filling up the DagBag from /opt/airflow/dags/reddit_dag.py
[2024-09-08T05:56:03.024+0000] {processor.py:839} INFO - DAG(s) dict_keys(['elt_reddit_pipeline']) retrieved from /opt/airflow/dags/reddit_dag.py
[2024-09-08T05:56:03.036+0000] {logging_mixin.py:151} INFO - [2024-09-08T05:56:03.035+0000] {dag.py:2941} INFO - Sync 1 DAGs
[2024-09-08T05:56:03.045+0000] {logging_mixin.py:151} INFO - [2024-09-08T05:56:03.045+0000] {dag.py:3722} INFO - Setting next_dagrun for elt_reddit_pipeline to 2024-09-08T00:00:00+00:00, run_after=2024-09-09T00:00:00+00:00
[2024-09-08T05:56:03.053+0000] {processor.py:179} INFO - Processing /opt/airflow/dags/reddit_dag.py took 0.350 seconds
[2024-09-08T05:56:33.188+0000] {processor.py:157} INFO - Started process (PID=5669) to work on /opt/airflow/dags/reddit_dag.py
[2024-09-08T05:56:33.190+0000] {processor.py:829} INFO - Processing file /opt/airflow/dags/reddit_dag.py for tasks to queue
[2024-09-08T05:56:33.197+0000] {logging_mixin.py:151} INFO - [2024-09-08T05:56:33.197+0000] {dagbag.py:536} INFO - Filling up the DagBag from /opt/airflow/dags/reddit_dag.py
[2024-09-08T05:56:33.733+0000] {processor.py:839} INFO - DAG(s) dict_keys(['elt_reddit_pipeline']) retrieved from /opt/airflow/dags/reddit_dag.py
[2024-09-08T05:56:33.761+0000] {logging_mixin.py:151} INFO - [2024-09-08T05:56:33.761+0000] {dag.py:2941} INFO - Sync 1 DAGs
[2024-09-08T05:56:33.775+0000] {logging_mixin.py:151} INFO - [2024-09-08T05:56:33.775+0000] {dag.py:3722} INFO - Setting next_dagrun for elt_reddit_pipeline to 2024-09-08T00:00:00+00:00, run_after=2024-09-09T00:00:00+00:00
[2024-09-08T05:56:33.788+0000] {processor.py:179} INFO - Processing /opt/airflow/dags/reddit_dag.py took 0.609 seconds
